INFO         | Android emulator version 37.2.12.0 (build_id 16428233) (CL:N/A)
INFO         | Graphics backend: gfxstream
INFO         | Found systemPath /Users/yoonhb/Library/Android/sdk/system-images/android-37.0/google_apis/arm64-v8a/
INFO         | Saving last run QEMU version for the AVD to 2
INFO         | Guest usage of host flag 'VulkanVirtualQueue' will be ignored.
INFO         | Guest GLES Driver: Auto (ext controls)
INFO         | emuglConfig_init: vulkan_mode_selected:lavapipe gles_mode_selected:swangle
INFO         | Checking system compatibility:
INFO         |   Checking: hasSufficientDiskSpace
INFO         |      Ok: Disk space requirements to run avd: `spinon_api37_0_compat` are met
INFO         |   Checking: hasSufficientHwGpu
INFO         |      Ok: Hardware GPU compatibility checks are not required
INFO         |   Checking: hasSufficientSystem
INFO         |      Ok: System requirements to run avd: `spinon_api37_0_compat` are met
WARNING      | hvf is not enabled on this aarch64 host.
INFO         | Storing crashdata in: /tmp/android-yoonhb/emu-crash-37.2.12.db, detection is enabled for process: 3245
INFO         | No consent for crashreport 12cd6803-0800-467c-a440-aef2f5614756, deleting.
INFO         | Initializing gfxstream backend
INFO         | startOpenglesRendererImpl: gpu info
INFO         |
INFO         | Graphics Adapter Vendor Google (Google Inc. (Google))
INFO         | Graphics Adapter Android Emulator OpenGL ES Translator (ANGLE (Google, Vulkan 1.3.0 (SwiftShader Device (LLVM 10.0.0) (0x0000C0DE)), SwiftShader driver-5.0.0))
INFO         | Graphics API Version OpenGL ES 3.0 (OpenGL ES 3.1.0 (ANGLE 2.1.1 git hash: fbf66f49c7cc))
INFO         | Graphics API Extensions GL_OES_EGL_sync GL_OES_EGL_image GL_OES_EGL_image_external GL_OES_depth24 GL_OES_depth32 GL_OES_element_index_uint GL_OES_texture_float GL_OES_texture_float_linear GL_OES_compressed_paletted_texture GL_OES_compressed_ETC1_RGB8_texture GL_OES_depth_texture GL_OES_texture_half_float GL_OES_texture_half_float_linear GL_OES_packed_depth_stencil GL_OES_vertex_half_float GL_OES_standard_derivatives GL_OES_texture_npot GL_OES_rgb8_rgba8 GL_OVR_multiview2 GL_EXT_color_buffer_float GL_EXT_color_buffer_half_float GL_EXT_texture_format_BGRA8888 GL_APPLE_texture_format_BGRA8888 GL_EXT_draw_buffers_indexed GL_EXT_clip_cull_distance
INFO         | Graphics Device Extensions N/A
INFO         | Sending adb public key [QAAAAMd+WngJHeMWOPiXWaV7/K44/+5WdRhno6LNEFgKbJLSCQDbU9OK9hm2ZJ089mavkhZ3fYzsts4Vhhsq6tF4ErXvVHriHpvNjqtINEK6WJHVLW8Dnb5PyIMczfpsfpH1xsIyjHAYi5XSSLfT7bWNiD7ehYsoN80gpE1tyYWgJ1C8POn4pYqfAQhCytJfN3gELKdQSVXNZmf/u2mLjFYTQNG97Y0fWwE+yQbHm6c/WsU/Ee6Rxn0s8cZ13sF6deb0OCRgOVdDnUzq9dP3t3ReqzqxxZasnxlEFLyBVjJs7HrEOthXws81Fh1aPZcYkYwGwiwRweC7vibj1CdJ+azXlzyLJkKci8F1hQ1U0bGwJz+6bpaN84T4mg7jdm+46nT3ZIuFelJYknIp5U3HIF++l1p8c3T08Ys2iQs/r69pmYmkaeGkUBm61f0YDonNBEEdDxfMkED9JzHy96H9qfxiSYzDXcwFztFtxmOg1ogwvfMAfdxCTgzGe0tkYF/Y4HZLAEw6W7sWQ1RT6YmmQwvTs7nbJ8FO2CPJhyGcJ2VyLrA5JbX8r2gMFb8MFcNTcKlqEPHij22CdypP4sxL/COtuTphEEnrYJh31e1YN6tNo01afTqEG3Nf4VaFrVW/LPhJjMgAgdzc6voWvHmo9gYkiLUt2BeKLjfTP3uT19ELyAM1szM1UgEAAQA= yoonhb@unknown]
INFO         | Userspace boot properties:
INFO         |   androidboot.boot_devices=a003600.virtio_mmio
INFO         |   androidboot.dalvik.vm.heapsize=384m
INFO         |   androidboot.debug.hwui.renderer=skiagl
INFO         |   androidboot.debug.sf.nobootanimation=1
INFO         |   androidboot.hardware=ranchu
INFO         |   androidboot.hardware.gltransport=pipe
INFO         |   androidboot.logcat=*:V
INFO         |   androidboot.opengles.version=196609
INFO         |   androidboot.qemu=1
INFO         |   androidboot.qemu.adb.pubkey=QAAAAMd+WngJHeMWOPiXWaV7/K44/+5WdRhno6LNEFgKbJLSCQDbU9OK9hm2ZJ089mavkhZ3fYzsts4Vhhsq6tF4ErXvVHriHpvNjqtINEK6WJHVLW8Dnb5PyIMczfpsfpH1xsIyjHAYi5XSSLfT7bWNiD7ehYsoN80gpE1tyYWgJ1C8POn4pYqfAQhCytJfN3gELKdQSVXNZmf/u2mLjFYTQNG97Y0fWwE+yQbHm6c/WsU/Ee6Rxn0s8cZ13sF6deb0OCRgOVdDnUzq9dP3t3ReqzqxxZasnxlEFLyBVjJs7HrEOthXws81Fh1aPZcYkYwGwiwRweC7vibj1CdJ+azXlzyLJkKci8F1hQ1U0bGwJz+6bpaN84T4mg7jdm+46nT3ZIuFelJYknIp5U3HIF++l1p8c3T08Ys2iQs/r69pmYmkaeGkUBm61f0YDonNBEEdDxfMkED9JzHy96H9qfxiSYzDXcwFztFtxmOg1ogwvfMAfdxCTgzGe0tkYF/Y4HZLAEw6W7sWQ1RT6YmmQwvTs7nbJ8FO2CPJhyGcJ2VyLrA5JbX8r2gMFb8MFcNTcKlqEPHij22CdypP4sxL/COtuTphEEnrYJh31e1YN6tNo01afTqEG3Nf4VaFrVW/LPhJjMgAgdzc6voWvHmo9gYkiLUt2BeKLjfTP3uT19ELyAM1szM1UgEAAQA= yoonhb@unknown
INFO         |   androidboot.qemu.avd_name=spinon_api37_0_compat
INFO         |   androidboot.qemu.camera_hq_edge_processing=0
INFO         |   androidboot.qemu.cpuvulkan.version=4202496
INFO         |   androidboot.qemu.gltransport.drawFlushInterval=800
INFO         |   androidboot.qemu.gltransport.name=pipe
INFO         |   androidboot.qemu.hwcodec.avcdec=2
INFO         |   androidboot.qemu.hwcodec.hevcdec=2
INFO         |   androidboot.qemu.hwcodec.vpxdec=2
INFO         |   androidboot.qemu.settings.system.screen_off_timeout=2147483647
INFO         |   androidboot.qemu.skin=1080x2400
INFO         |   androidboot.qemu.virtiowifi=1
INFO         |   androidboot.qemu.vsync=60
INFO         |   androidboot.serialno=EMULATOR37X2X12X0
INFO         |   androidboot.vbmeta.digest=8973e1ab56e853ac0ed1f6afcb66b4b9600630ed3625c614f1ad9a2a4c3d2ccd
INFO         |   androidboot.vbmeta.hash_alg=sha256
INFO         |   androidboot.vbmeta.size=6784
INFO         | Activated packet streamer for uwb emulation
INFO         | Activated packet streamer for bluetooth emulation
qemu-system-aarch64-headless: qemu_mprotect__osdep: mprotect failed: Permission denied
qemu-system-aarch64-headless: qemu_mprotect__osdep: mprotect failed: Permission denied
qemu-system-aarch64-headless: qemu_mprotect__osdep: mprotect failed: Permission denied
qemu-system-aarch64-headless: qemu_mprotect__osdep: mprotect failed: Permission denied
qemu-system-aarch64-headless: qemu_mprotect__osdep: mprotect failed: Permission denied
qemu-system-aarch64-headless: qemu_mprotect__osdep: mprotect failed: Permission denied
qemu-system-aarch64-headless: qemu_mprotect__osdep: mprotect failed: Permission denied
qemu-system-aarch64-headless: qemu_mprotect__osdep: mprotect failed: Permission denied
qemu-system-aarch64-headless: qemu_mprotect__osdep: mprotect failed: Permission denied
qemu-system-aarch64-headless: qemu_mprotect__osdep: mprotect failed: Permission denied
qemu-system-aarch64-headless: qemu_mprotect__osdep: mprotect failed: Permission denied
qemu-system-aarch64-headless: qemu_mprotect__osdep: mprotect failed: Permission denied
qemu-system-aarch64-headless: qemu_mprotect__osdep: mprotect failed: Permission denied
qemu-system-aarch64-headless: qemu_mprotect__osdep: mprotect failed: Permission denied
qemu-system-aarch64-headless: qemu_mprotect__osdep: mprotect failed: Permission denied
qemu-system-aarch64-headless: qemu_mprotect__osdep: mprotect failed: Permission denied
qemu-system-aarch64-headless: qemu_mprotect__osdep: mprotect failed: Permission denied
qemu-system-aarch64-headless: qemu_mprotect__osdep: mprotect failed: Permission denied
qemu-system-aarch64-headless: qemu_mprotect__osdep: mprotect failed: Permission denied
qemu-system-aarch64-headless: qemu_mprotect__osdep: mprotect failed: Permission denied
qemu-system-aarch64-headless: qemu_mprotect__osdep: mprotect failed: Permission denied
qemu-system-aarch64-headless: qemu_mprotect__osdep: mprotect failed: Permission denied
qemu-system-aarch64-headless: qemu_mprotect__osdep: mprotect failed: Permission denied
qemu-system-aarch64-headless: qemu_mprotect__osdep: mprotect failed: Permission denied
qemu-system-aarch64-headless: qemu_mprotect__osdep: mprotect failed: Permission denied
qemu-system-aarch64-headless: qemu_mprotect__osdep: mprotect failed: Permission denied
qemu-system-aarch64-headless: qemu_mprotect__osdep: mprotect failed: Permission denied
qemu-system-aarch64-headless: qemu_mprotect__osdep: mprotect failed: Permission denied
qemu-system-aarch64-headless: qemu_mprotect__osdep: mprotect failed: Permission denied
qemu-system-aarch64-headless: qemu_mprotect__osdep: mprotect failed: Permission denied
qemu-system-aarch64-headless: qemu_mprotect__osdep: mprotect failed: Permission denied
qemu-system-aarch64-headless: qemu_mprotect__osdep: mprotect failed: Permission denied
INFO         | Monitoring duration of emulator setup.
INFO         | Successfully initialized netsim WiFi
INFO         | Setting display: 0 configuration to: 1080x2400, dpi: 420x420
INFO         | setDisplayActiveConfig: id:0, 1080x2400
INFO         | emulatorSetupEnvironment: Environment scene is not required
USER_INFO    | Emulator is performing a full startup. This may take upto two minutes, or more.
[    0.000000][    T0] Booting Linux on physical CPU 0x0000000000 [0x410fd034]
[    0.000000][    T0] Linux version 6.12.58-android16-6-gccafb60de224-ab14828483-4k (kleaf@build-host) (Android (14043575, +pgo, +bolt, +lto, +mlgo, based on r536225) clang version 19.0.1 (https://android.googlesource.com/toolchain/llvm-project b3a530ec6537146650e42be89f1089e9a3588460), LLD 19.0.1) #1 SMP PREEMPT Tue Feb  3 03:46:47 UTC 2026
[    0.000000][    T0] KASLR disabled due to lack of seed
[    0.000000][    T0] Machine model: linux,ranchu
[    0.000000][    T0] KVM is not available. Ignoring kvm-arm.mode
[    0.000000][    T0] printk: debug: skip boot console de-registration.
[    0.000000][    T0] Enabling dynamic shadow call stack
[    0.000000][    T0] efi: UEFI not found.
[    0.000000][    T0] OF: reserved mem: Reserved memory: No reserved-memory node in the DT
[    0.000000][    T0] Zone ranges:
[    0.000000][    T0]   DMA32    [mem 0x0000000040000000-0x000000009fffffff]
[    0.000000][    T0]   Normal   empty
[    0.000000][    T0] Movable zone start for each node
[    0.000000][    T0] Early memory node ranges
[    0.000000][    T0]   node   0: [mem 0x0000000040000000-0x000000009fffffff]
[    0.000000][    T0] Initmem setup node 0 [mem 0x0000000040000000-0x000000009fffffff]
[    0.000000][    T0] cma: Reserved 296 MiB at 0x000000008bc00000 on node -1
[    0.000000][    T0] psci: probing for conduit method from DT.
[    0.000000][    T0] psci: PSCIv0.2 detected in firmware.
[    0.000000][    T0] psci: Using standard PSCI v0.2 function IDs
[    0.000000][    T0] psci: Trusted OS migration not required
[    0.000000][    T0] Load bootconfig: 1777 bytes 66 nodes
[    0.000000][    T0] percpu: Embedded 81 pages/cpu s169112 r131072 d31592 u331776
[    0.000000][    T0] Detected VIPT I-cache on CPU0
[    0.000000][    T0] CPU features: detected: ARM erratum 843419
[    0.000000][    T0] CPU features: detected: ARM erratum 845719
[    0.000000][    T0] alternatives: applying boot alternatives
[    0.000000][    T0] Kernel command line: console=ttynull stack_depot_disable=on cgroup_disable=pressure kasan.stacktrace=off kvm-arm.mode=protected bootconfig 8250.nr_uarts=1 no_timer_check console=ttyAMA0,38400 keep_bootcon earlyprintk=ttyAMA0 cma=296M@0-4G ndns=2 mac80211_hwsim.radios=1 loop.max_part=7 printk.devkmsg=on bootconfig ndns=2 mac80211_hwsim.mac_prefix=5582
[    0.000000][    T0] cgroup: Disabling pressure control group feature
[    0.000000][    T0] Unknown kernel command line parameters "no_timer_check earlyprintk=ttyAMA0 ndns=2", will be passed to user space.
[    0.000000][    T0] printk: log buffer data + meta data: 131072 + 458752 = 589824 bytes
[    0.000000][    T0] Dentry cache hash table entries: 262144 (order: 9, 2097152 bytes, linear)
[    0.000000][    T0] Inode-cache hash table entries: 131072 (order: 8, 1048576 bytes, linear)
[    0.000000][    T0] Built 1 zonelists, mobility grouping on.  Total pages: 393216
[    0.000000][    T0] mem auto-init: stack:all(zero), heap alloc:on, heap free:off
[    0.000000][    T0] stackdepot: disabled
[    0.000000][    T0] software IO TLB: SWIOTLB bounce buffer size adjusted to 1MB
[    0.000000][    T0] software IO TLB: area num 4.
[    0.000000][    T0] software IO TLB: SWIOTLB bounce buffer size roundup to 2MB
[    0.000000][    T0] software IO TLB: mapped [mem 0x000000008b5bc000-0x000000008b7bc000] (2MB)
[    0.000000][    T0] SLUB: HWalign=64, Order=0-3, MinObjects=0, CPUs=4, Nodes=1
[    0.000000][    T0] rcu: Preemptible hierarchical RCU implementation.
[    0.000000][    T0] rcu: 	RCU event tracing is enabled.
[    0.000000][    T0] rcu: 	RCU restricting CPUs from NR_CPUS=32 to nr_cpu_ids=4.
[    0.000000][    T0] rcu: 	RCU priority boosting: priority 1 delay 500 ms.
[    0.000000][    T0] 	Trampoline variant of Tasks RCU enabled.
[    0.000000][    T0] 	Tracing variant of Tasks RCU enabled.
[    0.000000][    T0] rcu: RCU calculated value of scheduler-enlistment delay is 25 jiffies.
[    0.000000][    T0] rcu: Adjusting geometry for rcu_fanout_leaf=16, nr_cpu_ids=4
[    0.000000][    T0] RCU Tasks: Setting shift to 2 and lim to 1 rcu_task_cb_adjust=1 rcu_task_cpu_ids=4.
[    0.000000][    T0] RCU Tasks Trace: Setting shift to 2 and lim to 1 rcu_task_cb_adjust=1 rcu_task_cpu_ids=4.
[    0.000000][    T0] NR_IRQS: 64, nr_irqs: 64, preallocated irqs: 0
[    0.000000][    T0] Root IRQ handler: gic_handle_irq
[    0.000000][    T0] GICv2m: range[mem 0x08020000-0x08020fff], SPI[96:159]
[    0.000000][    T0] rcu: 	Offload RCU callbacks from CPUs: 0-3.
[    0.000000][    T0] rcu: srcu_init: Setting srcu_struct sizes based on contention.
[    0.000000][    T0] arch_timer: cp15 timer(s) running at 62.50MHz (virt).
[    0.000000][    T0] clocksource: arch_sys_counter: mask: 0x1ffffffffffffff max_cycles: 0x1cd42e208c, max_idle_ns: 881590405314 ns
[    0.000021][    T0] sched_clock: 57 bits at 63MHz, resolution 16ns, wraps every 4398046511096ns
[    0.000926][    T0] kfence: initialized - using 524288 bytes for 63 objects at 0x(____ptrval____)-0x(____ptrval____)
[    0.022441][    T0] Calibrating delay loop (skipped), value calculated using timer frequency.. 125.00 BogoMIPS (lpj=250000)
[    0.022539][    T0] pid_max: default: 32768 minimum: 301
[    0.031010][    T0] LSM: initializing lsm=capability,landlock,safesetid,selinux,bpf
[    0.039482][    T0] landlock: Up and running.
[    0.039584][    T0] SELinux:  Initializing.
[    0.085469][    T0] LSM support for eBPF active
[    0.088174][    T0] Mount-cache hash table entries: 4096 (order: 3, 32768 bytes, linear)
[    0.088251][    T0] Mountpoint-cache hash table entries: 4096 (order: 3, 32768 bytes, linear)
[    0.104485][    T1] cacheinfo: Unable to detect cache hierarchy for CPU 0
[    0.114992][    T1] rcu: Hierarchical SRCU implementation.
[    0.115029][    T1] rcu: 	Max phase no-delay instances is 1000.
[    0.118953][    T1] Timer migration: 1 hierarchy levels; 8 children per group; 1 crossnode level
[    0.120754][    T1] dyndbg: Ignore empty _ddebug table in a CONFIG_DYNAMIC_DEBUG_CORE build
[    0.121166][    T1] EFI services will not be available.
[    0.122746][    T1] smp: Bringing up secondary CPUs ...
[    0.126472][    T0] Detected VIPT I-cache on CPU1
[    0.129411][    T0] CPU1: Booted secondary processor 0x0000000001 [0x410fd034]
[    0.134683][    T0] Detected VIPT I-cache on CPU2
[    0.134925][    T0] CPU2: Booted secondary processor 0x0000000002 [0x410fd034]
[    0.137121][    T0] Detected VIPT I-cache on CPU3
[    0.137300][    T0] CPU3: Booted secondary processor 0x0000000003 [0x410fd034]
[    0.137702][    T1] smp: Brought up 1 node, 4 CPUs
[    0.137739][    T1] SMP: Total of 4 processors activated.
[    0.137789][    T1] CPU: All CPU(s) started at EL1
[    0.137909][    T1] CPU features: detected: 32-bit EL0 Support
[    0.137920][    T1] CPU features: detected: 32-bit EL1 Support
[    0.137937][    T1] CPU features: detected: CRC32 instructions
[    0.147806][    T1] alternatives: applying system-wide alternatives
[    0.152353][    T1] CPU features: emulated: Privileged Access Never (PAN) using TTBR0_EL1 switching
[    0.160662][    T1] Memory: 1187604K/1572864K available (19008K kernel code, 2314K rwdata, 14160K rodata, 4608K init, 656K bss, 77780K reserved, 303104K cma-reserved)
[    0.183845][    T1] clocksource: jiffies: mask: 0xffffffff max_cycles: 0xffffffff, max_idle_ns: 7645041785100000 ns
[    0.184158][    T1] futex hash table entries: 1024 (order: 4, 65536 bytes, linear)
[    0.191026][    T1] 22512 pages in range for non-PLT usage
[    0.191065][    T1] 514032 pages in range for PLT usage
[    0.194828][    T1] pinctrl core: initialized pinctrl subsystem
[    0.227849][    T1] NET: Registered PF_NETLINK/PF_ROUTE protocol family
[    0.234428][    T1] DMA: preallocated 256 KiB GFP_KERNEL pool for atomic allocations
[    0.235147][    T1] DMA: preallocated 256 KiB GFP_KERNEL|GFP_DMA32 pool for atomic allocations
[    0.235885][    T1] audit: initializing netlink subsys (disabled)
[    0.237776][   T50] audit: type=2000 audit(0.144:1): state=initialized audit_enabled=0 res=1
[    0.240443][    T1] thermal_sys: Registered thermal governor 'bang_bang'
[    0.240474][    T1] thermal_sys: Registered thermal governor 'step_wise'
[    0.240487][    T1] thermal_sys: Registered thermal governor 'user_space'
[    0.240493][    T1] thermal_sys: Registered thermal governor 'power_allocator'
[    0.240723][    T1] cpuidle: using governor menu
[    0.241786][    T1] hw-breakpoint: found 6 breakpoint and 4 watchpoint registers.
[    0.242717][    T1] ASID allocator initialised with 65536 entries
[    0.244348][    T1] Serial: AMBA PL011 UART driver
[    0.265948][    T1] 9000000.pl011: ttyAMA0 at MMIO 0x9000000 (irq = 13, base_baud = 0) is a PL011 rev1
[    0.266585][    T1] printk: legacy console [ttyAMA0] enabled
[    0.308377][    T1] iommu: Default domain type: Translated
[    0.308604][    T1] iommu: DMA domain TLB invalidation policy: strict mode
[    0.314880][    T1] SCSI subsystem initialized
[    0.316770][    T1] usbcore: registered new interface driver usbfs
[    0.317196][    T1] usbcore: registered new interface driver hub
[    0.317660][    T1] usbcore: registered new device driver usb
[    0.319497][    T1] mc: Linux media interface: v0.10
[    0.320002][    T1] videodev: Linux video capture interface: v2.00
[    0.321050][    T1] EDAC MC: Ver: 3.0.0
[    0.324690][    T1] scmi_core: SCMI protocol bus registered
[    0.327876][    T1] Advanced Linux Sound Architecture Driver Initialized.
[    0.338059][    T1] clocksource: Switched to clocksource arch_sys_counter
[    0.353283][    T1] VFS: Disk quotas dquot_6.6.0
[    0.353737][    T1] VFS: Dquot-cache hash table entries: 512 (order 0, 4096 bytes)
[    0.367609][    T1] NET: Registered PF_INET protocol family
[    0.368915][    T1] IP idents hash table entries: 32768 (order: 6, 262144 bytes, linear)
[    0.423532][    T1] tcp_listen_portaddr_hash hash table entries: 1024 (order: 2, 16384 bytes, linear)
[    0.423881][    T1] Table-perturb hash table entries: 65536 (order: 6, 262144 bytes, linear)
[    0.424285][    T1] TCP established hash table entries: 16384 (order: 5, 131072 bytes, linear)
[    0.425191][    T1] TCP bind hash table entries: 16384 (order: 7, 524288 bytes, linear)
[    0.426677][    T1] TCP: Hash tables configured (established 16384 bind 16384)
[    0.427230][    T1] UDP hash table entries: 1024 (order: 3, 32768 bytes, linear)
[    0.427511][    T1] UDP-Lite hash table entries: 1024 (order: 3, 32768 bytes, linear)
[    0.428493][    T1] NET: Registered PF_UNIX/PF_LOCAL protocol family
[    0.428813][    T1] NET: Registered PF_XDP protocol family
[    0.428986][    T1] PCI: CLS 0 bytes, default 64
[    0.433561][    T1] kvm [1]: HYP mode not available
[    0.439341][   T12] Trying to unpack rootfs image as initramfs...
[    0.488172][   T12] Freeing initrd memory: 1796K
[    0.528058][    T1] Initialise system trusted keyrings
[    0.530325][    T1] workingset: timestamp_bits=46 max_order=19 bucket_order=0
[    0.537712][    T1] fuse: init (API version 7.41)
[    0.573564][    T1] Key type asymmetric registered
[    0.573799][    T1] Asymmetric key parser 'x509' registered
[    0.574262][    T1] Block layer SCSI generic (bsg) driver version 0.4 loaded (major 241)
[    0.574652][    T1] io scheduler mq-deadline registered
[    0.574783][    T1] io scheduler kyber registered
[    0.575107][    T1] io scheduler bfq registered
[    0.580411][    T1] pl061_gpio 9030000.pl061: PL061 GPIO chip registered
[    0.581516][    T1] pci-host-generic 3f000000.pcie: host bridge /pcie@10000000 ranges:
[    0.581972][    T1] pci-host-generic 3f000000.pcie:       IO 0x003eff0000..0x003effffff -> 0x0000000000
[    0.582372][    T1] pci-host-generic 3f000000.pcie:      MEM 0x0010000000..0x003efeffff -> 0x0010000000
[    0.582584][    T1] pci-host-generic 3f000000.pcie:      MEM 0x0800000000..0x0fffffffff -> 0x0800000000
[    0.583032][    T1] pci-host-generic 3f000000.pcie: Memory resource size exceeds max for 32 bits
[    0.583409][    T1] pci-host-generic 3f000000.pcie: ECAM at [mem 0x3f000000-0x3fffffff] for [bus 00-0f]
[    0.584211][    T1] pci-host-generic 3f000000.pcie: PCI host bridge to bus 0000:00
[    0.584479][    T1] pci_bus 0000:00: root bus resource [bus 00-0f]
[    0.584637][    T1] pci_bus 0000:00: root bus resource [io  0x0000-0xffff]
[    0.584805][    T1] pci_bus 0000:00: root bus resource [mem 0x10000000-0x3efeffff]
[    0.584981][    T1] pci_bus 0000:00: root bus resource [mem 0x800000000-0xfffffffff]
[    0.585595][    T1] pci 0000:00:00.0: [1b36:0008] type 00 class 0x060000 conventional PCI endpoint
[    0.587723][    T1] pci 0000:00:01.0: [1af4:1019] type 00 class 0x040100 conventional PCI endpoint
[    0.588022][    T1] pci 0000:00:01.0: BAR 0 [io  0x0000-0x001f]
[    0.588184][    T1] pci 0000:00:01.0: BAR 4 [mem 0x00000000-0x00003fff 64bit pref]
[    0.588737][    T1] pci 0000:00:02.0: [1af4:1003] type 00 class 0x078000 conventional PCI endpoint
[    0.588920][    T1] pci 0000:00:02.0: BAR 0 [io  0x0000-0x003f]
[    0.589043][    T1] pci 0000:00:02.0: BAR 1 [mem 0x00000000-0x00000fff]
[    0.589182][    T1] pci 0000:00:02.0: BAR 4 [mem 0x00000000-0x00003fff 64bit pref]
[    0.589618][    T1] pci 0000:00:03.0: [1af4:1003] type 00 class 0x078000 conventional PCI endpoint
[    0.589826][    T1] pci 0000:00:03.0: BAR 0 [io  0x0000-0x003f]
[    0.590073][    T1] pci 0000:00:03.0: BAR 1 [mem 0x00000000-0x00000fff]
[    0.590226][    T1] pci 0000:00:03.0: BAR 4 [mem 0x00000000-0x00003fff 64bit pref]
[    0.590708][    T1] pci 0000:00:04.0: [1af4:100a] type 00 class 0x020000 conventional PCI endpoint
[    0.590894][    T1] pci 0000:00:04.0: BAR 0 [io  0x0000-0x001f]
[    0.591016][    T1] pci 0000:00:04.0: BAR 1 [mem 0x00000000-0x00000fff]
[    0.591430][    T1] pci 0000:00:05.0: [1af4:1012] type 00 class 0x078000 conventional PCI endpoint
[    0.591607][    T1] pci 0000:00:05.0: BAR 0 [io  0x0000-0x001f]
[    0.591733][    T1] pci 0000:00:05.0: BAR 1 [mem 0x00000000-0x00000fff]
[    0.591866][    T1] pci 0000:00:05.0: BAR 4 [mem 0x00000000-0x00003fff 64bit pref]
[    0.592419][    T1] pci 0000:00:0b.0: [607d:f153] type 00 class 0x00ff00 conventional PCI endpoint
[    0.592603][    T1] pci 0000:00:0b.0: BAR 0 [mem 0x00000000-0x00000fff]
[    0.592735][    T1] pci 0000:00:0b.0: BAR 1 [mem 0x00000000-0x1ffffffff 64bit]
[    0.594030][    T1] pci 0000:00:0b.0: BAR 1 [mem 0x800000000-0x9ffffffff 64bit]: assigned
[    0.594326][    T1] pci 0000:00:01.0: BAR 4 [mem 0xa00000000-0xa00003fff 64bit pref]: assigned
[    0.594533][    T1] pci 0000:00:02.0: BAR 4 [mem 0xa00004000-0xa00007fff 64bit pref]: assigned
[    0.594727][    T1] pci 0000:00:03.0: BAR 4 [mem 0xa00008000-0xa0000bfff 64bit pref]: assigned
[    0.594903][    T1] pci 0000:00:05.0: BAR 4 [mem 0xa0000c000-0xa0000ffff 64bit pref]: assigned
[    0.595473][    T1] pci 0000:00:02.0: BAR 1 [mem 0x10000000-0x10000fff]: assigned
[    0.595924][    T1] pci 0000:00:03.0: BAR 1 [mem 0x10001000-0x10001fff]: assigned
[    0.596616][    T1] pci 0000:00:04.0: BAR 1 [mem 0x10002000-0x10002fff]: assigned
[    0.597077][    T1] pci 0000:00:05.0: BAR 1 [mem 0x10003000-0x10003fff]: assigned
[    0.597230][    T1] pci 0000:00:0b.0: BAR 0 [mem 0x10004000-0x10004fff]: assigned
[    0.597401][    T1] pci 0000:00:02.0: BAR 0 [io  0x1000-0x103f]: assigned
[    0.597545][    T1] pci 0000:00:03.0: BAR 0 [io  0x1040-0x107f]: assigned
[    0.597674][    T1] pci 0000:00:01.0: BAR 0 [io  0x1080-0x109f]: assigned
[    0.597804][    T1] pci 0000:00:04.0: BAR 0 [io  0x10a0-0x10bf]: assigned
[    0.597956][    T1] pci 0000:00:05.0: BAR 0 [io  0x10c0-0x10df]: assigned
[    0.598189][    T1] pci_bus 0000:00: resource 4 [io  0x0000-0xffff]
[    0.598324][    T1] pci_bus 0000:00: resource 5 [mem 0x10000000-0x3efeffff]
[    0.598469][    T1] pci_bus 0000:00: resource 6 [mem 0x800000000-0xfffffffff]
[    0.601810][    T1] Serial: 8250/16550 driver, 1 ports, IRQ sharing disabled
[    0.606055][    T1] printk: legacy console [ttynull0] enabled
[    0.627222][    T1] brd: module loaded
[    0.652659][    T1] loop: module loaded
[    0.659387][    T1] wireguard: WireGuard 1.0.0 loaded. See www.wireguard.com for information.
[    0.659608][    T1] wireguard: Copyright (C) 2015-2019 Jason A. Donenfeld <Jason@zx2c4.com>. All Rights Reserved.
[    0.662763][    T1] tun: Universal TUN/TAP device driver, 1.6
[    0.664070][    T1] VFIO - User Level meta-driver version: 0.3
[    0.666384][    T1] usbcore: registered new interface driver uas
[    0.666713][    T1] usbcore: registered new interface driver usb-storage
[    0.667965][    T1] usbcore: registered new interface driver xpad
[    0.671167][    T1] rtc-pl031 9010000.pl031: registered as rtc0
[    0.671707][    T1] rtc-pl031 9010000.pl031: setting system clock to 2026-10-08T12:38:11 UTC (1791463091)
[    0.672430][    T1] gspca_main: v2.14.0 registered
[    0.672697][    T1] usbcore: registered new interface driver uvcvideo
[    0.673219][    T1] device-mapper: uevent: version 1.0.3
[    0.673844][    T1] device-mapper: ioctl: 4.48.0-ioctl (2023-03-01) initialised: dm-devel@lists.linux.dev
[    0.676664][    T1] sdhci: Secure Digital Host Controller Interface driver
[    0.676846][    T1] sdhci: Copyright(c) Pierre Ossman
[    0.676959][    T1] sdhci-pltfm: SDHCI platform and OF driver helper
[    0.678132][    T1] hid: raw HID events driver (C) Jiri Kosina
[    0.683577][    T1] usbcore: registered new interface driver usbhid
[    0.683746][    T1] usbhid: USB HID core driver
[    0.684053][    T1] ashmem_rust: Using Rust implementation.
[    0.687593][    T1] hw perfevents: enabled with armv8_pmuv3 PMU driver, 1 (0,80000000) counters available
[    0.688881][   T11] watchdog: NMI not fully supported
[    0.689037][   T11] watchdog: Hard watchdog permanently disabled
[    0.690609][    T1] usbcore: registered new interface driver snd-usb-audio
[    0.693287][    T1] GACT probability on
[    0.693508][    T1] Mirror/redirect action on
[    0.693750][    T1] netem: version 1.3
[    0.693995][    T1] u32 classifier
[    0.694091][    T1]     input device check on
[    0.694189][    T1]     Actions configured
[    0.698061][    T1] xt_time: kernel timezone is -0000
[    0.698407][    T1] ipip: IPv4 and MPLS over IPv4 tunneling driver
[    0.700756][    T1] gre: GRE over IPv4 demultiplexor driver
[    0.700958][    T1] ip_gre: GRE over IPv4 tunneling driver
[    0.704665][    T1] IPv4 over IPsec tunneling driver
[    0.706235][    T1] Initializing XFRM netlink socket
[    0.706487][    T1] IPsec XFRM device driver
[    0.710207][    T1] NET: Registered PF_INET6 protocol family
[    0.717448][    T1] Segment Routing with IPv6
[    0.717683][    T1] In-situ OAM (IOAM) with IPv6
[    0.718190][    T1] mip6: Mobile IPv6
[    0.720044][    T1] sit: IPv6, IPv4 and MPLS over IPv4 tunneling driver
[    0.722079][    T1] ip6_gre: GRE over IPv6 tunneling driver
[    0.723532][    T1] NET: Registered PF_PACKET protocol family
[    0.723738][    T1] NET: Registered PF_KEY protocol family
[    0.725332][    T1] NET: Registered PF_VSOCK protocol family
[    0.751482][    T1] registered taskstats version 1
[    0.753085][    T1] Loading compiled-in X.509 certificates
[    0.762779][    T1] Loaded X.509 cert 'Build time autogenerated kernel key: 7cf282884989860131c4f1eac0a8e62c662e20ba'
[    0.823906][    T1] page_owner is disabled
[    0.824668][    T1] Key type .fscrypt registered
[    0.824786][    T1] Key type fscrypt-provisioning registered
[    0.829814][    T1] input: gpio-keys as /devices/platform/gpio-keys/input/input0
[    0.856180][    T1] clk: Disabling unused clocks
[    0.856832][    T1] PM: genpd: Disabling unused power domains
[    0.856999][    T1] ALSA device list:
[    0.857123][    T1]   No soundcards found.
[    0.874335][    T1] Freeing unused kernel memory: 4608K
[    0.875697][    T1] Run /init as init process
[    0.917625][    T1] init: init first stage started!
[    0.926029][    T1] init: Loading module /lib/modules/virtio_dma_buf.ko with args ''
[    0.934295][    T1] init: Loaded kernel module /lib/modules/virtio_dma_buf.ko
[    0.934953][    T1] init: Loading module /lib/modules/virtio_mmio.ko with args ''
[    0.948367][    T1] init: Loaded kernel module /lib/modules/virtio_mmio.ko
[    0.948927][    T1] init: Loading module /lib/modules/virtio-rng.ko with args ''
[    0.957489][    T1] init: Loaded kernel module /lib/modules/virtio-rng.ko
[    0.958501][   T79] random: crng init done
[    0.961499][    T1] init: Loading module /lib/modules/virtio_blk.ko with args ''
[    0.973850][    T1] virtio_blk virtio2: 1/0/0 default/read/poll queues
[    0.975491][    T1] virtio_blk virtio2: [vda] 8691712 512-byte logical blocks (4.45 GB/4.14 GiB)
[    0.985617][    T1]  vda: vda1 vda2
[    0.987566][    T1] virtio_blk virtio3: 1/0/0 default/read/poll queues
[    0.988378][    T1] virtio_blk virtio3: [vdb] 135168 512-byte logical blocks (69.2 MB/66.0 MiB)
[    0.990756][    T1] virtio_blk virtio4: 1/0/0 default/read/poll queues
[    0.991465][    T1] virtio_blk virtio4: [vdc] 1638400 512-byte logical blocks (839 MB/800 MiB)
[    0.993666][    T1] virtio_blk virtio5: 1/0/0 default/read/poll queues
[    0.994387][    T1] virtio_blk virtio5: [vdd] 36864 512-byte logical blocks (18.9 MB/18.0 MiB)
[    1.001186][    T1]  vdd: vdd1
[    1.001890][    T1] virtio_blk virtio6: 1/0/0 default/read/poll queues
[    1.002840][    T1] virtio_blk virtio6: [vde] 241664 512-byte logical blocks (124 MB/118 MiB)
[    1.008372][    T1]  vde: vde1
[    1.013406][    T1] init: Loaded kernel module /lib/modules/virtio_blk.ko
[    1.013907][    T1] init: Loading module /lib/modules/virtio_console.ko with args ''
[    1.020555][    T1] init: Loaded kernel module /lib/modules/virtio_console.ko
[    1.021136][    T1] init: Loading module /lib/modules/virtio_pci_modern_dev.ko with args ''
[    1.025990][    T1] init: Loaded kernel module /lib/modules/virtio_pci_modern_dev.ko
[    1.026441][    T1] init: Loading module /lib/modules/virtio_pci_legacy_dev.ko with args ''
[    1.029951][    T1] init: Loaded kernel module /lib/modules/virtio_pci_legacy_dev.ko
[    1.030625][    T1] init: Loading module /lib/modules/virtio_pci.ko with args ''
[    1.037153][    T1] virtio-pci 0000:00:01.0: enabling device (0000 -> 0003)
[    1.039078][    T1] virtio-pci 0000:00:02.0: enabling device (0000 -> 0003)
[    1.045978][    T1] virtio-pci 0000:00:03.0: enabling device (0000 -> 0003)
[    1.061454][    T1] virtio-pci 0000:00:04.0: enabling device (0000 -> 0003)
[    1.063194][    T1] virtio-pci 0000:00:04.0: virtio_pci: leaving for legacy driver
[    1.068747][    T1] virtio-pci 0000:00:05.0: enabling device (0000 -> 0003)
[    1.076552][    T1] init: Loaded kernel module /lib/modules/virtio_pci.ko
[    1.081319][    T1] init: Loading module /lib/modules/vmw_vsock_virtio_transport.ko with args ''
[    1.110215][    T1] init: Loaded kernel module /lib/modules/vmw_vsock_virtio_transport.ko
[    1.110977][    T1] init: Loaded 9 modules from /lib/modules
[    1.111861][    T1] init: Loaded 9 kernel modules took 192 ms
[    1.114569][    T1] init: [libfstab] Using Android DT directory /proc/device-tree/firmware/android/
[    1.129724][    T1] init: Failed to read vbmeta partitions.
[    1.248014][    T1] init: [libfs_mgr] superblock s_max_mnt_count:65535,/dev/block/platform/a003c00.virtio_mmio/by-name/metadata
[    1.261598][    T1] EXT4-fs (vdd1): mounted filesystem b08db4c1-cfe5-46f0-b32a-f06729e6a3f2 r/w with ordered data mode. Quota mode: none.
[    1.263206][    T1] init: [libfs_mgr] __mount(source=/dev/block/platform/a003c00.virtio_mmio/by-name/metadata,target=/metadata,type=ext4)=0: Success
[    1.267276][    T1] init: Failed to copy /avb into /metadata/gsi/dsu/avb/: No such file or directory
[    1.285035][    T1] init: [libfs_mgr] Created logical partition system on device /dev/block/dm-0
[    1.290307][    T1] init: [libfs_mgr] Created logical partition system_dlkm on device /dev/block/dm-1
[    1.293531][    T1] init: [libfs_mgr] Created logical partition system_ext on device /dev/block/dm-2
[    1.296801][    T1] init: [libfs_mgr] Created logical partition product on device /dev/block/dm-3
[    1.299973][    T1] init: [libfs_mgr] Created logical partition vendor on device /dev/block/dm-4
[    1.300846][    T1] init: DSU not detected, proceeding with normal boot
[    1.307209][    T1] erofs: (device dm-0): erofs_read_superblock: cannot find valid erofs superblock
[    1.308411][    T1] init: [libfs_mgr] __mount(source=/dev/block/dm-0,target=/system,type=erofs)=-1: Invalid argument
[    1.309449][    T1] init: [libfs_mgr] superblock s_max_mnt_count:65535,/dev/block/dm-0
[    1.315257][    T1] EXT4-fs (dm-0): mounted filesystem 21f1338d-f5e9-5374-90d4-f5475e96f5ca ro without journal. Quota mode: none.
[    1.315762][    T1] init: [libfs_mgr] __mount(source=/dev/block/dm-0,target=/system,type=ext4)=0: Success
[    1.318842][    T1] init: Switching root to '/system'
[    1.333799][    T1] erofs: (device dm-4): erofs_read_superblock: cannot find valid erofs superblock
[    1.334421][    T1] init: [libfs_mgr] __mount(source=/dev/block/dm-4,target=/vendor,type=erofs)=-1: Invalid argument
[    1.335561][    T1] init: [libfs_mgr] superblock s_max_mnt_count:65535,/dev/block/dm-4
[    1.342678][    T1] EXT4-fs (dm-4): mounted filesystem f7782a1f-76cd-5039-8e1b-ff37c346042a ro without journal. Quota mode: none.
[    1.343176][    T1] init: [libfs_mgr] __mount(source=/dev/block/dm-4,target=/vendor,type=ext4)=0: Success
[    1.348829][    T1] erofs: (device dm-3): erofs_read_superblock: cannot find valid erofs superblock
[    1.349307][    T1] init: [libfs_mgr] __mount(source=/dev/block/dm-3,target=/product,type=erofs)=-1: Invalid argument
[    1.350424][    T1] init: [libfs_mgr] superblock s_max_mnt_count:65535,/dev/block/dm-3
[    1.357419][    T1] EXT4-fs (dm-3): mounted filesystem f20840da-b44d-595d-8ffe-774504a6ec61 ro without journal. Quota mode: none.
[    1.357919][    T1] init: [libfs_mgr] __mount(source=/dev/block/dm-3,target=/product,type=ext4)=0: Success
[    1.366081][    T1] erofs: (device dm-1): initialized per-cpu workers successfully.
[    1.367139][    T1] erofs: (device dm-1): mounted with root inode @ nid 38.
[    1.368023][    T1] init: [libfs_mgr] __mount(source=/dev/block/dm-1,target=/system_dlkm,type=erofs)=0: Success
[    1.372550][    T1] erofs: (device dm-2): erofs_read_superblock: cannot find valid erofs superblock
[    1.373080][    T1] init: [libfs_mgr] __mount(source=/dev/block/dm-2,target=/system_ext,type=erofs)=-1: Invalid argument
[    1.374062][    T1] init: [libfs_mgr] superblock s_max_mnt_count:65535,/dev/block/dm-2
[    1.378908][    T1] EXT4-fs (dm-2): mounted filesystem 4fbc802b-ec2a-5f3e-83c4-b495ed8e2764 ro without journal. Quota mode: none.
[    1.379379][    T1] init: [libfs_mgr] __mount(source=/dev/block/dm-2,target=/system_ext,type=ext4)=0: Success
[    1.422390][    T1] init: Skipped setting INIT_AVB_VERSION (not in recovery mode)
[    1.774525][    T1] init: [libfstab] Using Android DT directory /proc/device-tree/firmware/android/
[    1.787496][    T1] init: Opening SELinux policy
[    1.813308][    T1] init: Loading SELinux policy
[    1.884599][    T1] SELinux:  policy capability network_peer_controls=1
[    1.884839][    T1] SELinux:  policy capability open_perms=1
[    1.884963][    T1] SELinux:  policy capability extended_socket_class=1
[    1.885109][    T1] SELinux:  policy capability always_check_network=0
[    1.885240][    T1] SELinux:  policy capability cgroup_seclabel=0
[    1.885366][    T1] SELinux:  policy capability nnp_nosuid_transition=1
[    1.885507][    T1] SELinux:  policy capability genfs_seclabel_symlinks=0
[    1.885657][    T1] SELinux:  policy capability ioctl_skip_cloexec=0
[    1.885792][    T1] SELinux:  policy capability userspace_initial_context=0
[    1.885927][    T1] SELinux: policy capability memfd_class=1
[    1.886061][    T1] SELinux:  unknown policy capability 9
[    1.886173][    T1] SELinux:  unknown policy capability 12
[    1.903210][   T50] audit: type=1403 audit(1791463092.728:2): auid=4294967295 ses=4294967295 lsm=selinux res=1
[    1.907365][   T50] audit: type=1404 audit(1791463092.728:3): enforcing=1 old_enforcing=0 auid=4294967295 ses=4294967295 enabled=1 old-enabled=1 lsm=selinux res=1
[    1.931118][    T1] selinux: SELinux: Loaded file context from:
[    1.931428][    T1] selinux: 		/system/etc/selinux/plat_file_contexts
[    1.931645][    T1] selinux: 		/system_ext/etc/selinux/system_ext_file_contexts
[    1.931857][    T1] selinux: 		/product/etc/selinux/product_file_contexts
[    1.932050][    T1] selinux: 		/vendor/etc/selinux/vendor_file_contexts
[    1.932241][    T1] selinux: 		/odm/etc/selinux/odm_file_contexts
[    2.097127][    T1] init: init second stage started!
[    2.201099][    T1] selinux: SELinux: Loaded file context from:
[    2.201413][    T1] selinux: 		/system/etc/selinux/plat_file_contexts
[    2.201628][    T1] selinux: 		/system_ext/etc/selinux/system_ext_file_contexts
[    2.201839][    T1] selinux: 		/product/etc/selinux/product_file_contexts
[    2.202034][    T1] selinux: 		/vendor/etc/selinux/vendor_file_contexts
[    2.202224][    T1] selinux: 		/odm/etc/selinux/odm_file_contexts
[    2.535742][    T1] init: [libfstab] Using Android DT directory /proc/device-tree/firmware/android/
[    2.543655][    T1] init: Init cannot set 'ro.boot.hardware' to 'ranchu': Read-only property was already set
[    2.559237][    T1] init: Overriding previous property 'ro.cp_system_other_odex':'1' with new value '0'
[    2.580464][    T1] init: Overriding previous property 'ro.build.display.id':'generic_system_google-userdebug 17 CE2A.260420.019 15611780 dev-keys' with new value 'sdk_gphone64_arm64-userdebug 17 CE2A.260420.019 15611780 dev-keys'
[    2.581398][    T1] init: Overriding previous property 'ro.build.flavor':'generic_system_google-userdebug' with new value 'sdk_gphone64_arm64-userdebug'
[    2.581827][    T1] init: Overriding previous property 'ro.build.description':'generic_system_google-userdebug 17 CE2A.260420.019 15611780 dev-keys' with new value 'sdk_gphone64_arm64-userdebug 17 CE2A.260420.019 15611780 dev-keys'
[    2.584113][    T1] init: Overriding previous property 'ro.config.notification_sound':'OnTheHunt.ogg' with new value 'pixiedust.ogg'
[    2.600099][    T1] init: Setting product property ro.product.brand to 'google' (from ro.product.product.brand)
[    2.600595][    T1] init: Setting product property ro.product.device to 'emu64a' (from ro.product.product.device)
[    2.600974][    T1] init: Setting product property ro.product.manufacturer to 'Google' (from ro.product.product.manufacturer)
[    2.601362][    T1] init: Setting product property ro.product.model to 'sdk_gphone64_arm64' (from ro.product.product.model)
[    2.601735][    T1] init: Setting product property ro.product.name to 'sdk_gphone64_arm64' (from ro.product.product.name)
[    2.602602][    T1] init: Setting property 'ro.build.fingerprint' to 'google/sdk_gphone64_arm64/emu64a:17/CE2A.260420.019/15611780:userdebug/dev-keys'
[    2.603376][    T1] init: Setting property 'ro.product.cpu.abilist' to 'arm64-v8a'
[    2.603724][    T1] init: Setting property 'ro.product.cpu.abilist32' to ''
[    2.604025][    T1] init: Setting property 'ro.product.cpu.abilist64' to 'arm64-v8a'
[    2.608973][    T1] init: Running restorecon...
[    2.682855][    T1] init: Created socket '/dev/socket/property_service_for_system', mode 660, user 0, group 1000
[    2.688551][    T1] init: Created socket '/dev/socket/property_service', mode 666, user 0, group 0
[    2.705072][    T1] init: [libfs_mgr] vendor overlay: vndk version not defined
[    2.720625][    T1] init: SetupMountNamespaces done
[    2.731191][    T1] init: Forked subcontext for 'u:r:vendor_init:s0' with pid 102
[    2.740407][    T1] init: Parsing file /system/etc/init/hw/init.rc...
[    2.757933][    T1] init: Added '/init.environ.rc' to import list
[    2.759055][    T1] init: Added '/system/etc/init/hw/init.usb.rc' to import list
[    2.759915][    T1] init: Added '/init.ranchu.rc' to import list
[    2.760726][    T1] init: Added '/vendor/etc/init/hw/init.ranchu.rc' to import list
[    2.761323][    T1] init: Added '/system/etc/init/hw/init.usb.configfs.rc' to import list
[    2.761995][    T1] init: Added '/system/etc/init/hw/init.zygote64.rc' to import list
[    2.777184][    T1] init: Added '/system/etc/init/hw/init.boringssl.zygote64.rc' to import list
[    2.793812][    T1] init: Added '/system/etc/init/init-perfetto.rc' to import list
[    2.799436][    T1] init: Parsing file /init.environ.rc...
[    2.804130][    T1] init: Parsing file /system/etc/init/hw/init.usb.rc...
[    2.812748][    T1] init: Parsing file /init.ranchu.rc...
[    2.813773][    T1] init: Unable to read config file '/init.ranchu.rc': open() failed: No such file or directory
[    2.817255][    T1] init: Parsing file /vendor/etc/init/hw/init.ranchu.rc...
[    2.853665][    T1] init: Parsing file /system/etc/init/hw/init.usb.configfs.rc...
[    2.862839][    T1] init: Parsing file /system/etc/init/hw/init.zygote64.rc...
[    2.868026][    T1] init: Parsing file /system/etc/init/hw/init.boringssl.zygote64.rc...
[    2.870582][    T1] init: Parsing file /system/etc/init/init-perfetto.rc...
[    2.873569][    T1] init: Parsing directory /system/etc/init...
[    2.881954][    T1] init: Parsing file /system/etc/init/aconfigd.rc...
[    2.887801][    T1] init: Parsing file /system/etc/init/aisealhostservice.rc...
[    2.892825][    T1] init: Parsing file /system/etc/init/android.system.suspend-service.rc...
[    2.897052][    T1] init: Parsing file /system/etc/init/aoad.rc...
[    2.900506][    T1] init: Parsing file /system/etc/init/apexd.rc...
[    2.904227][    T1] init: Parsing file /system/etc/init/atrace.rc...
[    2.925827][    T1] init: Parsing file /system/etc/init/atrace_userdebug.rc...
[    2.929647][    T1] init: Parsing file /system/etc/init/audioserver.rc...
[    2.934327][    T1] init: Parsing file /system/etc/init/blank_screen.rc...
[    2.936192][    T1] init: Parsing file /system/etc/init/bootanim.rc...
[    2.937843][    T1] init: Parsing file /system/etc/init/bootstat-debug.rc...
[    2.941058][    T1] init: Parsing file /system/etc/init/bootstat.rc...
[    2.943958][    T1] init: Parsing file /system/etc/init/cameraserver.rc...
[    2.946043][    T1] init: Parsing file /system/etc/init/casefolding_remover.rc...
[    2.948500][    T1] init: Parsing file /system/etc/init/clean_scratch_files.rc...
[    2.949953][    T1] init: Parsing file /system/etc/init/cppreopts.rc...
[    2.951720][    T1] init: Parsing file /system/etc/init/credstore.rc...
[    2.953471][    T1] init: Parsing file /system/etc/init/dmesgd.rc...
[    2.956020][    T1] init: Parsing file /system/etc/init/drmserver.rc...
[    2.958586][    T1] init: Parsing file /system/etc/init/dumpstate.rc...
[    2.960699][    T1] init: Parsing file /system/etc/init/flags_health_check.rc...
[    2.963319][    T1] init: Parsing file /system/etc/init/gatekeeperd.rc...
[    2.966370][    T1] init: Parsing file /system/etc/init/gpuservice.rc...
[    2.970755][    T1] init: Parsing file /system/etc/init/gsid.rc...
[    2.977194][    T1] init: Parsing file /system/etc/init/heapprofd.rc...
[    2.983662][    T1] init: Parsing file /system/etc/init/hidservice.rc...
[    2.988808][    T1] init: Parsing file /system/etc/init/idmap2d.rc...
[    2.993085][    T1] init: Parsing file /system/etc/init/incidentd.rc...
[    2.997797][    T1] init: Parsing file /system/etc/init/init-debug.rc...
[    3.000637][    T1] init: Parsing file /system/etc/init/init-perfetto.rc...
[    3.003007][    T1] init: Parsing file /system/etc/init/installd.rc...
[    3.009770][    T1] init: Parsing file /system/etc/init/kcmdlinectrl.rc...
[    3.012706][    T1] init: Parsing file /system/etc/init/kcmdlinemodprobe.rc...
[    3.015204][    T1] init: Parsing file /system/etc/init/keystore2.rc...
[    3.017919][    T1] init: Parsing file /system/etc/init/llkd-debuggable.rc...
[    3.021442][    T1] init: Parsing file /system/etc/init/llkd.rc...
[    3.024772][    T1] init: Parsing file /system/etc/init/lmkd.rc...
[    3.030276][    T1] init: Parsing file /system/etc/init/logcatd.rc...
[    3.038416][    T1] init: Parsing file /system/etc/init/logd.rc...
[    3.044272][    T1] init: Parsing file /system/etc/init/logtagd.rc...
[    3.047707][    T1] init: Parsing file /system/etc/init/lpdumpd.rc...
[    3.051721][    T1] init: Parsing file /system/etc/init/mdnsd.rc...
[    3.055341][    T1] init: Parsing file /system/etc/init/media.codeclist.generator.rc...
[    3.058597][    T1] init: Parsing file /system/etc/init/mediaextractor.rc...
[    3.060962][    T1] init: Parsing file /system/etc/init/mediametrics.rc...
[    3.064181][    T1] init: Parsing file /system/etc/init/mediaserver.rc...
[    3.067128][    T1] init: Parsing file /system/etc/init/misctrl.rc...
[    3.069878][    T1] init: Parsing file /system/etc/init/mmd.rc...
[    3.073326][    T1] init: Parsing file /system/etc/init/mtectrl.rc...
[    3.075735][    T1] init: Parsing file /system/etc/init/netbpfload.rc...
[    3.077177][    T1] init: Parsing file /system/etc/init/netd.rc...
[    3.079831][    T1] init: Parsing file /system/etc/init/odsign.rc...
[    3.082462][    T1] init: Parsing file /system/etc/init/perfetto.rc...
[    3.089805][    T1] init: Parsing file /system/etc/init/pmgd.rc...
[    3.094995][    T1] init: Parsing file /system/etc/init/prefetch.rc...
[    3.098940][    T1] init: Parsing file /system/etc/init/prng_seeder.rc...
[    3.102991][    T1] init: Parsing file /system/etc/init/profcollectd.rc...
[    3.105871][    T1] init: Parsing file /system/etc/init/recovery-persist.rc...
[    3.108372][    T1] init: Parsing file /system/etc/init/recovery-refresh.rc...
[    3.110612][    T1] init: Parsing file /system/etc/init/rss_hwm_reset.rc...
[    3.113171][    T1] init: Parsing file /system/etc/init/servicemanager.rc...
[    3.116510][    T1] init: Parsing file /system/etc/init/simpleperf.rc...
[    3.118340][    T1] init: Parsing file /system/etc/init/snapuserd.rc...
[    3.120123][    T1] init: Parsing file /system/etc/init/storaged.rc...
[    3.122190][    T1] init: Parsing file /system/etc/init/surfaceflinger.rc...
[    3.124196][    T1] init: Parsing file /system/etc/init/tombstoned.rc...
[    3.126094][    T1] init: Parsing file /system/etc/init/traced_perf.rc...
[    3.128469][    T1] init: Parsing file /system/etc/init/tradeinmode.rc...
[    3.131327][    T1] init: Parsing file /system/etc/init/uncrypt.rc...
[    3.133267][    T1] init: Parsing file /system/etc/init/update_engine.rc...
[    3.134751][    T1] init: Parsing file /system/etc/init/update_verifier.rc...
[    3.136279][    T1] init: Parsing file /system/etc/init/usbd.rc...
[    3.138052][    T1] init: Parsing file /system/etc/init/virtual_camera.hal.rc...
[    3.140272][    T1] init: Parsing file /system/etc/init/vold.rc...
[    3.141821][    T1] init: Parsing file /system/etc/init/wifi.rc...
[    3.144964][    T1] init: Parsing file /system/etc/init/zygote_next.rc...
[    3.147639][    T1] init: Parsing directory /system_ext/etc/init...
[    3.148986][    T1] init: Parsing file /system_ext/etc/init/android.hidl.allocator@1.0-service.rc...
[    3.151723][    T1] init: Parsing file /system_ext/etc/init/hwservicemanager.rc...
[    3.154458][    T1] init: Parsing file /system_ext/etc/init/init.system_ext.radio.rc...
[    3.157456][    T1] init: Parsing file /system_ext/etc/init/init.system_ext.rc...
[    3.161324][    T1] init: Parsing directory /vendor/etc/init...
[    3.162188][    T1] init: Parsing file /vendor/etc/init/allocator.rc...
[    3.163435][    T1] init: /vendor/etc/init/allocator.rc: 1: ignored duplicate definition of service 'vendor.graphics.allocator'
[    3.163762][    T1] init: Parsing file /vendor/etc/init/android.hardware.audio.service.rc...
[    3.164991][    T1] init: Parsing file /vendor/etc/init/android.hardware.biometrics.fingerprint-service.ranchu.rc...
[    3.166494][    T1] init: Parsing file /vendor/etc/init/android.hardware.camera.provider.ranchu.rc...
[    3.167724][    T1] init: Parsing file /vendor/etc/init/android.hardware.camera.provider.ranchu_minigbm.rc...
[    3.168718][    T1] init: Parsing file /vendor/etc/init/android.hardware.camera.provider@2.7-service-google.rc...
[    3.169682][    T1] init: Parsing file /vendor/etc/init/android.hardware.drm-service-lazy.clearkey.rc...
[    3.170646][    T1] init: Parsing file /vendor/etc/init/android.hardware.gnss-service.ranchu.rc...
[    3.171813][    T1] init: Parsing file /vendor/etc/init/android.hardware.graphics.allocator-service.ranchu.rc...
[    3.173149][    T1] init: /vendor/etc/init/android.hardware.graphics.allocator-service.ranchu.rc: 1: ignored duplicate definition of service 'vendor.graphics.allocator.ranchu'
[    3.173560][    T1] init: Parsing file /vendor/etc/init/android.hardware.health-service.example.rc...
[    3.175076][    T1] init: Parsing file /vendor/etc/init/android.hardware.media.c2-service-goldfish.rc...
[    3.176099][    T1] init: Parsing file /vendor/etc/init/android.hardware.radio.ranchu.rc...
[    3.177203][    T1] init: Parsing file /vendor/etc/init/android.hardware.security.keymint-service.rc...
[    3.178186][    T1] init: Parsing file /vendor/etc/init/android.hardware.sensors-service-multihal.rc...
[    3.179305][    T1] init: Parsing file /vendor/etc/init/android.hardware.usb-service.example.rc...
[    3.180401][    T1] init: Parsing file /vendor/etc/init/android.hardware.wifi-service.rc...
[    3.181382][    T1] init: Parsing file /vendor/etc/init/bluetooth-service-default.rc...
[    3.182328][    T1] init: Parsing file /vendor/etc/init/boringssl_self_test.rc...
[    3.183215][    T1] init: Added '/vendor/etc/boringssl_self_test.zygote64.rc' to import list
[    3.183753][    T1] init: Parsing file /vendor/etc/boringssl_self_test.zygote64.rc...
[    3.185169][    T1] init: Parsing file /vendor/etc/init/health-storage-default.rc...
[    3.186161][    T1] init: Parsing file /vendor/etc/init/hostapd.android.rc...
[    3.187159][    T1] init: Parsing file /vendor/etc/init/hwc3.rc...
[    3.188037][    T1] init: Parsing file /vendor/etc/init/identity-default.rc...
[    3.188940][    T1] init: Parsing file /vendor/etc/init/lights-default.rc...
[    3.190013][    T1] init: Parsing file /odm/etc/init...
[    3.190324][    T1] init: Unable to read config file '/odm/etc/init': open() failed: No such file or directory
[    3.190717][    T1] init: Parsing file /product/etc/init...
[    3.190993][    T1] init: Unable to read config file '/product/etc/init': open() failed: No such file or directory
[    3.198679][    T1] init: processing action (SetupCgroups) from (<Builtin Action>:0)
[    3.219260][    T1] libprocessgroup: Using system/app isolation under: /sys/fs/cgroup
[    3.251522][    T1] init: Command 'SetupCgroups' action=SetupCgroups (<Builtin Action>:0) took 52ms and succeeded
[    3.329266][    T1] init: processing action (early-init) from (/system/etc/init/hw/init.rc:15)
[    3.362298][    T1] init: starting service 'ueventd'...
[    3.379327][    T1] libprocessgroup: Created cgroup /sys/fs/cgroup/system/uid_0
[    3.393998][    T1] libprocessgroup: Created cgroup /sys/fs/cgroup/system/uid_0/pid_103
[    3.424374][    T1] libprocessgroup: A JoinCgroup action in the SystemMemoryProcess profile is used for controller memory in the cgroup v2 hierarchy and will be ignored
[    3.466635][    T1] init: ... started service 'ueventd' has pid 103
[    3.468404][    T1] init: Command 'start ueventd' action=early-init (/system/etc/init/hw/init.rc:77) took 106ms and succeeded
[    3.482698][    T1] init: Command 'exec_start init_dev_config' action=early-init (/system/etc/init/hw/init.rc:83) took 4ms and failed: Could not start exec service: Cannot expand path: property 'ro.vendor.init_dev_config.path' doesn't exist while expanding '${ro.vendor.init_dev_config.path}': Invalid argument
[    3.521513][    T1] init: starting service 'apexd-bootstrap'...
[    3.552110][    T1] libprocessgroup: Created cgroup /sys/fs/cgroup/system/uid_0/pid_104
[    3.646354][    T1] init: ... started service 'apexd-bootstrap' has pid 104
[    3.655612][    T1] init: SVC_EXEC service 'apexd-bootstrap' pid 104 (uid 0 gid 1000+0 context default) started; waiting...
[    3.659168][    T1] init: Command 'exec_start apexd-bootstrap' action=early-init (/system/etc/init/hw/init.rc:91) took 166ms and succeeded
[    4.011248][  T103] ueventd: ueventd started!
[    4.054684][  T103] selinux: SELinux: Loaded file context from:
[    4.055217][  T103] selinux: 		/system/etc/selinux/plat_file_contexts
[    4.055558][  T103] selinux: 		/system_ext/etc/selinux/system_ext_file_contexts
[    4.055829][  T103] selinux: 		/product/etc/selinux/product_file_contexts
[    4.056412][  T103] selinux: 		/vendor/etc/selinux/vendor_file_contexts
[    4.056957][  T103] selinux: 		/odm/etc/selinux/odm_file_contexts
[    4.063327][  T103] ueventd: Parsing file /system/etc/ueventd.rc...
[    4.069072][  T103] ueventd: Added '/vendor/etc/ueventd.rc' to import list
[    4.070068][  T103] ueventd: Added '/odm/etc/ueventd.rc' to import list
[    4.083969][  T103] ueventd: Parsing file /vendor/etc/ueventd.rc...
[    4.089592][  T103] ueventd: Parsing file /odm/etc/ueventd.rc...
[    4.092759][  T103] ueventd: Unable to read config file '/odm/etc/ueventd.rc': open() failed: No such file or directory
[    4.337297][  T104] apexd: Started. subcommand = --bootstrap
[    4.343545][  T104] apexd: File-backed mount is disabled: ro.boot.veritymode=
[    4.357811][  T104] apexd-bootstrap: Scanning /system/apex for pre-installed ApexFiles
[    4.370343][  T104] apexd-bootstrap: Found pre-installed APEX /system/apex/com.google.android.adservices.apex
[    4.371738][  T104] apexd-bootstrap: Found pre-installed APEX /system/apex/com.google.android.profiling.apex
[    4.372463][  T104] apexd-bootstrap: Found pre-installed APEX /system/apex/com.google.android.sdkext.apex
[    4.373451][  T104] apexd-bootstrap: Found pre-installed APEX /system/apex/com.google.android.mediaprovider.apex
[    4.374318][  T104] apexd-bootstrap: Found pre-installed APEX /system/apex/com.google.android.cellbroadcast.apex
[    4.375035][  T104] apexd-bootstrap: Found pre-installed APEX /system/apex/com.android.devicelock.apex
[    4.375595][  T104] apexd-bootstrap: Found pre-installed APEX /system/apex/com.google.android.wifi.apex
[    4.376205][  T104] apexd-bootstrap: Found pre-installed APEX /system/apex/com.google.android.healthfitness.apex
[    4.377426][  T104] apexd-bootstrap: Found pre-installed APEX /system/apex/com.google.android.uwb.apex
[    4.378367][  T104] apexd-bootstrap: Found pre-installed APEX /system/apex/com.google.android.os.statsd.apex
[    4.378888][  T104] apexd-bootstrap: Found pre-installed APEX /system/apex/com.google.android.resolv.apex
[    4.379768][  T104] apexd-bootstrap: Found pre-installed APEX /system/apex/com.google.android.ipsec.apex
[    4.381241][  T104] apexd-bootstrap: Found pre-installed APEX /system/apex/com.google.android.conscrypt.apex
[    4.381865][  T104] apexd-bootstrap: Found pre-installed APEX /system/apex/com.google.android.tzdata6.apex
[    4.382816][  T104] apexd-bootstrap: Found pre-installed APEX /system/apex/com.google.android.crashrecovery.apex
[    4.383525][  T104] apexd-bootstrap: Found pre-installed APEX /system/apex/com.google.android.scheduling.apex
[    4.384242][  T104] apexd-bootstrap: Found pre-installed APEX /system/apex/com.google.android.appsearch.apex
[    4.384816][  T104] apexd-bootstrap: Found pre-installed APEX /system/apex/com.google.android.nfcservices.apex
[    4.385393][  T104] apexd-bootstrap: Found pre-installed APEX /system/apex/com.google.android.rkpd.apex
[    4.386023][  T104] apexd-bootstrap: Found pre-installed APEX /system/apex/com.google.android.webapp.apex
[    4.386738][  T104] apexd-bootstrap: Found pre-installed APEX /system/apex/com.google.android.uprobestats.apex
[    4.387443][  T104] apexd-bootstrap: Found pre-installed APEX /system/apex/com.android.apex.cts.shim.apex
[    4.388210][  T104] apexd-bootstrap: Found pre-installed APEX /system/apex/com.google.android.media.apex
[    4.389094][  T104] apexd-bootstrap: Found pre-installed APEX /system/apex/com.google.android.media.swcodec.apex
[    4.389857][  T104] apexd-bootstrap: Found pre-installed APEX /system/apex/com.google.android.ondevicepersonalization.apex
[    4.390602][  T104] apexd-bootstrap: Found pre-installed APEX /system/apex/com.google.android.neuralnetworks.apex
[    4.391331][  T104] apexd-bootstrap: Found pre-installed APEX /system/apex/com.google.android.art.apex
[    4.392070][  T104] apexd-bootstrap: Found pre-installed APEX /system/apex/com.android.virt.apex
[    4.392719][  T104] apexd-bootstrap: Found pre-installed APEX /system/apex/com.google.android.permission.apex
[    4.393529][  T104] apexd-bootstrap: Found pre-installed APEX /system/apex/com.android.npumanager.apex
[    4.393974][  T104] apexd-bootstrap: Found pre-installed APEX /system/apex/com.android.runtime.apex
[    4.394558][  T104] apexd-bootstrap: Found pre-installed APEX /system/apex/com.google.android.bt.apex
[    4.395312][  T104] apexd-bootstrap: Found pre-installed APEX /system/apex/com.google.android.telephonycore.apex
[    4.397505][  T104] apexd-bootstrap: Found pre-installed APEX /system/apex/com.android.i18n.apex
[    4.398278][  T104] apexd-bootstrap: Found pre-installed APEX /system/apex/com.google.android.extservices.apex
[    4.399701][  T104] apexd-bootstrap: Found pre-installed APEX /system/apex/com.google.android.adbd.apex
[    4.400995][  T104] apexd-bootstrap: Found pre-installed APEX /system/apex/com.google.android.configinfrastructure.apex
[    4.401884][  T104] apexd-bootstrap: Found pre-installed APEX /system/apex/com.google.android.tethering.apex
[    4.402805][  T104] apexd-bootstrap: Scanning /system_ext/apex for pre-installed ApexFiles
[    4.407764][  T104] apexd-bootstrap: Found pre-installed APEX /system_ext/apex/com.android.hardware.biometrics.fingerprint.virtual.apex
[    4.408662][  T104] apexd-bootstrap: Scanning /product/apex for pre-installed ApexFiles
[    4.412296][  T104] apexd-bootstrap: Found pre-installed APEX /product/apex/com.google.android.gmssystem.prodvic.apex
[    4.413037][  T104] apexd-bootstrap: Scanning /vendor/apex for pre-installed ApexFiles
[    4.417736][  T104] apexd-bootstrap: Found pre-installed APEX /vendor/apex/com.android.hardware.vibrator.apex
[    4.418632][  T104] apexd-bootstrap: Found pre-installed APEX /vendor/apex/com.android.hardware.gatekeeper.nonsecure.apex
[    4.419531][  T104] apexd-bootstrap: Found pre-installed APEX /vendor/apex/com.android.hardware.dumpstate.apex
[    4.420419][  T104] apexd-bootstrap: Found pre-installed APEX /vendor/apex/com.android.hardware.authsecret.apex
[    4.421234][  T104] apexd-bootstrap: Found pre-installed APEX /vendor/apex/com.android.hardware.thermal.apex
[    4.421861][  T104] apexd-bootstrap: Found pre-installed APEX /vendor/apex/com.android.hardware.uwb.apex
[    4.422698][  T104] apexd-bootstrap: Found pre-installed APEX /vendor/apex/com.android.hardware.rebootescrow.apex
[    4.423770][  T104] apexd-bootstrap: Found pre-installed APEX /vendor/apex/com.android.hardware.contexthub.apex
[    4.424501][  T104] apexd-bootstrap: Found pre-installed APEX /vendor/apex/com.android.hardware.threadnetwork-simulation-rcp.apex
[    4.425299][  T104] apexd-bootstrap: Found pre-installed APEX /vendor/apex/com.google.android.widevine-15027108-cp2a.apex
[    4.426035][  T104] apexd-bootstrap: Found pre-installed APEX /vendor/apex/com.android.hardware.power.apex
[    4.426709][  T104] apexd-bootstrap: Found pre-installed APEX /vendor/apex/com.android.hardware.cas.apex
[    4.427332][  T104] apexd-bootstrap: Scanning /odm/apex for pre-installed ApexFiles
[    4.429067][  T104] apexd-bootstrap: /odm/apex does not exist. Skipping
[    5.988387][  T104] apexd-bootstrap: Successfully scanned 52 preinstalled APEXes duration=1630ms
[    5.993259][  T104] apexd-bootstrap: No sessions to revert/activate.
[    5.995690][  T104] apexd-bootstrap: Successfully scanned 0 data APEXes duration=0ms
[    6.111040][  T159] loop1: detected capacity change from 0 to 47000
[    6.113220][  T158] loop0: detected capacity change from 0 to 4032
[    6.113220][  T161] loop2: detected capacity change from 0 to 3912
[    6.118048][  T160] loop3: detected capacity change from 0 to 776
[    6.214497][  T163] loop5: detected capacity change from 0 to 6704
[    6.216840][  T165] loop7: detected capacity change from 0 to 9176
[    6.227506][  T164] loop6: detected capacity change from 0 to 2408
[    6.256945][  T167] loop9: detected capacity change from 0 to 17080
[    6.310763][  T166] loop8: detected capacity change from 0 to 284408
[    6.320578][  T169] loop11: detected capacity change from 0 to 11424
[    6.323878][  T162] loop4: detected capacity change from 0 to 3584
[    6.397696][  T171] loop13: detected capacity change from 0 to 44504
[    6.465225][  T168] loop10: detected capacity change from 0 to 59024
[    6.581856][  T159] EXT4-fs (loop1): mounted filesystem 7d1522e1-9dfa-5edb-a43e-98e3a4d20250 ro without journal. Quota mode: none.
[    6.771905][  T160] EXT4-fs (loop3): mounted filesystem 7d1522e1-9dfa-5edb-a43e-98e3a4d20250 ro without journal. Quota mode: none.
[    6.778740][  T172] loop14: detected capacity change from 0 to 1704
[    6.885808][  T161] EXT4-fs (loop2): mounted filesystem 7d1522e1-9dfa-5edb-a43e-98e3a4d20250 ro without journal. Quota mode: none.
[    6.934392][  T164] EXT4-fs (loop6): mounted filesystem 7d1522e1-9dfa-5edb-a43e-98e3a4d20250 ro without journal. Quota mode: none.
[    6.947112][  T165] EXT4-fs (loop7): mounted filesystem 7d1522e1-9dfa-5edb-a43e-98e3a4d20250 ro without journal. Quota mode: none.
[    7.128451][  T192] loop28: detected capacity change from 0 to 8032
[    7.146886][  T170] loop12: detected capacity change from 0 to 76480
[    7.150084][  T162] EXT4-fs (loop4): mounted filesystem 7d1522e1-9dfa-5edb-a43e-98e3a4d20250 ro without journal. Quota mode: none.
[    7.182071][  T158] EXT4-fs (loop0): mounted filesystem 7d1522e1-9dfa-5edb-a43e-98e3a4d20250 ro without journal. Quota mode: none.
[    7.282983][  T173] loop15: detected capacity change from 0 to 11408
[    7.297964][  T175] loop17: detected capacity change from 0 to 536
[    7.520589][  T190] loop27: detected capacity change from 0 to 16280
[    7.546872][  T163] EXT4-fs (loop5): mounted filesystem 7d1522e1-9dfa-5edb-a43e-98e3a4d20250 ro without journal. Quota mode: none.
[    7.770545][  T196] loop33: detected capacity change from 0 to 536
[    7.797174][  T188] loop25: detected capacity change from 0 to 536
[    7.851286][  T181] loop22: detected capacity change from 0 to 28656
[    7.855329][  T184] loop24: detected capacity change from 0 to 11352
[    7.880421][  T174] loop16: detected capacity change from 0 to 67944
[    7.903560][  T212] loop46: detected capacity change from 0 to 37528
[    7.964663][  T178] loop19: detected capacity change from 0 to 61784
[    7.966370][  T189] loop26: detected capacity change from 0 to 1760
[    7.968675][  T176] loop18: detected capacity change from 0 to 58720
[    7.973510][  T216] loop50: detected capacity change from 0 to 736
[    8.004924][  T213] loop47: detected capacity change from 0 to 11896
[    8.008151][  T199] loop35: detected capacity change from 0 to 12688
[    8.013600][  T204] loop38: detected capacity change from 0 to 12576
[    8.016250][  T208] loop42: detected capacity change from 0 to 3752
[    8.022209][  T191] loop29: detected capacity change from 0 to 528
[    8.053055][  T215] loop49: detected capacity change from 0 to 44200
[    8.057621][  T183] loop23: detected capacity change from 0 to 4856
[    8.060984][  T180] loop20: detected capacity change from 0 to 9632
[    8.092024][  T166] erofs: (device loop8): mounted with root inode @ nid 38.
[    8.095057][  T193] loop30: detected capacity change from 0 to 20504
[    8.104001][  T203] loop37: detected capacity change from 0 to 56016
[    8.105010][  T217] loop51: detected capacity change from 0 to 8880
[    8.117748][  T194] loop31: detected capacity change from 0 to 1120
[    8.197132][  T202] loop36: detected capacity change from 0 to 808
[    8.197766][  T207] loop41: detected capacity change from 0 to 11728
[    8.217579][  T182] loop21: detected capacity change from 0 to 13792
[    8.219398][  T200] loop34: detected capacity change from 0 to 2944
[    8.227916][  T210] loop44: detected capacity change from 0 to 1336
[    8.250449][  T209] loop43: detected capacity change from 0 to 744
[    8.253976][  T214] loop48: detected capacity change from 0 to 2368
[    8.256940][  T205] loop39: detected capacity change from 0 to 10136
[    8.309476][  T206] loop40: detected capacity change from 0 to 44064
[    8.339960][  T211] loop45: detected capacity change from 0 to 33784
[    8.378380][  T195] loop32: detected capacity change from 0 to 4312
[    8.412994][  T167] EXT4-fs (loop9): mounted filesystem 7d1522e1-9dfa-5edb-a43e-98e3a4d20250 ro without journal. Quota mode: none.
[    8.417345][  T169] EXT4-fs (loop11): mounted filesystem 7d1522e1-9dfa-5edb-a43e-98e3a4d20250 ro without journal. Quota mode: none.
[    8.497140][  T174] EXT4-fs (loop16): mounted filesystem 7d1522e1-9dfa-5edb-a43e-98e3a4d20250 ro without journal. Quota mode: none.
[    8.526007][  T168] EXT4-fs (loop10): mounted filesystem 7d1522e1-9dfa-5edb-a43e-98e3a4d20250 ro without journal. Quota mode: none.
[    8.545916][  T171] EXT4-fs (loop13): mounted filesystem 7d1522e1-9dfa-5edb-a43e-98e3a4d20250 ro without journal. Quota mode: none.
[    8.607021][  T215] EXT4-fs (loop49): mounted filesystem 7d1522e1-9dfa-5edb-a43e-98e3a4d20250 ro without journal. Quota mode: none.
[    8.622065][  T173] EXT4-fs (loop15): mounted filesystem 7d1522e1-9dfa-5edb-a43e-98e3a4d20250 ro without journal. Quota mode: none.
[    8.693776][  T172] EXT4-fs (loop14): mounted filesystem 7d1522e1-9dfa-5edb-a43e-98e3a4d20250 ro without journal. Quota mode: none.
[    8.801297][  T181] EXT4-fs (loop22): mounted filesystem 7d1522e1-9dfa-5edb-a43e-98e3a4d20250 ro without journal. Quota mode: none.
[    8.802155][  T184] EXT4-fs (loop24): mounted filesystem 7d1522e1-9dfa-5edb-a43e-98e3a4d20250 ro without journal. Quota mode: none.
[    8.805447][  T175] EXT4-fs (loop17): mounted filesystem 7d1522e1-9dfa-5edb-a43e-98e3a4d20250 ro without journal. Quota mode: none.
[    8.961525][  T178] EXT4-fs (loop19): mounted filesystem 7d1522e1-9dfa-5edb-a43e-98e3a4d20250 ro without journal. Quota mode: none.
[    8.984995][  T208] EXT4-fs (loop42): mounted filesystem 7d1522e1-9dfa-5edb-a43e-98e3a4d20250 ro without journal. Quota mode: none.
[    8.994173][  T180] EXT4-fs (loop20): mounted filesystem 7d1522e1-9dfa-5edb-a43e-98e3a4d20250 ro without journal. Quota mode: none.
[    9.011456][  T196] EXT4-fs (loop33): mounted filesystem 7d1522e1-9dfa-5edb-a43e-98e3a4d20250 ro without journal. Quota mode: none.
[    9.043361][  T191] EXT4-fs (loop29): mounted filesystem 7d1522e1-9dfa-5edb-a43e-98e3a4d20250 ro without journal. Quota mode: none.
[    9.096964][  T205] EXT4-fs (loop39): mounted filesystem 7d1522e1-9dfa-5edb-a43e-98e3a4d20250 ro without journal. Quota mode: none.
[    9.192373][  T207] EXT4-fs (loop41): mounted filesystem 7d1522e1-9dfa-5edb-a43e-98e3a4d20250 ro without journal. Quota mode: none.
[    9.203448][  T170] EXT4-fs (loop12): mounted filesystem 7d1522e1-9dfa-5edb-a43e-98e3a4d20250 ro without journal. Quota mode: none.
[    9.284688][  T192] EXT4-fs (loop28): mounted filesystem 7d1522e1-9dfa-5edb-a43e-98e3a4d20250 ro without journal. Quota mode: none.
[    9.319961][  T193] EXT4-fs (loop30): mounted filesystem 7d1522e1-9dfa-5edb-a43e-98e3a4d20250 ro without journal. Quota mode: none.
[    9.322787][  T188] EXT4-fs (loop25): mounted filesystem 7d1522e1-9dfa-5edb-a43e-98e3a4d20250 ro without journal. Quota mode: none.
[    9.329952][  T204] EXT4-fs (loop38): mounted filesystem 7d1522e1-9dfa-5edb-a43e-98e3a4d20250 ro without journal. Quota mode: none.
[    9.358665][  T213] EXT4-fs (loop47): mounted filesystem 7d1522e1-9dfa-5edb-a43e-98e3a4d20250 ro without journal. Quota mode: none.
[    9.366815][  T212] EXT4-fs (loop46): mounted filesystem 7d1522e1-9dfa-5edb-a43e-98e3a4d20250 ro without journal. Quota mode: none.
[    9.382373][  T189] EXT4-fs (loop26): mounted filesystem 7d1522e1-9dfa-5edb-a43e-98e3a4d20250 ro without journal. Quota mode: none.
[    9.392285][  T203] EXT4-fs (loop37): mounted filesystem 7d1522e1-9dfa-5edb-a43e-98e3a4d20250 ro without journal. Quota mode: none.
[    9.419031][  T206] EXT4-fs (loop40): mounted filesystem 7d1522e1-9dfa-5edb-a43e-98e3a4d20250 ro without journal. Quota mode: none.
[    9.454272][  T176] EXT4-fs (loop18): mounted filesystem 7d1522e1-9dfa-5edb-a43e-98e3a4d20250 ro without journal. Quota mode: none.
[    9.471024][  T199] EXT4-fs (loop35): mounted filesystem 7d1522e1-9dfa-5edb-a43e-98e3a4d20250 ro without journal. Quota mode: none.
[    9.523896][  T217] EXT4-fs (loop51): mounted filesystem 7d1522e1-9dfa-5edb-a43e-98e3a4d20250 ro without journal. Quota mode: none.
[    9.536225][  T190] EXT4-fs (loop27): mounted filesystem 7d1522e1-9dfa-5edb-a43e-98e3a4d20250 ro without journal. Quota mode: none.
[    9.540315][  T182] EXT4-fs (loop21): mounted filesystem 7d1522e1-9dfa-5edb-a43e-98e3a4d20250 ro without journal. Quota mode: none.
[    9.544676][  T200] EXT4-fs (loop34): mounted filesystem 7d1522e1-9dfa-5edb-a43e-98e3a4d20250 ro without journal. Quota mode: none.
[    9.553802][  T214] EXT4-fs (loop48): mounted filesystem 7d1522e1-9dfa-5edb-a43e-98e3a4d20250 ro without journal. Quota mode: none.
[    9.570877][  T194] EXT4-fs (loop31): mounted filesystem 7d1522e1-9dfa-5edb-a43e-98e3a4d20250 ro without journal. Quota mode: none.
[    9.571320][  T195] EXT4-fs (loop32): mounted filesystem 7d1522e1-9dfa-5edb-a43e-98e3a4d20250 ro without journal. Quota mode: none.
[    9.607708][  T202] EXT4-fs (loop36): mounted filesystem 7d1522e1-9dfa-5edb-a43e-98e3a4d20250 ro without journal. Quota mode: none.
[    9.614223][  T216] EXT4-fs (loop50): mounted filesystem 7d1522e1-9dfa-5edb-a43e-98e3a4d20250 ro without journal. Quota mode: none.
[    9.617044][  T183] EXT4-fs (loop23): mounted filesystem 7d1522e1-9dfa-5edb-a43e-98e3a4d20250 ro without journal. Quota mode: none.
[    9.618211][  T209] EXT4-fs (loop43): mounted filesystem 7d1522e1-9dfa-5edb-a43e-98e3a4d20250 ro without journal. Quota mode: none.
[    9.626793][  T210] EXT4-fs (loop44): mounted filesystem 7d1522e1-9dfa-5edb-a43e-98e3a4d20250 ro without journal. Quota mode: none.
[    9.697019][  T211] EXT4-fs (loop45): mounted filesystem 7d1522e1-9dfa-5edb-a43e-98e3a4d20250 ro without journal. Quota mode: none.
[    9.789688][  T104] apexd-bootstrap: Activated 52 packages. duration=3792ms
[    9.849750][  T104] apexd-bootstrap: OnBootstrap done, duration=5493
[   13.790103][  T103] ueventd: Coldboot took 9.674 seconds
[   14.050091][    T1] init: Service 'apexd-bootstrap' (pid 104) exited with status 0 waiting took 10.509000 seconds
[   14.050632][    T1] init: Sending SIGKILL to service 'apexd-bootstrap' (pid 104) process group...
[   14.053299][    T1] libprocessgroup: Removed cgroup /sys/fs/cgroup/system/uid_0/pid_104
[   14.166103][    T1] init: Parsing file /apex/com.android.adbd/etc/init.rc...
[   14.168113][    T1] init: Parsing file /apex/com.android.art/etc/init.rc...
[   14.169406][    T1] init: Parsing file /apex/com.android.configinfrastructure/etc/com.android.configinfrastrcture.init.rc...
[   14.171152][    T1] init: Parsing file /apex/com.android.hardware.authsecret/etc/android.hardware.authsecret-service.example.rc...
[   14.172460][    T1] init: Parsing file /apex/com.android.hardware.biometrics.fingerprint.virtual/etc/fingerprint-virtual.rc...
[   14.173691][    T1] init: Parsing file /apex/com.android.hardware.cas/etc/cas-default.rc...
[   14.175346][    T1] init: Parsing file /apex/com.android.hardware.contexthub/etc/android.hardware.contexthub-service.example.rc...
[   14.176692][    T1] init: Parsing file /apex/com.android.hardware.dumpstate/etc/dumpstate-default.rc...
[   14.177962][    T1] init: Parsing file /apex/com.android.hardware.gatekeeper/etc/android.hardware.gatekeeper-service.nonsecure.rc...
[   14.179295][    T1] init: Parsing file /apex/com.android.hardware.power/etc/com.android.hardware.power.rc...
[   14.180628][    T1] init: Parsing file /apex/com.android.hardware.rebootescrow/etc/rebootescrow-default.rc...
[   14.181791][    T1] init: Parsing file /apex/com.android.hardware.thermal/etc/android.hardware.thermal.example.rc...
[   14.182946][    T1] init: Parsing file /apex/com.android.hardware.threadnetwork/etc/threadnetwork-service-simulation-rcp.rc...
[   14.184188][    T1] init: Parsing file /apex/com.android.hardware.uwb/etc/uwb-service.rc...
[   14.185338][    T1] init: /apex/com.android.hardware.uwb/etc/uwb-service.rc: 1: ignored duplicate definition of service 'vendor.uwb_hal'
[   14.185660][    T1] init: Parsing file /apex/com.android.hardware.vibrator/etc/com.android.hardware.vibrator.rc...
[   14.186721][    T1] init: Parsing file /apex/com.android.media.swcodec/etc/mediaswcodec.32rc...
[   14.187924][    T1] init: Parsing file /apex/com.android.media/etc/mediatranscoding.32rc...
[   14.189131][    T1] init: Parsing file /apex/com.android.os.statsd/etc/init.rc...
[   14.190575][    T1] init: Parsing file /apex/com.android.sdkext/etc/derive_classpath.rc...
[   14.191621][    T1] init: Parsing file /apex/com.android.sdkext/etc/derive_sdk.rc...
[   14.192675][    T1] init: Parsing file /apex/com.android.tethering/etc/netbpfload.35rc...
[   14.194368][    T1] init: Parsing file /apex/com.android.tethering/etc/ot-daemon.34rc...
[   14.195718][    T1] init: Parsing file /apex/com.android.uprobestats/etc/init.rc...
[   14.196842][    T1] init: Parsing file /apex/com.android.wifi/etc/mainline_supplicant.rc...
[   14.197939][    T1] init: Parsing file /apex/com.google.android.widevine/etc/com.google.android.widevine.rikers.rc...
[   14.650382][    T1] init: linkerconfig generated /linkerconfig with mounted APEX modules info
[   14.651525][    T1] init: Command 'perform_apex_config' action=early-init (/system/etc/init/hw/init.rc:92) took 589ms and succeeded
[   14.678189][    T1] init: processing action (ro.boot.bootchart.enabled= && early-init) from (/system/etc/init/hw/init.rc:113)
[   14.679031][    T1] init: processing action (early-init) from (/init.environ.rc:2)
[   14.682711][    T1] init: processing action (early-init) from (/vendor/etc/init/hw/init.ranchu.rc:11)
[   14.701852][    T1] init: Command 'setprop ro.config.low_ram ${ro.boot.config.low_ram}' action=early-init (/vendor/etc/init/hw/init.ranchu.rc:15) took 2ms and failed: property 'ro.boot.config.low_ram' doesn't exist while expanding '${ro.boot.config.low_ram}'
[   14.712686][    T1] init: Command 'setprop ro.hardware.vulkan ${ro.boot.hardware.vulkan}' action=early-init (/vendor/etc/init/hw/init.ranchu.rc:18) took 1ms and failed: property 'ro.boot.hardware.vulkan' doesn't exist while expanding '${ro.boot.hardware.vulkan}'
[   14.724053][    T1] init: Command 'setprop dalvik.vm.checkjni ${ro.boot.dalvik.vm.checkjni}' action=early-init (/vendor/etc/init/hw/init.ranchu.rc:23) took 1ms and failed: property 'ro.boot.dalvik.vm.checkjni' doesn't exist while expanding '${ro.boot.dalvik.vm.checkjni}'
[   14.733006][    T1] init: Command 'setprop debug.stagefright.ccodec ${ro.boot.debug.stagefright.ccodec}' action=early-init (/vendor/etc/init/hw/init.ranchu.rc:33) took 0ms and failed: property 'ro.boot.debug.stagefright.ccodec' doesn't exist while expanding '${ro.boot.debug.stagefright.ccodec}'
[   14.738505][    T1] init: Command 'setprop debug.angle.feature_overrides_enabled ${ro.boot.hardware.angle_feature_overrides_enabled}' action=early-init (/vendor/etc/init/hw/init.ranchu.rc:35) took 0ms and failed: property 'ro.boot.hardware.angle_feature_overrides_enabled' doesn't exist while expanding '${ro.boot.hardware.angle_feature_overrides_enabled}'
[   14.740315][    T1] init: Command 'setprop debug.angle.feature_overrides_disabled ${ro.boot.hardware.angle_feature_overrides_disabled}' action=early-init (/vendor/etc/init/hw/init.ranchu.rc:36) took 0ms and failed: property 'ro.boot.hardware.angle_feature_overrides_disabled' doesn't exist while expanding '${ro.boot.hardware.angle_feature_overrides_disabled}'
[   14.762897][    T1] init: starting service 'vendor.dlkm_loader'...
[   14.777011][    T1] libprocessgroup: Created cgroup /sys/fs/cgroup/system/uid_0/pid_270
[   14.824857][    T1] init: ... started service 'vendor.dlkm_loader' has pid 270
[   14.826199][    T1] init: Command 'start vendor.dlkm_loader' action=early-init (/vendor/etc/init/hw/init.ranchu.rc:40) took 65ms and succeeded
[   14.837070][    T1] init: starting service 'exec 1 (/system/bin/modprobe -a -d /system/lib/modules zram.ko)'...
[   14.869304][    T1] libprocessgroup: Created cgroup /sys/fs/cgroup/system/uid_0/pid_271
[   14.925482][    T1] init: ... started service 'exec 1 (/system/bin/modprobe -a -d /system/lib/modules zram.ko)' has pid 271
[   14.927747][    T1] init: SVC_EXEC service 'exec 1 (/system/bin/modprobe -a -d /system/lib/modules zram.ko)' pid 271 (uid 0 gid 0+0 context u:r:modprobe:s0) started; waiting...
[   14.930848][    T1] init: Command 'exec u:r:modprobe:s0 -- /system/bin/modprobe -a -d /system/lib/modules zram.ko' action=early-init (/vendor/etc/init/hw/init.ranchu.rc:41) took 101ms and succeeded
[   15.246538][  T270] dlkm_loader: dlkm loader successfully initialized
[   15.327701][  T270] dlkm_loader: Loading module /vendor/lib/modules/ambakmi.ko with args ''
[   15.337923][  T270] dlkm_loader: Loaded kernel module /vendor/lib/modules/ambakmi.ko
[   15.348508][  T270] dlkm_loader: Loading module /vendor/lib/modules/armmmci.ko with args ''
[   15.366352][  T270] dlkm_loader: Loaded kernel module /vendor/lib/modules/armmmci.ko
[   15.373826][  T270] dlkm_loader: Loading module /system/lib/modules/rfkill.ko with args ''
[   15.401248][  T270] dlkm_loader: Loaded kernel module /system/lib/modules/rfkill.ko
[   15.407705][  T270] dlkm_loader: Loading module /system/lib/modules/bluetooth.ko with args ''
[   15.478288][  T271] zram: Added device: zram0
[   15.508683][    T1] init: Service 'exec 1 (/system/bin/modprobe -a -d /system/lib/modules zram.ko)' (pid 271) exited with status 0 waiting took 0.651000 seconds
[   15.510632][    T1] init: Sending SIGKILL to service 'exec 1 (/system/bin/modprobe -a -d /system/lib/modules zram.ko)' (pid 271) process group...
[   15.523312][    T1] libprocessgroup: Removed cgroup /sys/fs/cgroup/system/uid_0/pid_271
[   15.528287][    T1] init: processing action (early-init) from (/system/etc/init/aconfigd.rc:26)
[   15.559300][  T270] Bluetooth: Core ver 2.22
[   15.560191][  T270] NET: Registered PF_BLUETOOTH protocol family
[   15.560792][  T270] Bluetooth: HCI device and connection manager initialized
[   15.561800][  T270] Bluetooth: HCI socket layer initialized
[   15.562717][  T270] Bluetooth: L2CAP socket layer initialized
[   15.564706][  T270] Bluetooth: SCO socket layer initialized
[   15.573529][  T270] dlkm_loader: Loaded kernel module /system/lib/modules/bluetooth.ko
[   15.581412][  T270] dlkm_loader: Loading module /vendor/lib/modules/btintel.ko with args ''
[   15.589996][    T1] init: starting service 'early_system_aconfigd_platform_init'...
[   15.611180][  T270] dlkm_loader: Loaded kernel module /vendor/lib/modules/btintel.ko
[   15.625064][  T270] dlkm_loader: Loading module /vendor/lib/modules/btrtl.ko with args ''
[   15.625782][    T1] libprocessgroup: Created cgroup /sys/fs/cgroup/system/uid_1000
[   15.648001][  T270] dlkm_loader: Loaded kernel module /vendor/lib/modules/btrtl.ko
[   15.660470][  T270] dlkm_loader: Loading module /system/lib/modules/btbcm.ko with args ''
[   15.680672][  T270] dlkm_loader: Loaded kernel module /system/lib/modules/btbcm.ko
[   15.683397][  T270] dlkm_loader: Loading module /vendor/lib/modules/btusb.ko with args ''
[   15.693670][    T1] libprocessgroup: Created cgroup /sys/fs/cgroup/system/uid_1000/pid_272
[   15.707115][  T270] usbcore: registered new interface driver btusb
[   15.714341][  T270] dlkm_loader: Loaded kernel module /vendor/lib/modules/btusb.ko
[   15.720094][  T270] dlkm_loader: Loading module /vendor/lib/modules/cfg80211.ko with args ''
[   15.804346][    T1] init: ... started service 'early_system_aconfigd_platform_init' has pid 272
[   15.808295][    T1] init: SVC_EXEC service 'early_system_aconfigd_platform_init' pid 272 (uid 1000 gid 1000+0 context default) started; waiting...
[   15.809470][    T1] init: Command 'exec_start early_system_aconfigd_platform_init' action=early-init (/system/etc/init/aconfigd.rc:31) took 222ms and succeeded
[   15.863106][  T270] cfg80211: Loading compiled-in X.509 certificates for regulatory database
[   15.870085][  T270] Loaded X.509 cert 'sforshee: 00b28ddf47aef9cea7'
[   15.874553][  T270] Loaded X.509 cert 'wens: 61c038651aabdcf94bd0ac7ff06c7248db18c600'
[   15.884767][  T270] dlkm_loader: Loaded kernel module /vendor/lib/modules/cfg80211.ko
[   15.895090][  T270] dlkm_loader: Loading module /vendor/lib/modules/vexpress-config.ko with args ''
[   15.914521][  T270] dlkm_loader: Loaded kernel module /vendor/lib/modules/vexpress-config.ko
[   15.922093][  T270] dlkm_loader: Loading module /vendor/lib/modules/clk-vexpress-osc.ko with args ''
[   15.945684][  T270] dlkm_loader: Loaded kernel module /vendor/lib/modules/clk-vexpress-osc.ko
[   15.948298][  T270] dlkm_loader: Loading module /vendor/lib/modules/drm_dma_helper.ko with args ''
[   15.963684][  T270] dlkm_loader: Loaded kernel module /vendor/lib/modules/drm_dma_helper.ko
[   15.969123][  T270] dlkm_loader: Loading module /vendor/lib/modules/dummy-cpufreq.ko with args ''
[   16.003289][  T270] dlkm_loader: Loaded kernel module /vendor/lib/modules/dummy-cpufreq.ko
[   16.010755][  T270] dlkm_loader: Loading module /vendor/lib/modules/dummy_hcd.ko with args ''
[   16.026510][  T270] dummy_hcd dummy_hcd.0: USB Host+Gadget Emulator, driver 02 May 2005
[   16.029074][  T270] dummy_hcd dummy_hcd.0: Dummy host controller
[   16.030052][  T270] dummy_hcd dummy_hcd.0: new USB bus registered, assigned bus number 1
[   16.040551][  T270] usb usb1: New USB device found, idVendor=1d6b, idProduct=0002, bcdDevice= 6.12
[   16.041170][  T270] usb usb1: New USB device strings: Mfr=3, Product=2, SerialNumber=1
[   16.041717][  T270] usb usb1: Product: Dummy host controller
[   16.042225][  T270] usb usb1: Manufacturer: Linux 6.12.58-android16-6-gccafb60de224-ab14828483-4k dummy_hcd
[   16.043435][  T270] usb usb1: SerialNumber: dummy_hcd.0
[   16.056737][  T270] hub 1-0:1.0: USB hub found
[   16.058317][  T270] hub 1-0:1.0: 1 port detected
[   16.088284][  T270] dlkm_loader: Loaded kernel module /vendor/lib/modules/dummy_hcd.ko
[   16.092102][  T270] dlkm_loader: Loading module /vendor/lib/modules/failover.ko with args ''
[   16.117154][  T270] dlkm_loader: Loaded kernel module /vendor/lib/modules/failover.ko
[   16.121112][  T270] dlkm_loader: Loading module /vendor/lib/modules/goldfish_address_space.ko with args ''
[   16.126171][  T270] goldfish_address_space: loading out-of-tree module taints kernel.
[   16.137032][  T270] goldfish_address_space 0000:00:0b.0: enabling device (0000 -> 0002)
[   16.145929][  T270] dlkm_loader: Loaded kernel module /vendor/lib/modules/goldfish_address_space.ko
[   16.151260][  T270] dlkm_loader: Loading module /vendor/lib/modules/goldfish_battery.ko with args ''
[   16.190903][  T270] dlkm_loader: Loaded kernel module /vendor/lib/modules/goldfish_battery.ko
[   16.196374][  T270] dlkm_loader: Loading module /vendor/lib/modules/goldfish_pipe.ko with args ''
[   16.236989][  T270] dlkm_loader: Loaded kernel module /vendor/lib/modules/goldfish_pipe.ko
[   16.240520][  T270] dlkm_loader: Loading module /vendor/lib/modules/goldfish_sync.ko with args ''
[   16.271345][  T270] dlkm_loader: Loaded kernel module /vendor/lib/modules/goldfish_sync.ko
[   16.281854][  T270] dlkm_loader: Loading module /system/lib/modules/can-dev.ko with args ''
[   16.312920][  T270] CAN device driver interface
[   16.317682][  T270] dlkm_loader: Loaded kernel module /system/lib/modules/can-dev.ko
[   16.321364][  T270] dlkm_loader: Loading module /vendor/lib/modules/gs_usb.ko with args ''
[   16.339352][  T270] usbcore: registered new interface driver gs_usb
[   16.346151][  T270] dlkm_loader: Loaded kernel module /vendor/lib/modules/gs_usb.ko
[   16.353025][  T270] dlkm_loader: Loading module /vendor/lib/modules/hci_vhci.ko with args ''
[   16.378593][  T270] dlkm_loader: Loaded kernel module /vendor/lib/modules/hci_vhci.ko
[   16.384749][  T270] dlkm_loader: Loading module /vendor/lib/modules/kfifo_buf.ko with args ''
[   16.413442][  T270] dlkm_loader: Loaded kernel module /vendor/lib/modules/kfifo_buf.ko
[   16.425793][  T270] dlkm_loader: Loading module /system/lib/modules/libarc4.ko with args ''
[   16.456512][  T270] dlkm_loader: Loaded kernel module /system/lib/modules/libarc4.ko
[   16.457814][  T270] dlkm_loader: Loading module /vendor/lib/modules/mac80211.ko with args ''
[   16.629834][  T270] dlkm_loader: Loaded kernel module /vendor/lib/modules/mac80211.ko
[   16.634254][  T270] dlkm_loader: Loading module /vendor/lib/modules/mac80211_hwsim.ko with args 'radios=1 mac_prefix=5582
[   16.635818][  T270] dlkm_loader: '
[   16.655669][  T270] mac80211_hwsim: unknown parameter 'mac_prefix' ignored
[   16.659627][  T270] mac80211_hwsim: initializing netlink
[   16.739856][  T270] dlkm_loader: Loaded kernel module /vendor/lib/modules/mac80211_hwsim.ko
[   16.752897][  T270] dlkm_loader: Loading module /vendor/lib/modules/mt76.ko with args ''
[   16.817450][  T270] dlkm_loader: Loaded kernel module /vendor/lib/modules/mt76.ko
[   16.820937][  T270] dlkm_loader: Loading module /vendor/lib/modules/mt76-usb.ko with args ''
[   16.854494][  T270] dlkm_loader: Loaded kernel module /vendor/lib/modules/mt76-usb.ko
[   16.862850][  T270] dlkm_loader: Loading module /vendor/lib/modules/mt76x02-lib.ko with args ''
[   16.899121][  T270] dlkm_loader: Loaded kernel module /vendor/lib/modules/mt76x02-lib.ko
[   16.901532][  T270] dlkm_loader: Loading module /vendor/lib/modules/mt76x0-common.ko with args ''
[   16.918519][  T270] dlkm_loader: Loaded kernel module /vendor/lib/modules/mt76x0-common.ko
[   16.927296][  T270] dlkm_loader: Loading module /vendor/lib/modules/mt76x02-usb.ko with args ''
[   16.942424][  T270] dlkm_loader: Loaded kernel module /vendor/lib/modules/mt76x02-usb.ko
[   16.945888][  T270] dlkm_loader: Loading module /vendor/lib/modules/mt76x0u.ko with args ''
[   16.959913][  T270] usbcore: registered new interface driver mt76x0u
[   16.964252][  T270] dlkm_loader: Loaded kernel module /vendor/lib/modules/mt76x0u.ko
[   16.972530][  T270] dlkm_loader: Loading module /vendor/lib/modules/mt76x2-common.ko with args ''
[   17.003812][  T270] dlkm_loader: Loaded kernel module /vendor/lib/modules/mt76x2-common.ko
[   17.013128][  T270] dlkm_loader: Loading module /vendor/lib/modules/mt76x2u.ko with args ''
[   17.034688][  T270] usbcore: registered new interface driver mt76x2u
[   17.039161][  T270] dlkm_loader: Loaded kernel module /vendor/lib/modules/mt76x2u.ko
[   17.047934][  T270] dlkm_loader: Loading module /vendor/lib/modules/nd_virtio.ko with args ''
[   17.066567][  T270] dlkm_loader: Loaded kernel module /vendor/lib/modules/nd_virtio.ko
[   17.075031][  T270] dlkm_loader: Loading module /vendor/lib/modules/net_failover.ko with args ''
[   17.088294][  T270] dlkm_loader: Loaded kernel module /vendor/lib/modules/net_failover.ko
[   17.094373][  T270] dlkm_loader: Loading module /vendor/lib/modules/pl111_drm.ko with args ''
[   17.111150][  T270] dlkm_loader: Loaded kernel module /vendor/lib/modules/pl111_drm.ko
[   17.119337][  T270] dlkm_loader: Loading module /vendor/lib/modules/psmouse.ko with args ''
[   17.159314][  T270] dlkm_loader: Loaded kernel module /vendor/lib/modules/psmouse.ko
[   17.166376][  T270] dlkm_loader: Loading module /vendor/lib/modules/pulse8-cec.ko with args ''
[   17.184337][  T270] dlkm_loader: Loaded kernel module /vendor/lib/modules/pulse8-cec.ko
[   17.187401][  T270] dlkm_loader: Loading module /vendor/lib/modules/rtc-test.ko with args ''
[   17.204551][  T270] rtc-test rtc-test.0: registered as rtc1
[   17.216515][  T270] rtc-test rtc-test.1: registered as rtc2
[   17.225367][  T270] rtc-test rtc-test.2: registered as rtc3
[   17.230205][  T270] dlkm_loader: Loaded kernel module /vendor/lib/modules/rtc-test.ko
[   17.236652][  T270] dlkm_loader: Loading module /vendor/lib/modules/scmi_iio.ko with args ''
[   17.265799][  T270] dlkm_loader: Loaded kernel module /vendor/lib/modules/scmi_iio.ko
[   17.268912][  T270] dlkm_loader: module snd_aloop is blocklisted
[   17.270195][  T270] dlkm_loader: LoadWithAliases was unable to load snd_aloop, tried: snd_aloop
[   17.274724][  T270] dlkm_loader: Loading module /vendor/lib/modules/system_heap.ko with args ''
[   17.298624][  T270] dlkm_loader: Loaded kernel module /vendor/lib/modules/system_heap.ko
[   17.306574][  T270] dlkm_loader: Loading module /vendor/lib/modules/usbip-core.ko with args ''
[   17.321085][  T272] main[272]: Starting aconfigd_system command: EarlyPlatformInit
[   17.322504][  T272] main[272]: Starting early-init platform init
[   17.336564][  T270] dlkm_loader: Loaded kernel module /vendor/lib/modules/usbip-core.ko
[   17.336926][  T272] aconfigd_rust::utils[272]: build fingerprint is: google/sdk_gphone64_arm64/emu64a:17/CE2A.260420.019/15611780:userdebug/dev-keys
[   17.338008][  T272] aconfigd_rust::aconfigd[272]: device build fingerprint google/sdk_gphone64_arm64/emu64a:17/CE2A.260420.019/15611780:userdebug/dev-keys
[   17.338968][  T270] dlkm_loader: Loading module /vendor/lib/modules/v4l2-tpg.ko with args ''
[   17.339050][  T272] aconfigd_rust::utils[272]: security patch date is: 2026-05-05
[   17.340816][  T272] aconfigd_rust::aconfigd[272]: device security patch 2026-05-05
[   17.343117][  T272] aconfigd_rust::aconfigd[272]: start initialize system flags
[   17.353591][  T272] aconfigd_rust::storage_files[272]: create storage files object from container system
[   17.366233][  T270] dlkm_loader: Loaded kernel module /vendor/lib/modules/v4l2-tpg.ko
[   17.371679][  T270] dlkm_loader: Loading module /vendor/lib/modules/v4l2loopback.ko with args ''
[   17.403064][  T270] v4l2loopback driver version 0.12.7 loaded
[   17.405473][  T270] dlkm_loader: Loaded kernel module /vendor/lib/modules/v4l2loopback.ko
[   17.412202][  T270] dlkm_loader: Loading module /vendor/lib/modules/vexpress-sysreg.ko with args ''
[   17.418079][  T272] aconfigd_rust::storage_files[272]: copy system storage files to persist and boot directories
[   17.431378][  T270] dlkm_loader: Loaded kernel module /vendor/lib/modules/vexpress-sysreg.ko
[   17.435046][  T270] dlkm_loader: Loading module /vendor/lib/modules/vhci-hcd.ko with args ''
[   17.463877][  T270] vhci_hcd vhci_hcd.0: USB/IP Virtual Host Controller
[   17.464393][  T270] vhci_hcd vhci_hcd.0: new USB bus registered, assigned bus number 2
[   17.466125][  T270] vhci_hcd: created sysfs vhci_hcd.0
[   17.470677][  T270] usb usb2: New USB device found, idVendor=1d6b, idProduct=0002, bcdDevice= 6.12
[   17.472263][  T270] usb usb2: New USB device strings: Mfr=3, Product=2, SerialNumber=1
[   17.473422][  T270] usb usb2: Product: USB/IP Virtual Host Controller
[   17.474152][  T270] usb usb2: Manufacturer: Linux 6.12.58-android16-6-gccafb60de224-ab14828483-4k vhci_hcd
[   17.475528][  T270] usb usb2: SerialNumber: vhci_hcd.0
[   17.486459][  T270] hub 2-0:1.0: USB hub found
[   17.488988][  T270] hub 2-0:1.0: 8 ports detected
[   17.517558][  T270] vhci_hcd vhci_hcd.0: USB/IP Virtual Host Controller
[   17.518815][  T270] vhci_hcd vhci_hcd.0: new USB bus registered, assigned bus number 3
[   17.522505][  T270] usb usb3: We don't know the algorithms for LPM for this host, disabling LPM.
[   17.528389][  T270] usb usb3: New USB device found, idVendor=1d6b, idProduct=0003, bcdDevice= 6.12
[   17.529691][  T270] usb usb3: New USB device strings: Mfr=3, Product=2, SerialNumber=1
[   17.531750][  T270] usb usb3: Product: USB/IP Virtual Host Controller
[   17.533458][  T270] usb usb3: Manufacturer: Linux 6.12.58-android16-6-gccafb60de224-ab14828483-4k vhci_hcd
[   17.536418][  T270] usb usb3: SerialNumber: vhci_hcd.0
[   17.542230][  T270] hub 3-0:1.0: USB hub found
[   17.543572][  T270] hub 3-0:1.0: 8 ports detected
[   17.581513][  T270] dlkm_loader: Loaded kernel module /vendor/lib/modules/vhci-hcd.ko
[   17.585803][  T270] dlkm_loader: Loading module /vendor/lib/modules/virt_wifi.ko with args ''
[   17.626126][  T270] dlkm_loader: Loaded kernel module /vendor/lib/modules/virt_wifi.ko
[   17.633006][  T270] dlkm_loader: Loading module /vendor/lib/modules/virtio-gpu.ko with args ''
[   17.660618][  T272] aconfigd_rust::aconfigd[272]: start initialize system_ext flags
[   17.669948][  T272] aconfigd_rust::storage_files[272]: create storage files object from container system_ext
[   17.690040][  T270] dlkm_loader: Loaded kernel module /vendor/lib/modules/virtio-gpu.ko
[   17.697560][  T270] dlkm_loader: Loading module /vendor/lib/modules/virtio-media.ko with args ''
[   17.700783][  T272] aconfigd_rust::storage_files[272]: copy system_ext storage files to persist and boot directories
[   17.723826][  T270] dlkm_loader: Loaded kernel module /vendor/lib/modules/virtio-media.ko
[   17.730273][  T270] dlkm_loader: Loading module /vendor/lib/modules/virtio_input.ko with args ''
[   17.752726][  T270] dlkm_loader: Loaded kernel module /vendor/lib/modules/virtio_input.ko
[   17.764442][  T270] dlkm_loader: Loading module /vendor/lib/modules/virtio_net.ko with args ''
[   17.840392][  T270] dlkm_loader: Loaded kernel module /vendor/lib/modules/virtio_net.ko
[   17.847202][  T270] dlkm_loader: Loading module /vendor/lib/modules/virtio_pmem.ko with args ''
[   17.847254][  T272] aconfigd_rust::aconfigd[272]: start initialize product flags
[   17.855230][  T272] aconfigd_rust::storage_files[272]: create storage files object from container product
[   17.874768][  T270] dlkm_loader: Loaded kernel module /vendor/lib/modules/virtio_pmem.ko
[   17.880037][  T272] aconfigd_rust::storage_files[272]: copy product storage files to persist and boot directories
[   17.884534][  T270] dlkm_loader: Loading module /vendor/lib/modules/virtio_snd.ko with args ''
[   17.942555][  T270] dlkm_loader: Loaded kernel module /vendor/lib/modules/virtio_snd.ko
[   17.953346][  T270] dlkm_loader: Loading module /vendor/lib/modules/virtual-cpufreq.ko with args ''
[   17.973457][  T270] dlkm_loader: Loaded kernel module /vendor/lib/modules/virtual-cpufreq.ko
[   17.984756][  T270] dlkm_loader: Loading module /vendor/lib/modules/vivid.ko with args ''
[   18.037537][  T270] vivid-000: using single planar format API
[   18.046350][  T272] aconfigd_rust::aconfigd[272]: start initialize vendor flags
[   18.064571][  T272] aconfigd_rust::storage_files[272]: create storage files object from container vendor
[   18.097588][  T270] vivid-000: V4L2 capture device registered as video1
[   18.097727][  T272] aconfigd_rust::storage_files[272]: copy vendor storage files to persist and boot directories
[   18.099845][  T270] vivid-000: V4L2 output device registered as video2
[   18.101731][  T270] vivid-000: V4L2 capture device registered as vbi0, supports raw and sliced VBI
[   18.106604][  T270] vivid-000: V4L2 output device registered as vbi1, supports raw and sliced VBI
[   18.110319][  T270] vivid-000: V4L2 capture device registered as swradio0
[   18.112931][  T270] vivid-000: V4L2 receiver device registered as radio0
[   18.114470][  T270] vivid-000: V4L2 transmitter device registered as radio1
[   18.117348][  T270] vivid-000: V4L2 metadata capture device registered as video3
[   18.122647][  T270] vivid-000: V4L2 metadata output device registered as video4
[   18.125531][  T270] vivid-000: V4L2 touch capture device registered as v4l-touch0
[   18.143921][  T270] dlkm_loader: Loaded kernel module /vendor/lib/modules/vivid.ko
[   18.148848][  T270] dlkm_loader: module vkms is blocklisted
[   18.149778][  T270] dlkm_loader: LoadWithAliases was unable to load vkms, tried: vkms
[   18.153402][  T270] dlkm_loader: module load count is 56
[   18.211863][    T1] init: Service 'vendor.dlkm_loader' (pid 270) exited with status 0 oneshot service took 3.440000 seconds in background
[   18.214745][    T1] init: Sending SIGKILL to service 'vendor.dlkm_loader' (pid 270) process group...
[   18.225282][    T1] libprocessgroup: Removed cgroup /sys/fs/cgroup/system/uid_0/pid_270
[   18.241814][  T272] aconfigd_rust::storage_files_manager[272]: writing updated storage records /metadata/aconfig/platform_storage_records.pb
[   18.263873][  T272] aconfigd_rust::storage_files_manager[272]: no OTA flags staged, skip
[   18.269058][  T272] aconfigd_rust::storage_files[272]: apply staged server overrides for container system
[   18.286732][  T272] aconfigd_rust::storage_files[272]: apply staged local overrides for container system
[   18.289614][  T272] aconfigd_rust::storage_files[272]: apply staged server overrides for container system_ext
[   18.298770][  T272] aconfigd_rust::storage_files[272]: apply staged local overrides for container system_ext
[   18.300277][  T272] aconfigd_rust::storage_files[272]: apply staged server overrides for container product
[   18.305245][  T272] aconfigd_rust::storage_files[272]: apply staged local overrides for container product
[   18.308017][  T272] aconfigd_rust::storage_files[272]: apply staged server overrides for container vendor
[   18.313181][  T272] aconfigd_rust::storage_files[272]: apply staged local overrides for container vendor
[   18.333190][    T1] init: Service 'early_system_aconfigd_platform_init' (pid 272) exited with status 0 waiting took 2.718000 seconds
[   18.334386][    T1] init: Sending SIGKILL to service 'early_system_aconfigd_platform_init' (pid 272) process group...
[   18.338367][    T1] libprocessgroup: Removed cgroup /sys/fs/cgroup/system/uid_1000/pid_272
[   18.351470][    T1] init: processing action (ro.product.debugfs_restrictions.enabled=true && early-init) from (/system/etc/init/init-debug.rc:10)
[   18.381993][    T1] init: processing action (early-init) from (/system/etc/init/kcmdlinemodprobe.rc:16)
[   18.384942][    T1] init: starting service 'exec 2 (/system/bin/kcmdlinemodprobe)'...
[   18.422944][    T1] libprocessgroup: Created cgroup /sys/fs/cgroup/system/uid_0/pid_283
[   18.462234][    T1] init: ... started service 'exec 2 (/system/bin/kcmdlinemodprobe)' has pid 283
[   18.468003][    T1] init: SVC_EXEC service 'exec 2 (/system/bin/kcmdlinemodprobe)' pid 283 (uid 0 gid 0+0 context default) started; waiting...
[   18.469518][    T1] init: Command 'exec -- /system/bin/kcmdlinemodprobe' action=early-init (/system/etc/init/kcmdlinemodprobe.rc:17) took 86ms and succeeded
[   18.680229][    T1] init: Service 'exec 2 (/system/bin/kcmdlinemodprobe)' (pid 283) exited with status 0 waiting took 0.271000 seconds
[   18.680694][    T1] init: Sending SIGKILL to service 'exec 2 (/system/bin/kcmdlinemodprobe)' (pid 283) process group...
[   18.684425][    T1] libprocessgroup: Removed cgroup /sys/fs/cgroup/system/uid_0/pid_283
[   18.685273][    T1] init: processing action (early-init) from (/system/etc/init/prng_seeder.rc:5)
[   18.686959][    T1] init: starting service 'prng_seeder'...
[   18.689420][    T1] init: Created socket '/dev/socket/prng_seeder', mode 666, user 1092, group 1092
[   18.702702][    T1] libprocessgroup: Created cgroup /sys/fs/cgroup/system/uid_1092
[   18.721503][    T1] libprocessgroup: Created cgroup /sys/fs/cgroup/system/uid_1092/pid_284
[   18.771363][    T1] init: ... started service 'prng_seeder' has pid 284
[   18.774031][    T1] init: Command 'start prng_seeder' action=early-init (/system/etc/init/prng_seeder.rc:6) took 87ms and succeeded
[   18.776221][    T1] init: processing action (ro.product.cpu.abilist64=* && early-init) from (/vendor/etc/boringssl_self_test.zygote64.rc:1)
[   18.786798][    T1] init: starting service 'boringssl_self_test64_vendor'...
[   18.820306][    T1] libprocessgroup: Created cgroup /sys/fs/cgroup/system/uid_0/pid_285
[   18.938944][    T1] init: ... started service 'boringssl_self_test64_vendor' has pid 285
[   18.943308][    T1] init: SVC_EXEC service 'boringssl_self_test64_vendor' pid 285 (uid 0 gid 0+0 context default) started; waiting...
[   18.946702][    T1] init: Command 'exec_start boringssl_self_test64_vendor' action=ro.product.cpu.abilist64=* && early-init (/vendor/etc/boringssl_self_test.zygote64.rc:2) took 168ms and succeeded
[   19.358346][    T1] init: Service 'boringssl_self_test64_vendor' (pid 285) exited with status 0 waiting took 0.548000 seconds
[   19.359072][    T1] init: Sending SIGKILL to service 'boringssl_self_test64_vendor' (pid 285) process group...
[   19.363723][    T1] libprocessgroup: Removed cgroup /sys/fs/cgroup/system/uid_0/pid_285
[   19.372712][    T1] init: processing action (ConnectEarlyStageSnapuserd) from (<Builtin Action>:0)
[   19.374106][    T1] init: processing action (wait_for_coldboot_done) from (<Builtin Action>:0)
[   19.375344][    T1] init: start_waiting_for_property("ro.cold_boot_done", "true"): already set
[   19.376647][    T1] init: processing action (CheckTradeInModeStatus) from (<Builtin Action>:0)
[   19.378741][    T1] init: processing action (SetMmapRndBits) from (<Builtin Action>:0)
[   19.405897][    T1] init: processing action (KeychordInit) from (<Builtin Action>:0)
[   19.417899][    T1] init: EVIOCSMASK not supported: Invalid argument
[   19.424506][    T1] init: processing action (init) from (/system/etc/init/hw/init.rc:116)
[   19.586737][    T1] init: Command 'write /dev/blkio/blkio.weight 1000' action=init (/system/etc/init/hw/init.rc:218) took 1ms and failed: Unable to write to file '/dev/blkio/blkio.weight': open() failed: Permission denied
[   19.589363][    T1] init: Command 'write /dev/blkio/background/blkio.weight 200' action=init (/system/etc/init/hw/init.rc:219) took 2ms and failed: Unable to write to file '/dev/blkio/background/blkio.weight': open() failed: Permission denied
[   19.592557][    T1] init: Command 'write /dev/blkio/blkio.group_idle 0' action=init (/system/etc/init/hw/init.rc:221) took 1ms and failed: Unable to write to file '/dev/blkio/blkio.group_idle': open() failed: Permission denied
[   19.594277][    T1] init: Command 'write /dev/blkio/background/blkio.group_idle 0' action=init (/system/etc/init/hw/init.rc:222) took 1ms and failed: Unable to write to file '/dev/blkio/background/blkio.group_idle': open() failed: Permission denied
[   19.768037][    T1] init: Command 'write /dev/cpu_variant:${ro.bionic.2nd_arch} ${ro.bionic.2nd_cpu_variant}' action=init (/system/etc/init/hw/init.rc:440) took 0ms and failed: property 'ro.bionic.2nd_arch' doesn't exist while expanding '/dev/cpu_variant:${ro.bionic.2nd_arch}'
[   19.768893][    T1] init: Command 'chmod 0444 /dev/cpu_variant:${ro.bionic.2nd_arch}' action=init (/system/etc/init/hw/init.rc:441) took 0ms and failed: property 'ro.bionic.2nd_arch' doesn't exist while expanding '/dev/cpu_variant:${ro.bionic.2nd_arch}'
[   19.772363][    T1] init: starting service 'logd'...
[   19.774562][    T1] init: Created socket '/dev/socket/logd', mode 666, user 1036, group 1036
[   19.776296][    T1] init: Created socket '/dev/socket/logdr', mode 666, user 1036, group 1036
[   19.778060][    T1] init: Created socket '/dev/socket/logdw', mode 222, user 1036, group 1036
[   19.795649][    T1] libprocessgroup: Created cgroup /sys/fs/cgroup/system/uid_1036
[   19.813713][    T1] libprocessgroup: Created cgroup /sys/fs/cgroup/system/uid_1036/pid_286
[   19.852374][    T1] init: ... started service 'logd' has pid 286
[   19.854293][    T1] init: Command 'start logd' action=init (/system/etc/init/hw/init.rc:454) took 82ms and succeeded
[   19.881396][    T1] init: starting service 'lmkd'...
[   19.892711][    T1] init: Created socket '/dev/socket/lmkd', mode 660, user 1000, group 1000
[   19.932937][    T1] libprocessgroup: Created cgroup /sys/fs/cgroup/system/uid_1069
[   19.986265][    T1] libprocessgroup: Created cgroup /sys/fs/cgroup/system/uid_1069/pid_287
[   20.074025][    T1] init: ... started service 'lmkd' has pid 287
[   20.085523][    T1] init: Command 'start lmkd' action=init (/system/etc/init/hw/init.rc:461) took 202ms and succeeded
[   20.107413][    T1] init: starting service 'servicemanager'...
[   20.178689][    T1] libprocessgroup: Created cgroup /sys/fs/cgroup/system/uid_1000/pid_288
[   20.384153][    T1] init: ... started service 'servicemanager' has pid 288
[   20.388224][    T1] init: Command 'start servicemanager' action=init (/system/etc/init/hw/init.rc:464) took 289ms and succeeded
[   20.416524][    T1] init: starting service 'hwservicemanager'...
[   20.508730][    T1] libprocessgroup: Created cgroup /sys/fs/cgroup/system/uid_1000/pid_289
[   20.787860][    T1] init: ... started service 'hwservicemanager' has pid 289
[   20.791375][    T1] init: Command 'start hwservicemanager' action=init (/system/etc/init/hw/init.rc:465) took 394ms and succeeded
[   20.803422][    T1] init: Command 'start vndservicemanager' action=init (/system/etc/init/hw/init.rc:466) took 0ms and failed: service vndservicemanager not found
[   20.978239][    T1] init: processing action (ro.debuggable=1 && init) from (/system/etc/init/hw/init.rc:1306)
[   20.990299][    T1] init: starting service 'console'...
[   21.096754][    T1] libprocessgroup: Created cgroup /sys/fs/cgroup/system/uid_2000
[   21.265713][    T1] libprocessgroup: Created cgroup /sys/fs/cgroup/system/uid_2000/pid_290
[   21.540181][    T1] init: ... started service 'console' has pid 290
[   21.546248][    T1] init: Command 'start console' action=ro.debuggable=1 && init (/system/etc/init/hw/init.rc:1307) took 562ms and succeeded
[   21.550910][    T1] init: processing action (init) from (/vendor/etc/init/hw/init.ranchu.rc:43)
[   21.793625][    T1] init: starting service 'qemu-props'...
[   21.889194][    T1] libprocessgroup: Created cgroup /sys/fs/cgroup/system/uid_0/pid_292
[   22.173043][    T1] init: ... started service 'qemu-props' has pid 292
[   22.187720][    T1] init: Command 'start qemu-props' action=init (/vendor/etc/init/hw/init.ranchu.rc:70) took 406ms and succeeded
[   22.193382][    T1] init: processing action (ro.product.cpu.abilist64=* && init) from (/system/etc/init/hw/init.boringssl.zygote64.rc:1)
[   22.217554][    T1] init: starting service 'boringssl_self_test64'...
[   22.271327][    T1] libprocessgroup: Created cgroup /sys/fs/cgroup/system/uid_9999
[   22.463414][    T1] libprocessgroup: Created cgroup /sys/fs/cgroup/system/uid_9999/pid_297
[   22.794610][    T1] init: ... started service 'boringssl_self_test64' has pid 297
[   22.800319][    T1] init: SVC_EXEC service 'boringssl_self_test64' pid 297 (uid 9999 gid 0+0 context default) started; waiting...
[   22.802564][    T1] init: Command 'exec_start boringssl_self_test64' action=ro.product.cpu.abilist64=* && init (/system/etc/init/hw/init.boringssl.zygote64.rc:2) took 603ms and succeeded
[   22.885075][  T288] servicemanager: Starting sm instance on /dev/binder
[   23.158636][  T288] SELinux: SELinux: Loaded service context from:
[   23.166951][  T288] SELinux: 		/system/etc/selinux/plat_service_contexts
[   23.172219][  T288] SELinux: 		/system_ext/etc/selinux/system_ext_service_contexts
[   23.175779][  T288] SELinux: 		/product/etc/selinux/product_service_contexts
[   23.179634][  T288] SELinux: 		/vendor/etc/selinux/vendor_service_contexts
[   23.183032][  T288] SELinux: 		/odm/etc/selinux/odm_service_contexts
console:/ $ [   23.755683][  T286] logd: libprocessgroup: A JoinCgroup action in the SystemMemoryProcess profile is used for controller memory in the cgroup v2 hierarchy and will be ignored
[   24.052714][  T286] logd.auditd: start
[   24.054013][  T286] logd.klogd: 23931920992
[   24.066728][  T300] logd: IOUringSocketHandler: io_uring_set_iowait isn't supported by the kernel
[   24.192776][    T1] init: Service 'boringssl_self_test64' (pid 297) exited with status 0 waiting took 1.927000 seconds
[   24.193854][    T1] init: Sending SIGKILL to service 'boringssl_self_test64' (pid 297) process group...
[   24.207493][    T1] libprocessgroup: Removed cgroup /sys/fs/cgroup/system/uid_9999/pid_297
[   24.242944][    T1] init: processing action (ro.board.api_level=202604 && init) from (/system/etc/init/android.system.suspend-service.rc:7)
[   24.253799][    T1] init: processing action (init) from (/system/etc/init/audioserver.rc:66)
[   24.266884][    T1] init: processing action (init) from (/system/etc/init/perfetto.rc:163)
[   24.308469][    T1] init: processing action (CopyRollbackLogs) from (<Builtin Action>:0)
[   24.310638][    T1] init: processing action (late-init) from (/system/etc/init/hw/init.rc:518)
[   24.321240][    T1] init: processing action (late-init) from (/system/etc/init/atrace.rc:3)
[   24.411278][  T286] logd: Loaded bug_map file: /system_ext/etc/selinux/bug_map
[   24.417294][  T286] logd: Loaded bug_map file: /vendor/etc/selinux/selinux_denial_metadata
[   24.423837][  T286] logd: Loaded bug_map file: /system/etc/selinux/bug_map
[   24.847878][    T1] init: processing action (ro.boot.fastboot.boottrace= && late-init) from (/system/etc/init/atrace.rc:309)
[   24.851597][    T1] init: processing action (queue_property_triggers) from (<Builtin Action>:0)
[   24.853524][    T1] init: processing action (early-fs) from (/system/etc/init/hw/init.rc:551)
[   24.870121][    T1] init: starting service 'vold'...
[   24.893469][    T1] libprocessgroup: Created cgroup /sys/fs/cgroup/system/uid_0/pid_304
[   24.956349][    T1] init: ... started service 'vold' has pid 304
[   24.957779][    T1] init: Command 'start vold' action=early-fs (/system/etc/init/hw/init.rc:553) took 95ms and succeeded
[   24.959681][    T1] init: processing action (early-fs) from (/vendor/etc/init/hw/init.ranchu.rc:1)
[   24.963967][    T1] init: service 'vold' requested start, but it is already running (flags: 2052, pid: 304, started 77ms ago)
[   24.965496][    T1] init: processing action (fs) from (/vendor/etc/init/hw/init.ranchu.rc:4)
[   25.015373][    T1] init: processing action (fs) from (/system/etc/init/logd.rc:29)
[   25.022097][    T1] init: processing action (fs) from (/system/etc/init/wifi.rc:25)
[   25.031246][    T1] init: processing action (post-fs) from (/system/etc/init/hw/init.rc:555)
[   25.043019][    T1] init: starting service 'exec 3 (/system/bin/vdc checkpoint markBootAttempt)'...
[   25.074921][    T1] libprocessgroup: Created cgroup /sys/fs/cgroup/system/uid_1000/pid_305
[   25.142086][    T1] init: ... started service 'exec 3 (/system/bin/vdc checkpoint markBootAttempt)' has pid 305
[   25.145637][    T1] init: SVC_EXEC service 'exec 3 (/system/bin/vdc checkpoint markBootAttempt)' pid 305 (uid 1000 gid 1000+0 context default) started; waiting...
[   25.149830][    T1] init: Command 'exec - system system -- /system/bin/vdc checkpoint markBootAttempt' action=post-fs (/system/etc/init/hw/init.rc:556) took 110ms and succeeded
[   25.789776][  T304] libbinder.BackendUnifiedServiceManager: Thread Pool max thread count is 0. Cannot cache binder as linkToDeath cannot be implemented. serviceName: vold
[   25.818178][  T288] servicemanager: getDeviceHalManifest: Reading VINTF information.
[   25.844119][    T1] init: Service 'exec 3 (/system/bin/vdc checkpoint markBootAttempt)' (pid 305) exited with status 0 waiting took 0.779000 seconds
[   25.845388][    T1] init: Sending SIGKILL to service 'exec 3 (/system/bin/vdc checkpoint markBootAttempt)' (pid 305) process group...
[   25.852452][    T1] libprocessgroup: Removed cgroup /sys/fs/cgroup/system/uid_1000/pid_305
[   25.881684][  T288] servicemanager: Loaded APEX Infos from /apex/apex-info-list.xml
[   25.950991][    T1] init: Command 'chown system cache /cache' action=post-fs (/system/etc/init/hw/init.rc:571) took 0ms and failed: lchown() failed: Read-only file system
[   25.952799][  T288] servicemanager: Loaded APEX Infos from /apex/apex-info-list.xml
[   25.952866][    T1] init: Command 'chmod 0770 /cache' action=post-fs (/system/etc/init/hw/init.rc:572) took 0ms and failed: fchmodat() failed: Read-only file system
[   25.954341][  T288] servicemanager: getDeviceHalManifest: Successfully processed VINTF information
[   25.955752][  T288] servicemanager: getFrameworkHalManifest: Reading VINTF information.
[   25.961735][    T1] selinux: SELinux:  setxattr failed: /cache:  Read-only file system
[   25.964456][    T1] init: Command 'mkdir /cache/recovery 0770 system cache' action=post-fs (/system/etc/init/hw/init.rc:578) took 1ms and failed: mkdir() failed on /cache/recovery: Read-only file system
[   25.966757][    T1] init: Command 'mkdir /cache/backup_stage 0700 system system' action=post-fs (/system/etc/init/hw/init.rc:581) took 1ms and failed: mkdir() failed on /cache/backup_stage: Read-only file system
[   25.970226][    T1] init: Command 'mkdir /cache/backup 0700 system system' action=post-fs (/system/etc/init/hw/init.rc:582) took 2ms and failed: mkdir() failed on /cache/backup: Read-only file system
[   25.980107][    T1] init: Command 'mkdir /cache/lost+found 0770 root root' action=post-fs (/system/etc/init/hw/init.rc:609) took 1ms and failed: mkdir() failed on /cache/lost+found: Read-only file system
[   25.983000][  T288] servicemanager: Loaded APEX Infos from /apex/apex-info-list.xml
[   25.990341][  T288] servicemanager: getFrameworkHalManifest: Successfully processed VINTF information
[   25.995848][  T288] servicemanager: Caller(pid=304,uid=0,sid=u:r:vold:s0) Found android.system.vold.IVold/default in framework VINTF manifest.
[   26.004598][  T288] servicemanager: Caller(pid=304,uid=0,sid=u:r:vold:s0) Found android.system.vold.IVold/default in framework VINTF manifest.
[   26.077265][    T1] init: Command 'restorecon_recursive /metadata' action=post-fs (/system/etc/init/hw/init.rc:611) took 95ms and succeeded
[   26.265210][    T1] init: processing action (post-fs) from (/system/etc/init/aconfigd.rc:33)
[   26.276819][    T1] init: starting service 'system_aconfigd_platform_init'...
[   26.331150][    T1] libprocessgroup: Created cgroup /sys/fs/cgroup/system/uid_1000/pid_311
[   26.530544][    T1] init: ... started service 'system_aconfigd_platform_init' has pid 311
[   26.534673][    T1] init: SVC_EXEC service 'system_aconfigd_platform_init' pid 311 (uid 1000 gid 1000+0 context default) started; waiting...
[   26.539623][    T1] init: Command 'exec_start system_aconfigd_platform_init' action=post-fs (/system/etc/init/aconfigd.rc:38) took 267ms and succeeded
[   27.996384][    T1] init: Service 'system_aconfigd_platform_init' (pid 311) exited with status 0 waiting took 1.679000 seconds
[   27.998005][    T1] init: Sending SIGKILL to service 'system_aconfigd_platform_init' (pid 311) process group...
[   28.010119][    T1] libprocessgroup: Removed cgroup /sys/fs/cgroup/system/uid_1000/pid_311
[   28.063816][    T1] init: processing action (post-fs) from (/system/etc/init/atrace_userdebug.rc:7)
[   28.119198][    T1] init: processing action (post-fs) from (/system/etc/init/gsid.rc:8)
[   28.145145][    T1] init: processing action (post-fs) from (/system/etc/init/recovery-refresh.rc:1)
[   28.150705][    T1] init: starting service 'exec 4 (/system/bin/recovery-refresh)'...
[   28.186914][    T1] libprocessgroup: Created cgroup /sys/fs/cgroup/system/uid_1000/pid_312
[   28.249411][    T1] init: ... started service 'exec 4 (/system/bin/recovery-refresh)' has pid 312
[   28.253577][    T1] init: Command 'exec_background - system log -- /system/bin/recovery-refresh' action=post-fs (/system/etc/init/recovery-refresh.rc:2) took 105ms and succeeded
[   28.259312][    T1] init: processing action (late-fs) from (/system/etc/init/hw/init.rc:635)
[   28.338962][    T1] init: starting service 'system_suspend'...
[   28.423774][    T1] libprocessgroup: Created cgroup /sys/fs/cgroup/system/uid_1000/pid_313
[   28.629632][    T1] init: ... started service 'system_suspend' has pid 313
[   28.656778][    T1] init: starting service 'keystore2'...
[   28.735291][    T1] libprocessgroup: Created cgroup /sys/fs/cgroup/system/uid_1017
[   28.855433][    T1] libprocessgroup: Created cgroup /sys/fs/cgroup/system/uid_1017/pid_314
[   29.041409][    T1] init: ... started service 'keystore2' has pid 314
[   29.069546][    T1] init: starting service 'vendor.keymint-default'...
[   29.143054][    T1] libprocessgroup: Created cgroup /sys/fs/cgroup/system/uid_9999/pid_315
[   29.524820][    T1] init: ... started service 'vendor.keymint-default' has pid 315
[   29.566460][    T1] init: starting service 'vendor.gatekeeper_nonsecure'...
[   29.670625][    T1] libprocessgroup: Created cgroup /sys/fs/cgroup/system/uid_1000/pid_316
[   29.989630][    T1] init: ... started service 'vendor.gatekeeper_nonsecure' has pid 316
[   29.995762][    T1] init: Command 'class_start early_hal' action=late-fs (/system/etc/init/hw/init.rc:642) took 1707ms and succeeded
[   30.003733][    T1] init: Service 'exec 4 (/system/bin/recovery-refresh)' (pid 312) exited with status 254 oneshot service took 1.824000 seconds in background
[   30.007817][    T1] init: Sending SIGKILL to service 'exec 4 (/system/bin/recovery-refresh)' (pid 312) process group...
[   30.032815][    T1] libprocessgroup: Removed cgroup /sys/fs/cgroup/system/uid_1000/pid_312
[   30.059169][    T1] init: processing action (late-fs) from (/system/etc/init/hw/init.rc:649)
[   30.094145][    T1] init: processing action (late-fs) from (/vendor/etc/init/hw/init.ranchu.rc:7)
[   30.145891][    T1] init: Calling: /system/bin/vdc checkpoint restoreCheckpoint /dev/block/vdc
[   30.846902][  T288] servicemanager: Caller(pid=313,uid=1000,sid=u:r:system_suspend:s0) Found android.system.suspend.ISystemSuspend/default in framework VINTF manifest.
[   32.034165][  T317] libbinder.BackendUnifiedServiceManager: Thread Pool max thread count is 0. Cannot cache binder as linkToDeath cannot be implemented. serviceName: vold
[   32.075176][  T304] Checkpoint: No magic
[   32.103249][  T317] vdc: Command: checkpoint restoreCheckpoint /dev/block/vdc Failed: Status(-8, EX_SERVICE_SPECIFIC): '22: No magic'
[   32.150801][    T1] vdc: vdc terminated by exit(25)
[   32.151124][    T1] vdc:
[   32.154256][    C1] hrtimer: interrupt took 15360000 ns
[   32.167294][    T1] init: vdc call failed with error code: 25
[   32.175644][    T1] init: Calling: /system/bin/vdc checkpoint needsCheckpoint
[   32.810280][  T288] servicemanager: Caller(pid=315,uid=9999,sid=u:r:hal_keymint_default:s0) Found android.hardware.security.keymint.IKeyMintDevice/default in device VINTF manifest.
[   32.892140][  T288] servicemanager: Caller(pid=315,uid=9999,sid=u:r:hal_keymint_default:s0) Found android.hardware.security.secureclock.ISecureClock/default in device VINTF manifest.
[   32.951910][  T288] servicemanager: Caller(pid=315,uid=9999,sid=u:r:hal_keymint_default:s0) Found android.hardware.security.sharedsecret.ISharedSecret/default in device VINTF manifest.
[   33.003607][  T288] servicemanager: Caller(pid=315,uid=9999,sid=u:r:hal_keymint_default:s0) Found android.hardware.security.keymint.IRemotelyProvisionedComponent/default in device VINTF manifest.
[   33.031627][  T288] servicemanager: Caller(pid=316,uid=1000,sid=u:r:hal_gatekeeper_default:s0) Found android.hardware.security.sharedsecret.ISharedSecret/gatekeeper in device VINTF manifest.
[   33.059892][  T288] servicemanager: Caller(pid=316,uid=1000,sid=u:r:hal_gatekeeper_default:s0) Found android.hardware.gatekeeper.IGatekeeper/default in device VINTF manifest.
[   33.468855][  T321] libbinder.BackendUnifiedServiceManager: Thread Pool max thread count is 0. Cannot cache binder as linkToDeath cannot be implemented. serviceName: vold
[   33.487405][  T288] servicemanager: Caller(pid=304,uid=0,sid=u:r:vold:s0) Could not find android.hardware.boot.IBootControl/default in the VINTF manifest. No alternative instances declared in VINTF.
[   33.619187][  T304] vold: Error getting bootctrl v1.0 module.
[   33.769700][    T1] init: [libfs_mgr] superblock s_max_mnt_count:65535,/dev/block/vdc
[   33.779127][    T1] init: [libfs_mgr] Enabling quotas on /dev/block/vdc
[   33.786263][  T288] servicemanager: Caller(pid=314,uid=1017,sid=u:r:keystore:s0) Found android.system.keystore2.IKeystoreService/default in framework VINTF manifest.
[   34.081553][    T1] tune2fs: tune2fs 1.47.2 (1-Jan-2025)
[   34.161372][    T1] EXT4-fs (vdc): mounted filesystem 57f8f4bc-abf4-655f-bf67-946fc0f9f25b r/w with ordered data mode. Quota mode: journalled.
[   34.166943][    T1] init: [libfs_mgr] check_fs(): mount(/dev/block/vdc,/data,ext4)=0: Success
[   34.177496][    T1] EXT4-fs (vdc): unmounting filesystem 57f8f4bc-abf4-655f-bf67-946fc0f9f25b.
[   34.186461][    T1] init: [libfs_mgr] umount_retry(): unmount(/data) succeeded
[   34.188046][    T1] init: [libfs_mgr] Running /system/bin/e2fsck on /dev/block/vdc
[   34.344266][    T1] e2fsck: e2fsck 1.47.2 (1-Jan-2025)
[   34.367879][    T1] e2fsck: Pass 1: Checking inodes, blocks, and sizes
[   34.394352][    T1] e2fsck: Pass 2: Checking directory structure
[   34.398317][    T1] e2fsck: Pass 3: Checking directory connectivity
[   34.402224][    T1] e2fsck: Pass 4: Checking reference counts
[   34.410775][    T1] e2fsck: Pass 5: Checking group summary information
[   34.425652][    T1] e2fsck: /dev/block/vdc: 12/51296 files (0.0% non-contiguous), 6657/204800 blocks
[   34.447102][    T1] init: [libfs_mgr] fsck on /data took 300ms
[   34.448143][    T1] init: [libfs_mgr] superblock s_max_mnt_count:65535,/dev/block/vdc
[   34.448709][    T1] init: [libfs_mgr] Reserved blocks 32768 is too large; capping to 4096
[   34.449190][    T1] init: [libfs_mgr] Setting reserved block count on /dev/block/vdc to 4096
[   34.593602][    T1] tune2fs: tune2fs 1.47.2 (1-Jan-2025)
[   34.602360][    T1] tune2fs: Setting reserved blocks gid to 1065
[   34.603736][    T1] tune2fs: Setting reserved blocks count to 4096
[   34.615876][    T1] init: [libfs_mgr] Enabling ext4 flags encrypt on /dev/block/vdc
[   34.768198][    T1] tune2fs: tune2fs 1.47.2 (1-Jan-2025)
[   34.785070][    T1] init: [libfs_mgr] Enabling ext4 verity on /dev/block/vdc
[   34.925143][    T1] tune2fs: tune2fs 1.47.2 (1-Jan-2025)
[   34.941834][    T1] init: [libfs_mgr] Enabling ext4 casefold on /dev/block/vdc
[   35.082697][    T1] tune2fs: tune2fs 1.47.2 (1-Jan-2025)
[   35.091825][    T1] tune2fs: Setting encoding to 'utf8'
[   35.102654][    T1] init: Mount point /dev/block/vdc @ /data uses metadata encryption, which means we need to unmount it later and call encryptFstab/encrypt_inplace. To avoid file operations before encryption, we will mount it as read-only first
[   35.104388][    T1] EXT4-fs: Ignoring removed nomblk_io_submit option
[   35.105823][    T1] EXT4-fs (vdc): Using encoding defined by superblock: utf8-12.1.0 with flags 0x0
[   35.110524][    T1] EXT4-fs (vdc): mounted filesystem 57f8f4bc-abf4-655f-bf67-946fc0f9f25b ro with ordered data mode. Quota mode: journalled.
[   35.111523][    T1] init: [libfs_mgr] __mount(source=/dev/block/vdc,target=/data,type=ext4)=0: Success
[   35.117812][    T1] EXT4-fs (vdc): unmounting filesystem 57f8f4bc-abf4-655f-bf67-946fc0f9f25b.
[   35.121379][    T1] init: [libfs_mgr] umount_retry(): unmount(/data) succeeded
[   35.122339][    T1] init: Calling: /system/bin/vdc cryptfs encryptFstab /dev/block/vdc /data false ext4 false 0
[   35.289035][  T340] libbinder.BackendUnifiedServiceManager: Thread Pool max thread count is 0. Cannot cache binder as linkToDeath cannot be implemented. serviceName: vold
[   35.376038][  T304] vold: keystore2 Keystore generateKey returned service specific error: -67
[   35.377093][  T304] vold: Failed to generate rollback-resistant key.  This is expected if keystore doesn't support rollback resistance.  Falling back to non-rollback-resistant key.
[   36.856727][  T304] EXT4-fs (dm-5): Using encoding defined by superblock: utf8-12.1.0 with flags 0x0
[   36.865314][  T304] EXT4-fs (dm-5): mounted filesystem 57f8f4bc-abf4-655f-bf67-946fc0f9f25b r/w with ordered data mode. Quota mode: journalled.
[   36.869208][  T304] EXT4-fs (dm-5): unmounting filesystem 57f8f4bc-abf4-655f-bf67-946fc0f9f25b.
[   37.059532][  T304] e2fsck: /dev/block/mapper/userdata: clean, 12/51296 files, 6657/204800 blocks
[   37.072742][  T101] init: Unable to set property 'ro.boottime.init.fsck.data' from uid:0 gid:0 pid:304: Read-only property was already set
[   37.082196][  T304] vold: [libfs_mgr] Reserved blocks 32768 is too large; capping to 4096
[   37.086507][  T304] EXT4-fs: Ignoring removed nomblk_io_submit option
[   37.088935][  T304] EXT4-fs (dm-5): Using encoding defined by superblock: utf8-12.1.0 with flags 0x0
[   37.097176][  T304] EXT4-fs (dm-5): mounted filesystem 57f8f4bc-abf4-655f-bf67-946fc0f9f25b r/w with ordered data mode. Quota mode: journalled.
[   37.102418][  T101] init: Unable to set property 'ro.boottime.init.mount.data' from uid:0 gid:0 pid:304: Read-only property was already set
[   37.117799][  T304] libbinder.Binder: Binder transaction to android.os.IVold, function: encryptFstab, code: 41, took 1820ms. Data bytes: 144 Reply bytes: 4 Flags: 48
[   37.167409][    T1] init: Command 'mount_all /vendor/etc/fstab.ranchu --late' action=late-fs (/vendor/etc/init/hw/init.ranchu.rc:9) took 7067ms and succeeded
[   37.193644][    T1] init: processing action (post-fs-data) from (/system/etc/init/hw/init.rc:663)
[   37.201771][    T1] init: starting service 'exec 5 (/system/bin/vdc checkpoint prepareCheckpoint)'...
[   37.223798][    T1] libprocessgroup: Created cgroup /sys/fs/cgroup/system/uid_1000/pid_351
[   37.257556][    T1] init: ... started service 'exec 5 (/system/bin/vdc checkpoint prepareCheckpoint)' has pid 351
[   37.259392][    T1] init: SVC_EXEC service 'exec 5 (/system/bin/vdc checkpoint prepareCheckpoint)' pid 351 (uid 1000 gid 1000+0 context default) started; waiting...
[   37.261265][    T1] init: Command 'exec - system system -- /system/bin/vdc checkpoint prepareCheckpoint' action=post-fs-data (/system/etc/init/hw/init.rc:666) took 62ms and succeeded
[   37.463824][    T1] init: Service 'exec 5 (/system/bin/vdc checkpoint prepareCheckpoint)' (pid 351) exited with status 0 waiting took 0.250000 seconds
[   37.464527][    T1] init: Sending SIGKILL to service 'exec 5 (/system/bin/vdc checkpoint prepareCheckpoint)' (pid 351) process group...
[   37.467479][    T1] libprocessgroup: Removed cgroup /sys/fs/cgroup/system/uid_1000/pid_351
[   37.556305][    T1] init: starting service 'exec 6 (/system/bin/vdc --wait cryptfs enablefilecrypto)'...
[   37.594297][    T1] libprocessgroup: Created cgroup /sys/fs/cgroup/system/uid_0/pid_353
[   37.738073][    T1] init: ... started service 'exec 6 (/system/bin/vdc --wait cryptfs enablefilecrypto)' has pid 353
[   37.738806][    T1] init: SVC_EXEC service 'exec 6 (/system/bin/vdc --wait cryptfs enablefilecrypto)' pid 353 (uid 0 gid 0+0 context default) started; waiting...
[   37.739559][    T1] init: Command 'installkey /data' action=post-fs-data (/system/etc/init/hw/init.rc:675) took 232ms and succeeded
[   38.337815][  T353] libbinder.BackendUnifiedServiceManager: Thread Pool max thread count is 0. Cannot cache binder as linkToDeath cannot be implemented. serviceName: vold
[   38.395840][  T304] vold: keystore2 Keystore generateKey returned service specific error: -67
[   38.398222][  T304] vold: Failed to generate rollback-resistant key.  This is expected if keystore doesn't support rollback resistance.  Falling back to non-rollback-resistant key.
[   38.617000][    T1] init: Service 'exec 6 (/system/bin/vdc --wait cryptfs enablefilecrypto)' (pid 353) exited with status 0 waiting took 1.035000 seconds
[   38.617581][    T1] init: Sending SIGKILL to service 'exec 6 (/system/bin/vdc --wait cryptfs enablefilecrypto)' (pid 353) process group...
[   38.621735][    T1] libprocessgroup: Removed cgroup /sys/fs/cgroup/system/uid_0/pid_353
[   38.682017][    T1] init: Encryption policy of /data/bootchart set to f9e758227979214ce16b8d4c1aa8ded8 v2 modes 1/4 flags 0x2
[   38.686576][    T1] fscrypt: AES-256-CBC-CTS using implementation "cts-cbc-aes-ce"
[   38.692269][    T1] init: Command 'copy /data/system/entropy.dat /dev/urandom' action=post-fs-data (/system/etc/init/hw/init.rc:683) took 0ms and failed: Could not read input file '/data/system/entropy.dat': open() failed: No such file or directory
[   38.709991][    T1] init: Encryption policy of /data/vendor set to f9e758227979214ce16b8d4c1aa8ded8 v2 modes 1/4 flags 0x2
[   38.726601][    T1] init: Encryption policy of /data/anr set to f9e758227979214ce16b8d4c1aa8ded8 v2 modes 1/4 flags 0x2
[   38.742007][    T1] init: Encryption policy of /data/tombstones set to f9e758227979214ce16b8d4c1aa8ded8 v2 modes 1/4 flags 0x2
[   38.753642][    T1] init: starting service 'tombstoned'...
[   38.759250][    T1] init: Created socket '/dev/socket/tombstoned_crash', mode 666, user 1000, group 1000
[   38.761609][    T1] init: Created socket '/dev/socket/tombstoned_intercept', mode 666, user 1000, group 1000
[   38.764579][    T1] init: Created socket '/dev/socket/tombstoned_java_trace', mode 666, user 1000, group 1000
[   38.789106][    T1] libprocessgroup: Created cgroup /sys/fs/cgroup/system/uid_1058
[   38.820982][    T1] libprocessgroup: Created cgroup /sys/fs/cgroup/system/uid_1058/pid_355
[   39.003775][    T1] init: ... started service 'tombstoned' has pid 355
[   39.004456][    T1] init: Command 'start tombstoned' action=post-fs-data (/system/etc/init/hw/init.rc:693) took 252ms and succeeded
[   39.020466][    T1] init: Command 'enter_default_mount_ns' action=post-fs-data (/system/etc/init/hw/init.rc:696) took 0ms and failed: Failed to switch to default mount namespace.: Invalid argument
[   39.054652][    T1] init: Encryption policy of /data/misc set to f9e758227979214ce16b8d4c1aa8ded8 v2 modes 1/4 flags 0x2
[   39.123302][    T1] init: starting service 'exec 7 (/system/bin/vdc keymaster earlyBootEnded)'...
[   39.164915][    T1] libprocessgroup: Created cgroup /sys/fs/cgroup/system/uid_1000/pid_356
[   39.353934][    T1] init: ... started service 'exec 7 (/system/bin/vdc keymaster earlyBootEnded)' has pid 356
[   39.356214][    T1] init: SVC_EXEC service 'exec 7 (/system/bin/vdc keymaster earlyBootEnded)' pid 356 (uid 1000 gid 1000+0 context default) started; waiting...
[   39.363380][    T1] init: Command 'exec - system system -- /system/bin/vdc keymaster earlyBootEnded' action=post-fs-data (/system/etc/init/hw/init.rc:715) took 243ms and succeeded
[   40.525217][  T357] fscrypt: AES-256-XTS using implementation "xts-aes-ce"
[   41.097822][    T1] init: Service 'exec 7 (/system/bin/vdc keymaster earlyBootEnded)' (pid 356) exited with status 0 waiting took 1.942000 seconds
[   41.101834][    T1] init: Sending SIGKILL to service 'exec 7 (/system/bin/vdc keymaster earlyBootEnded)' (pid 356) process group...
[   41.105946][    T1] libprocessgroup: Removed cgroup /sys/fs/cgroup/system/uid_1000/pid_356
[   41.142306][    T1] init: Encryption policy of /data/property set to f9e758227979214ce16b8d4c1aa8ded8 v2 modes 1/4 flags 0x2
[   41.152942][  T100] init: Could not load single persistent property file, trying legacy directory: Unable to read persistent property file: open() failed: No such file or directory
[   41.210970][  T100] init: Wait for property 'ro.persistent_properties.ready=true' took 64ms
[   41.228750][    T1] init: starting service 'logd-reinit'...
[   41.279646][    T1] libprocessgroup: Created cgroup /sys/fs/cgroup/system/uid_1036/pid_359
[   41.452973][    T1] init: ... started service 'logd-reinit' has pid 359
[   41.457280][    T1] init: Command 'start logd-reinit' action=post-fs-data (/system/etc/init/hw/init.rc:724) took 240ms and succeeded
[   41.466660][    T1] init: Not setting encryption policy on: /data/apex
[   41.548696][    T1] init: Encryption policy of /data/apex/decompressed set to f9e758227979214ce16b8d4c1aa8ded8 v2 modes 1/4 flags 0x2
[   41.585666][    T1] init: Encryption policy of /data/app-staging set to f9e758227979214ce16b8d4c1aa8ded8 v2 modes 1/4 flags 0x2
[   41.605011][    T1] init: Encryption policy of /data/apex/ota_reserved set to f9e758227979214ce16b8d4c1aa8ded8 v2 modes 1/4 flags 0x2
[   41.629488][    T1] init: starting service 'apexd'...
[   41.678539][    T1] libprocessgroup: Created cgroup /sys/fs/cgroup/system/uid_0/pid_360
[   41.816802][    T1] init: ... started service 'apexd' has pid 360
[   41.818739][    T1] init: Command 'restart apexd' action=post-fs-data (/system/etc/init/hw/init.rc:751) took 197ms and succeeded
[   41.844044][    T1] init: Command 'copy /data/misc/recovery/ro.build.fingerprint /data/misc/recovery/ro.build.fingerprint.1' action=post-fs-data (/system/etc/init/hw/init.rc:755) took 1ms and failed: Could not read input file '/data/misc/recovery/ro.build.fingerprint': open() failed: No such file or directory
[   41.883271][    T1] init: Command 'copy /data/misc/recovery/proc/version /data/misc/recovery/proc/version.1' action=post-fs-data (/system/etc/init/hw/init.rc:762) took 1ms and failed: Could not read input file '/data/misc/recovery/proc/version': open() failed: No such file or directory
[   42.206352][    T1] init: Command 'mkdir /data/misc/shared_relro 0771 shared_relro shared_relro' action=post-fs-data (/system/etc/init/hw/init.rc:789) took 135ms and succeeded
[   42.387371][    T1] init: Command 'mkdir /data/misc/wifi/mainline_supplicant/sockets 0770 wifi wifi' action=post-fs-data (/system/etc/init/hw/init.rc:793) took 92ms and succeeded
[   42.549136][  T301] logd: logd reinit
[   42.559030][  T301] logd: Cannot read /data/misc/logd/event-log-tags
[   42.598145][    T1] init: Encryption policy of /data/local set to f9e758227979214ce16b8d4c1aa8ded8 v2 modes 1/4 flags 0x2
[   42.600330][    T1] init: Command 'mkdir /data/local 0751 root root encryption=Require' action=post-fs-data (/system/etc/init/hw/init.rc:801) took 55ms and succeeded
[   42.618879][  T301] logd: FrameworkListener: read() failed (Connection reset by peer)
[   42.663043][    T1] init: Service 'logd-reinit' (pid 359) exited with status 0 oneshot service took 1.403000 seconds in background
[   42.676959][    T1] init: Sending SIGKILL to service 'logd-reinit' (pid 359) process group...
[   42.697782][    T1] libprocessgroup: Removed cgroup /sys/fs/cgroup/system/uid_1036/pid_359
[   42.899414][    T1] init: Command 'mkdir /data/misc/boottrace 0771 system shell' action=post-fs-data (/system/etc/init/hw/init.rc:806) took 71ms and succeeded
[   43.378642][    T1] init: starting service 'exec 8 (/bin/rm -rf /data/misc/virtualizationservice)'...
[   43.443012][    T1] libprocessgroup: Created cgroup /sys/fs/cgroup/system/uid_1081
[   43.511535][    T1] libprocessgroup: Created cgroup /sys/fs/cgroup/system/uid_1081/pid_361
[   43.826815][    T1] init: ... started service 'exec 8 (/bin/rm -rf /data/misc/virtualizationservice)' has pid 361
[   43.834081][    T1] init: SVC_EXEC service 'exec 8 (/bin/rm -rf /data/misc/virtualizationservice)' pid 361 (uid 1081 gid 1000+0 context default) started; waiting...
[   43.836474][    T1] init: Command 'exec - virtualizationservice system -- /bin/rm -rf /data/misc/virtualizationservice' action=post-fs-data (/system/etc/init/hw/init.rc:844) took 464ms and succeeded
[   44.190509][  T360] apexd: Started. subcommand = (null)
[   44.213582][  T360] apexd: File-backed mount is disabled: ro.boot.veritymode=
[   44.307773][  T360] libbinder.BackendUnifiedServiceManager: Thread Pool max thread count is 0. Cannot cache binder as linkToDeath cannot be implemented. serviceName: vold
[   44.387040][  T360] apexd: Scanning /system/apex for pre-installed ApexFiles
[   44.400925][  T360] apexd: Found pre-installed APEX /system/apex/com.google.android.adservices.apex
[   44.403131][  T360] apexd: Found pre-installed APEX /system/apex/com.google.android.profiling.apex
[   44.406905][  T360] apexd: Found pre-installed APEX /system/apex/com.google.android.sdkext.apex
[   44.408322][  T360] apexd: Found pre-installed APEX /system/apex/com.google.android.mediaprovider.apex
[   44.413371][  T360] apexd: Found pre-installed APEX /system/apex/com.google.android.cellbroadcast.apex
[   44.420510][  T360] apexd: Found pre-installed APEX /system/apex/com.android.devicelock.apex
[   44.424574][  T360] apexd: Found pre-installed APEX /system/apex/com.google.android.wifi.apex
[   44.426091][  T360] apexd: Found pre-installed APEX /system/apex/com.google.android.healthfitness.apex
[   44.440725][  T360] apexd: Found pre-installed APEX /system/apex/com.google.android.uwb.apex
[   44.445937][  T360] apexd: Found pre-installed APEX /system/apex/com.google.android.os.statsd.apex
[   44.446906][  T360] apexd: Found pre-installed APEX /system/apex/com.google.android.resolv.apex
[   44.449178][  T360] apexd: Found pre-installed APEX /system/apex/com.google.android.ipsec.apex
[   44.452161][  T360] apexd: Found pre-installed APEX /system/apex/com.google.android.conscrypt.apex
[   44.453538][  T360] apexd: Found pre-installed APEX /system/apex/com.google.android.tzdata6.apex
[   44.455238][  T360] apexd: Found pre-installed APEX /system/apex/com.google.android.crashrecovery.apex
[   44.456020][  T360] apexd: Found pre-installed APEX /system/apex/com.google.android.scheduling.apex
[   44.458024][  T360] apexd: Found pre-installed APEX /system/apex/com.google.android.appsearch.apex
[   44.460821][  T360] apexd: Found pre-installed APEX /system/apex/com.google.android.nfcservices.apex
[   44.463082][  T360] apexd: Found pre-installed APEX /system/apex/com.google.android.rkpd.apex
[   44.464689][  T360] apexd: Found pre-installed APEX /system/apex/com.google.android.webapp.apex
[   44.466565][  T360] apexd: Found pre-installed APEX /system/apex/com.google.android.uprobestats.apex
[   44.468235][  T360] apexd: Found pre-installed APEX /system/apex/com.android.apex.cts.shim.apex
[   44.469850][  T360] apexd: Found pre-installed APEX /system/apex/com.google.android.media.apex
[   44.471019][  T360] apexd: Found pre-installed APEX /system/apex/com.google.android.media.swcodec.apex
[   44.472039][  T360] apexd: Found pre-installed APEX /system/apex/com.google.android.ondevicepersonalization.apex
[   44.474752][  T360] apexd: Found pre-installed APEX /system/apex/com.google.android.neuralnetworks.apex
[   44.476631][  T360] apexd: Found pre-installed APEX /system/apex/com.google.android.art.apex
[   44.479095][  T360] apexd: Found pre-installed APEX /system/apex/com.android.virt.apex
[   44.480229][  T360] apexd: Found pre-installed APEX /system/apex/com.google.android.permission.apex
[   44.483057][  T360] apexd: Found pre-installed APEX /system/apex/com.android.npumanager.apex
[   44.485867][  T360] apexd: Found pre-installed APEX /system/apex/com.android.runtime.apex
[   44.488455][  T360] apexd: Found pre-installed APEX /system/apex/com.google.android.bt.apex
[   44.490910][  T360] apexd: Found pre-installed APEX /system/apex/com.google.android.telephonycore.apex
[   44.497638][  T360] apexd: Found pre-installed APEX /system/apex/com.android.i18n.apex
[   44.502065][  T360] apexd: Found pre-installed APEX /system/apex/com.google.android.extservices.apex
[   44.506129][  T360] apexd: Found pre-installed APEX /system/apex/com.google.android.adbd.apex
[   44.510439][  T360] apexd: Found pre-installed APEX /system/apex/com.google.android.configinfrastructure.apex
[   44.513359][  T360] apexd: Found pre-installed APEX /system/apex/com.google.android.tethering.apex
[   44.517840][  T360] apexd: Scanning /system_ext/apex for pre-installed ApexFiles
[   44.524712][  T360] apexd: Found pre-installed APEX /system_ext/apex/com.android.hardware.biometrics.fingerprint.virtual.apex
[   44.529916][  T360] apexd: Scanning /product/apex for pre-installed ApexFiles
[   44.537148][  T360] apexd: Found pre-installed APEX /product/apex/com.google.android.gmssystem.prodvic.apex
[   44.539010][  T360] apexd: Scanning /vendor/apex for pre-installed ApexFiles
[   44.550505][  T360] apexd: Found pre-installed APEX /vendor/apex/com.android.hardware.vibrator.apex
[   44.552533][  T360] apexd: Found pre-installed APEX /vendor/apex/com.android.hardware.gatekeeper.nonsecure.apex
[   44.558095][  T360] apexd: Found pre-installed APEX /vendor/apex/com.android.hardware.dumpstate.apex
[   44.560513][  T360] apexd: Found pre-installed APEX /vendor/apex/com.android.hardware.authsecret.apex
[   44.563752][  T360] apexd: Found pre-installed APEX /vendor/apex/com.android.hardware.thermal.apex
[   44.567827][  T360] apexd: Found pre-installed APEX /vendor/apex/com.android.hardware.uwb.apex
[   44.569172][  T360] apexd: Found pre-installed APEX /vendor/apex/com.android.hardware.rebootescrow.apex
[   44.571190][  T360] apexd: Found pre-installed APEX /vendor/apex/com.android.hardware.contexthub.apex
[   44.574687][  T360] apexd: Found pre-installed APEX /vendor/apex/com.android.hardware.threadnetwork-simulation-rcp.apex
[   44.578144][  T360] apexd: Found pre-installed APEX /vendor/apex/com.google.android.widevine-15027108-cp2a.apex
[   44.581770][  T360] apexd: Found pre-installed APEX /vendor/apex/com.android.hardware.power.apex
[   44.584222][  T360] apexd: Found pre-installed APEX /vendor/apex/com.android.hardware.cas.apex
[   44.587093][  T360] apexd: Scanning /odm/apex for pre-installed ApexFiles
[   44.591346][  T360] apexd: /odm/apex does not exist. Skipping
[   45.716000][    T1] init: Service 'exec 8 (/bin/rm -rf /data/misc/virtualizationservice)' (pid 361) exited with status 0 waiting took 2.279000 seconds
[   45.726997][    T1] init: Sending SIGKILL to service 'exec 8 (/bin/rm -rf /data/misc/virtualizationservice)' (pid 361) process group...
[   45.751882][    T1] libprocessgroup: Removed cgroup /sys/fs/cgroup/system/uid_1081/pid_361
[   45.772554][    T1] init: Not setting encryption policy on: /data/preloads
[   45.862911][    T1] init: Command 'mkdir /data/preloads 0775 system system encryption=None' action=post-fs-data (/system/etc/init/hw/init.rc:849) took 86ms and succeeded
[   45.970270][    T1] init: Command 'mkdir /data/local/traces 0777 shell shell' action=post-fs-data (/system/etc/init/hw/init.rc:854) took 58ms and succeeded
[   46.018218][    T1] init: Encryption policy of /data/app-private set to f9e758227979214ce16b8d4c1aa8ded8 v2 modes 1/4 flags 0x2
[   46.040654][    T1] init: Encryption policy of /data/app-ephemeral set to f9e758227979214ce16b8d4c1aa8ded8 v2 modes 1/4 flags 0x2
[   46.072759][    T1] init: Encryption policy of /data/app-asec set to f9e758227979214ce16b8d4c1aa8ded8 v2 modes 1/4 flags 0x2
[   46.114657][    T1] init: Command 'mkdir /data/app-asec 0700 root root encryption=Require' action=post-fs-data (/system/etc/init/hw/init.rc:857) took 67ms and succeeded
[   46.248781][    T1] init: Encryption policy of /data/app-lib set to f9e758227979214ce16b8d4c1aa8ded8 v2 modes 1/4 flags 0x2
[   46.258149][    T1] init: Command 'mkdir /data/app-lib 0771 system system encryption=Require' action=post-fs-data (/system/etc/init/hw/init.rc:858) took 134ms and succeeded
[   46.305690][    T1] init: Encryption policy of /data/app set to f9e758227979214ce16b8d4c1aa8ded8 v2 modes 1/4 flags 0x2
[   46.347948][    T1] init: Encryption policy of /data/app-metadata set to f9e758227979214ce16b8d4c1aa8ded8 v2 modes 1/4 flags 0x2
[   46.361224][    T1] init: Command 'mkdir /data/app-metadata 0700 system system encryption=Require' action=post-fs-data (/system/etc/init/hw/init.rc:862) took 54ms and succeeded
[   46.383890][  T360] apexd: Successfully scanned 52 preinstalled APEXes duration=1996ms
[   46.413127][  T360] apexd: Populating APEX database from mounts...
[   46.429860][  T360] apexd: Found "/apex/com.google.android.widevine@190260313" backed by file /vendor/apex/com.google.android.widevine-15027108-cp2a.apex
[   46.433203][  T360] apexd: Found "/apex/com.android.hardware.rebootescrow@1" backed by file /vendor/apex/com.android.hardware.rebootescrow.apex
[   46.435221][  T360] apexd: Found "/apex/com.android.hardware.contexthub@1" backed by file /vendor/apex/com.android.hardware.contexthub.apex
[   46.445679][  T360] apexd: Found "/apex/com.android.virt@370399999" backed by file /system/apex/com.android.virt.apex
[   46.452731][    T1] init: Encryption policy of /data/fonts set to f9e758227979214ce16b8d4c1aa8ded8 v2 modes 1/4 flags 0x2
[   46.453741][    T1] init: Command 'mkdir /data/fonts/ 0771 root root encryption=Require' action=post-fs-data (/system/etc/init/hw/init.rc:865) took 91ms and succeeded
[   46.497874][  T360] apexd: Found "/apex/com.android.hardware.gatekeeper@1" backed by file /vendor/apex/com.android.hardware.gatekeeper.nonsecure.apex
[   46.504278][  T360] apexd: Found "/apex/com.android.hardware.dumpstate@1" backed by file /vendor/apex/com.android.hardware.dumpstate.apex
[   46.505362][  T360] apexd: Found "/apex/com.android.hardware.power@1" backed by file /vendor/apex/com.android.hardware.power.apex
[   46.514493][  T360] apexd: Found "/apex/com.android.os.statsd@370546200" backed by file /system/apex/com.google.android.os.statsd.apex
[   46.521125][  T360] apexd: Found "/apex/com.google.android.gmssystem@13" backed by file /product/apex/com.google.android.gmssystem.prodvic.apex
[   46.522408][  T360] apexd: Found "/apex/com.android.runtime@1" backed by file /system/apex/com.android.runtime.apex
[   46.524589][  T360] apexd: Found "/apex/com.android.configinfrastructure@370546200" backed by file /system/apex/com.google.android.configinfrastructure.apex
[   46.533629][  T360] apexd: Found "/apex/com.android.media.swcodec@370546200" backed by file /system/apex/com.google.android.media.swcodec.apex
[   46.536916][  T360] apexd: Found "/apex/com.android.tethering@370546200" backed by file /system/apex/com.google.android.tethering.apex
[   46.538916][  T360] apexd: Found "/apex/com.android.bt@370546200" backed by file /system/apex/com.google.android.bt.apex
[   46.540585][  T360] apexd: Found "/apex/com.android.cellbroadcast@370546200" backed by file /system/apex/com.google.android.cellbroadcast.apex
[   46.542030][  T360] apexd: Found "/apex/com.android.npumanager@370399999" backed by file /system/apex/com.android.npumanager.apex
[   46.543055][  T360] apexd: Found "/apex/com.android.tzdata@370546200" backed by file /system/apex/com.google.android.tzdata6.apex
[   46.544220][  T360] apexd: Found "/apex/com.android.apex.cts.shim@1" backed by file /system/apex/com.android.apex.cts.shim.apex
[   46.546049][  T360] apexd: Found "/apex/com.android.conscrypt@370546200" backed by file /system/apex/com.google.android.conscrypt.apex
[   46.548626][  T360] apexd: Found "/apex/com.android.ondevicepersonalization@370546200" backed by file /system/apex/com.google.android.ondevicepersonalization.apex
[   46.553457][  T360] apexd: Found "/apex/com.android.art@370546200" backed by file /system/apex/com.google.android.art.apex
[   46.558872][  T360] apexd: Found "/apex/com.android.hardware.uwb@1" backed by file /vendor/apex/com.android.hardware.uwb.apex
[   46.569424][  T360] apexd: Found "/apex/com.android.hardware.cas@1" backed by file /vendor/apex/com.android.hardware.cas.apex
[   46.584253][  T360] apexd: Found "/apex/com.android.neuralnetworks@370546200" backed by file /system/apex/com.google.android.neuralnetworks.apex
[   46.591783][  T360] apexd: Found "/apex/com.android.resolv@370546200" backed by file /system/apex/com.google.android.resolv.apex
[   46.601138][  T360] apexd: Found "/apex/com.android.telephonycore@370546200" backed by file /system/apex/com.google.android.telephonycore.apex
[   46.607546][  T360] apexd: Found "/apex/com.android.devicelock@1" backed by file /system/apex/com.android.devicelock.apex
[   46.611263][  T360] apexd: Found "/apex/com.android.i18n@1" backed by file /system/apex/com.android.i18n.apex
[   46.618637][  T360] apexd: Found "/apex/com.android.uprobestats@370546200" backed by file /system/apex/com.google.android.uprobestats.apex
[   46.624381][  T360] apexd: Found "/apex/com.android.scheduling@370546200" backed by file /system/apex/com.google.android.scheduling.apex
[   46.639832][  T360] apexd: Found "/apex/com.android.nfcservices@370546220" backed by file /system/apex/com.google.android.nfcservices.apex
[   46.646890][    T1] init: Command 'mkdir /data/fonts/files 0771 system system' action=post-fs-data (/system/etc/init/hw/init.rc:866) took 190ms and succeeded
[   46.650561][  T360] apexd: Found "/apex/com.android.extservices@370546203" backed by file /system/apex/com.google.android.extservices.apex
[   46.669818][  T360] apexd: Found "/apex/com.android.webapp@370399999" backed by file /system/apex/com.google.android.webapp.apex
[   46.690276][  T360] apexd: Found "/apex/com.android.wifi@370546200" backed by file /system/apex/com.google.android.wifi.apex
[   46.696633][  T360] apexd: Found "/apex/com.android.ipsec@370546200" backed by file /system/apex/com.google.android.ipsec.apex
[   46.698653][  T360] apexd: Found "/apex/com.android.mediaprovider@370546200" backed by file /system/apex/com.google.android.mediaprovider.apex
[   46.706595][  T360] apexd: Found "/apex/com.android.adservices@370546200" backed by file /system/apex/com.google.android.adservices.apex
[   46.709610][  T360] apexd: Found "/apex/com.android.permission@370546220" backed by file /system/apex/com.google.android.permission.apex
[   46.713899][  T360] apexd: Found "/apex/com.android.media@370546200" backed by file /system/apex/com.google.android.media.apex
[   46.717848][  T360] apexd: Found "/apex/com.android.appsearch@370546200" backed by file /system/apex/com.google.android.appsearch.apex
[   46.721965][  T360] apexd: Found "/apex/com.android.adbd@370546200" backed by file /system/apex/com.google.android.adbd.apex
[   46.726331][  T360] apexd: Found "/apex/com.android.sdkext@370546200" backed by file /system/apex/com.google.android.sdkext.apex
[   46.729434][  T360] apexd: Found "/apex/com.android.uwb@370546220" backed by file /system/apex/com.google.android.uwb.apex
[   46.731140][  T360] apexd: Found "/apex/com.android.hardware.vibrator@1" backed by file /vendor/apex/com.android.hardware.vibrator.apex
[   46.736508][  T360] apexd: Found "/apex/com.android.rkpd@370546200" backed by file /system/apex/com.google.android.rkpd.apex
[   46.738294][  T360] apexd: Found "/apex/com.android.hardware.threadnetwork@1" backed by file /vendor/apex/com.android.hardware.threadnetwork-simulation-rcp.apex
[   46.745510][  T360] apexd: Found "/apex/com.android.hardware.thermal@1" backed by file /vendor/apex/com.android.hardware.thermal.apex
[   46.749841][  T360] apexd: Found "/apex/com.android.profiling@370546200" backed by file /system/apex/com.google.android.profiling.apex
[   46.751619][  T360] apexd: Found "/apex/com.android.crashrecovery@370546200" backed by file /system/apex/com.google.android.crashrecovery.apex
[   46.754799][  T360] apexd: Found "/apex/com.android.hardware.authsecret@1" backed by file /vendor/apex/com.android.hardware.authsecret.apex
[   46.758567][    T1] init: Encryption policy of /data/dalvik-cache set to f9e758227979214ce16b8d4c1aa8ded8 v2 modes 1/4 flags 0x2
[   46.758634][  T360] apexd: Found "/apex/com.android.hardware.biometrics.fingerprint.virtual@1" backed by file /system_ext/apex/com.android.hardware.biometrics.fingerprint.virtual.apex
[   46.764062][  T360] apexd: Found "/apex/com.android.healthfitness@370546200" backed by file /system/apex/com.google.android.healthfitness.apex
[   46.764996][  T360] apexd: 52 packages restored.
[   46.766066][  T360] apexd: Marking APEXd as starting
[   46.773463][    T1] init: Encryption policy of /data/ota set to f9e758227979214ce16b8d4c1aa8ded8 v2 modes 1/4 flags 0x2
[   46.813959][  T360] apexd: OnStart done, duration=46
[   46.816363][  T360] libbinder.AidlLazyServiceRegistrar: Registering service apexservice
[   46.873047][    T1] init: Encryption policy of /data/ota_package set to f9e758227979214ce16b8d4c1aa8ded8 v2 modes 1/4 flags 0x2
[   46.881957][    T1] init: Command 'mkdir /data/ota_package 0770 system cache encryption=Require' action=post-fs-data (/system/etc/init/hw/init.rc:887) took 102ms and succeeded
[   46.917619][  T360] apexd: Marking APEXd as activated
[   46.946717][  T288] servicemanager: Notifying apexservice they do (previously: don't) have clients when service is guaranteed to be in use
[   46.972421][    T1] init: Encryption policy of /data/resource-cache set to f9e758227979214ce16b8d4c1aa8ded8 v2 modes 1/4 flags 0x2
[   46.973394][    T1] init: Command 'mkdir /data/resource-cache 0771 system system encryption=Require' action=post-fs-data (/system/etc/init/hw/init.rc:890) took 77ms and succeeded
[   46.977509][  T415] libbinder.AidlLazyServiceRegistrar: Process has 1 (of 1 available) client(s) in use after notification apexservice has clients: 1
[   46.978783][  T415] libbinder.AidlLazyServiceRegistrar: Shutdown prevented by forcePersist override flag.
[   47.040583][  T417] apexd: getActivePackages received by ApexService
[   47.082252][    T1] init: Command 'chmod 0771 /data/resource-cache' action=post-fs-data (/system/etc/init/hw/init.rc:892) took 61ms and succeeded
[   47.086669][    T1] init: Not setting encryption policy on: /data/lost+found
[   47.120043][    T1] init: Encryption policy of /data/drm set to f9e758227979214ce16b8d4c1aa8ded8 v2 modes 1/4 flags 0x2
[   47.196814][    T1] init: Encryption policy of /data/mediadrm set to f9e758227979214ce16b8d4c1aa8ded8 v2 modes 1/4 flags 0x2
[   47.199165][    T1] init: Command 'mkdir /data/mediadrm 0770 mediadrm mediadrm encryption=Require' action=post-fs-data (/system/etc/init/hw/init.rc:906) took 73ms and succeeded
[   47.236641][    T1] init: Encryption policy of /data/nfc set to f9e758227979214ce16b8d4c1aa8ded8 v2 modes 1/4 flags 0x2
[   47.295742][    T1] init: Encryption policy of /data/backup set to f9e758227979214ce16b8d4c1aa8ded8 v2 modes 1/4 flags 0x2
[   47.347306][    T1] init: Encryption policy of /data/ss set to f9e758227979214ce16b8d4c1aa8ded8 v2 modes 1/4 flags 0x2
[   47.380996][    T1] init: Encryption policy of /data/system set to f9e758227979214ce16b8d4c1aa8ded8 v2 modes 1/4 flags 0x2
[   47.577709][    T1] init: Not setting encryption policy on: /data/media
[   47.588818][    T1] init: Not setting encryption policy on: /data/misc_ce
[   47.600620][    T1] init: Not setting encryption policy on: /data/misc_de
[   47.613218][    T1] init: Not setting encryption policy on: /data/system_ce
[   47.624801][    T1] init: Not setting encryption policy on: /data/system_de
[   47.637608][    T1] init: Not setting encryption policy on: /data/user
[   47.650214][    T1] init: Not setting encryption policy on: /data/user_de
[   47.657841][    T1] init: Not setting encryption policy on: /data/vendor_ce
[   47.663918][    T1] init: Not setting encryption policy on: /data/vendor_de
[   47.671150][    T1] init: Not setting encryption policy on: /data/storage_area
[   47.690903][    T1] init: starting service 'casefolding_remover'...
[   47.791781][    T1] libprocessgroup: Created cgroup /sys/fs/cgroup/system/uid_1023
[   48.016868][    T1] libprocessgroup: Created cgroup /sys/fs/cgroup/system/uid_1023/pid_418
[   48.206627][  T417] libbinder.Binder: Binder transaction to android.apex.IApexService, function: getActivePackages, code: 7, took 1161ms. Data bytes: 68 Reply bytes: 15616 Flags: 16
[   48.292303][    T1] init: ... started service 'casefolding_remover' has pid 418
[   48.301830][    T1] init: Command 'start casefolding_remover' action=post-fs-data (/system/etc/init/hw/init.rc:960) took 605ms and succeeded
[   48.865380][  T101] init: Wait for property 'ro.casefolding.adjusted=1' took 553ms
[   48.901220][    T1] init: Service 'casefolding_remover' (pid 418) exited with status 0 oneshot service took 1.172000 seconds in background
[   48.901742][    T1] init: Sending SIGKILL to service 'casefolding_remover' (pid 418) process group...
[   48.904304][    T1] libprocessgroup: Removed cgroup /sys/fs/cgroup/system/uid_1023/pid_418
[   49.088761][    T1] init: Encryption policy of /data/cache set to f9e758227979214ce16b8d4c1aa8ded8 v2 modes 1/4 flags 0x2
[   49.100175][    T1] init: Encryption policy of /data/rollback set to f9e758227979214ce16b8d4c1aa8ded8 v2 modes 1/4 flags 0x2
[   49.105901][    T1] init: Encryption policy of /data/rollback-observer set to f9e758227979214ce16b8d4c1aa8ded8 v2 modes 1/4 flags 0x2
[   49.111720][    T1] init: Encryption policy of /data/rollback-history set to f9e758227979214ce16b8d4c1aa8ded8 v2 modes 1/4 flags 0x2
[   49.115103][    T1] init: Encryption policy of /data/incremental set to f9e758227979214ce16b8d4c1aa8ded8 v2 modes 1/4 flags 0x2
[   49.147561][    T1] init: start_waiting_for_property("apexd.status", "activated"): already set
[   49.148869][    T1] init: start_waiting_for_property("keystore.module_hash.sent", "true"): already set
[   49.333488][    T1] init: Command 'perform_apex_config' action=post-fs-data (/system/etc/init/hw/init.rc:1031) took 183ms and succeeded
[   49.335927][    T1] init: starting service 'system_aconfigd_socket_service'...
[   49.338609][    T1] init: Created socket '/dev/socket/aconfigd_system', mode 666, user 1000, group 1000
[   49.355696][    T1] libprocessgroup: Created cgroup /sys/fs/cgroup/system/uid_1000/pid_419
[   49.430970][    T1] init: ... started service 'system_aconfigd_socket_service' has pid 419
[   49.432941][    T1] init: Command 'start system_aconfigd_socket_service' action=post-fs-data (/system/etc/init/hw/init.rc:1033) took 97ms and succeeded
[   49.443676][    T1] init: starting service 'mainline_aconfigd_init'...
[   49.482653][    T1] libprocessgroup: Created cgroup /sys/fs/cgroup/system/uid_1000/pid_420
[   49.616956][    T1] init: ... started service 'mainline_aconfigd_init' has pid 420
[   49.621275][    T1] init: SVC_EXEC service 'mainline_aconfigd_init' pid 420 (uid 1000 gid 1000+0 context default) started; waiting...
[   49.624612][    T1] init: Command 'exec_start mainline_aconfigd_init' action=post-fs-data (/system/etc/init/hw/init.rc:1034) took 189ms and succeeded
[   50.149255][    T1] init: Service 'system_aconfigd_socket_service' (pid 419) exited with status 0 oneshot service took 0.798000 seconds in background
[   50.150657][    T1] init: Sending SIGKILL to service 'system_aconfigd_socket_service' (pid 419) process group...
[   50.157798][    T1] libprocessgroup: Removed cgroup /sys/fs/cgroup/system/uid_1000/pid_419
[   51.313072][    T1] init: Service 'mainline_aconfigd_init' (pid 420) exited with status 0 waiting took 1.843000 seconds
[   51.313611][    T1] init: Sending SIGKILL to service 'mainline_aconfigd_init' (pid 420) process group...
[   51.316997][    T1] libprocessgroup: Removed cgroup /sys/fs/cgroup/system/uid_1000/pid_420
[   51.327649][    T1] init: starting service 'mainline_aconfigd_socket_service'...
[   51.330050][    T1] init: Created socket '/dev/socket/aconfigd_mainline', mode 666, user 1000, group 1000
[   51.363187][    T1] libprocessgroup: Created cgroup /sys/fs/cgroup/system/uid_1000/pid_421
[   51.448126][    T1] init: ... started service 'mainline_aconfigd_socket_service' has pid 421
[   51.449877][    T1] init: Command 'start mainline_aconfigd_socket_service' action=post-fs-data (/system/etc/init/hw/init.rc:1035) took 122ms and succeeded
[   51.470298][    T1] init: starting service 'derive_sdk'...
[   51.504251][    T1] libprocessgroup: Created cgroup /sys/fs/cgroup/system/uid_9999/pid_422
[   51.617137][    T1] init: ... started service 'derive_sdk' has pid 422
[   51.633588][    T1] init: SVC_EXEC service 'derive_sdk' pid 422 (uid 9999 gid 9999+0 context default) started; waiting...
[   51.638659][    T1] init: Command 'exec_start derive_sdk' action=post-fs-data (/system/etc/init/hw/init.rc:1040) took 173ms and succeeded
[   51.831724][    T1] init: Service 'mainline_aconfigd_socket_service' (pid 421) exited with status 0 oneshot service took 0.475000 seconds in background
[   51.832958][    T1] init: Sending SIGKILL to service 'mainline_aconfigd_socket_service' (pid 421) process group...
[   51.843068][    T1] libprocessgroup: Removed cgroup /sys/fs/cgroup/system/uid_1000/pid_421
[   51.975355][    T1] init: Service 'derive_sdk' (pid 422) exited with status 0 waiting took 0.482000 seconds
[   51.975819][    T1] init: Sending SIGKILL to service 'derive_sdk' (pid 422) process group...
[   51.977427][    T1] libprocessgroup: Removed cgroup /sys/fs/cgroup/system/uid_9999/pid_422
[   51.989264][    T1] init: starting service 'exec 9 (/system/bin/vdc --wait cryptfs init_user0)'...
[   52.017490][    T1] libprocessgroup: Created cgroup /sys/fs/cgroup/system/uid_0/pid_423
[   52.044491][    T1] init: ... started service 'exec 9 (/system/bin/vdc --wait cryptfs init_user0)' has pid 423
[   52.046191][    T1] init: SVC_EXEC service 'exec 9 (/system/bin/vdc --wait cryptfs init_user0)' pid 423 (uid 0 gid 0+0 context default) started; waiting...
[   52.048029][    T1] init: Command 'init_user0' action=post-fs-data (/system/etc/init/hw/init.rc:1042) took 60ms and succeeded
[   52.248110][  T423] libbinder.BackendUnifiedServiceManager: Thread Pool max thread count is 0. Cannot cache binder as linkToDeath cannot be implemented. serviceName: vold
[   52.301277][  T304] vold: keystore2 Keystore generateKey returned service specific error: -67
[   52.302161][  T304] vold: Failed to generate rollback-resistant key.  This is expected if keystore doesn't support rollback resistance.  Falling back to non-rollback-resistant key.
[   52.859744][    T1] init: Service 'exec 9 (/system/bin/vdc --wait cryptfs init_user0)' (pid 423) exited with status 0 waiting took 0.851000 seconds
[   52.860339][    T1] init: Sending SIGKILL to service 'exec 9 (/system/bin/vdc --wait cryptfs init_user0)' (pid 423) process group...
[   52.862164][    T1] libprocessgroup: Removed cgroup /sys/fs/cgroup/system/uid_0/pid_423
[   53.255115][  T288] servicemanager: Notifying apexservice they don't (previously: do) have clients when we now have no record of a client
[   53.258339][  T417] libbinder.AidlLazyServiceRegistrar: Process has 0 (of 1 available) client(s) in use after notification apexservice has clients: 0
[   53.258890][  T417] libbinder.AidlLazyServiceRegistrar: Shutdown prevented by forcePersist override flag.
[   53.385327][    T1] selinux: SELinux: Skipping restorecon on directory(/data/system/shutdown-checkpoints)
[   53.703241][    T1] init: Command 'restorecon --recursive --skip-ce /data' action=post-fs-data (/system/etc/init/hw/init.rc:1045) took 838ms and succeeded
[   53.705573][    T1] init: starting service 'derive_classpath'...
[   53.722984][    T1] libprocessgroup: Created cgroup /sys/fs/cgroup/system/uid_1000/pid_426
[   53.797824][    T1] init: ... started service 'derive_classpath' has pid 426
[   53.807276][    T1] init: SVC_EXEC service 'derive_classpath' pid 426 (uid 1000 gid 1000+1 context default) started; waiting...
[   53.809408][    T1] init: Command 'exec_start derive_classpath' action=post-fs-data (/system/etc/init/hw/init.rc:1049) took 104ms and succeeded
[   54.068689][    T1] init: Service 'derive_classpath' (pid 426) exited with status 0 waiting took 0.350000 seconds
[   54.069358][    T1] init: Sending SIGKILL to service 'derive_classpath' (pid 426) process group...
[   54.072929][    T1] libprocessgroup: Removed cgroup /sys/fs/cgroup/system/uid_1000/pid_426
[   54.094053][    T1] init: starting service 'art_boot'...
[   54.111157][    T1] libprocessgroup: Created cgroup /sys/fs/cgroup/system/uid_0/pid_427
[   54.178783][    T1] init: ... started service 'art_boot' has pid 427
[   54.180187][    T1] init: SVC_EXEC service 'art_boot' pid 427 (uid 0 gid 0+0 context default) started; waiting...
[   54.181499][    T1] init: Command 'exec_start art_boot' action=post-fs-data (/system/etc/init/hw/init.rc:1055) took 94ms and succeeded
[   54.338119][    T1] init: Service 'art_boot' (pid 427) exited with status 0 waiting took 0.233000 seconds
[   54.338592][    T1] init: Sending SIGKILL to service 'art_boot' (pid 427) process group...
[   54.340472][    T1] libprocessgroup: Removed cgroup /sys/fs/cgroup/system/uid_0/pid_427
[   54.355470][    T1] init: starting service 'odsign'...
[   54.387408][    T1] libprocessgroup: Created cgroup /sys/fs/cgroup/system/uid_0/pid_428
[   54.456275][    T1] init: ... started service 'odsign' has pid 428
[   54.465699][    T1] init: Command 'start odsign' action=post-fs-data (/system/etc/init/hw/init.rc:1060) took 104ms and succeeded
[   57.208416][  T428] fs-verity: sha256 using implementation "sha256-ce" (multibuffer)
[   57.247164][  T101] init: Wait for property 'odsign.key.done=1' took 2776ms
[   57.267003][    T1] init: starting service 'apexd-snapshotde'...
[   57.287214][    T1] libprocessgroup: Created cgroup /sys/fs/cgroup/system/uid_0/pid_431
[   57.337974][    T1] init: ... started service 'apexd-snapshotde' has pid 431
[   57.342849][    T1] init: SVC_EXEC service 'apexd-snapshotde' pid 431 (uid 0 gid 1000+0 context default) started; waiting...
[   57.353817][    T1] init: Command 'exec_start apexd-snapshotde' action=post-fs-data (/system/etc/init/hw/init.rc:1074) took 87ms and succeeded
[   57.368645][    T1] init: Sending SIGKILL to service 'odsign' (pid 428) process group...
[   57.407384][    T1] libprocessgroup: Removed cgroup /sys/fs/cgroup/system/uid_0/pid_428
[   57.426287][    T1] init: Control message: Processed ctl.stop for 'odsign' from pid: 428 (/system/bin/odsign)
[   57.456651][    T1] init: Service 'odsign' (pid 428) received SIGKILL
[   57.457613][    T1] init: Sending SIGKILL to service 'odsign' (pid 428) process group...
[   57.459099][    T1] libprocessgroup: Failed to write 1 to /sys/fs/cgroup/system/uid_0/pid_428/cgroup.kill: No such file or directory
[   57.672714][  T431] apexd: Started. subcommand = --snapshotde
[   57.674912][  T431] apexd: File-backed mount is disabled: ro.boot.veritymode=
[   57.687858][  T431] libbinder.BackendUnifiedServiceManager: Thread Pool max thread count is 0. Cannot cache binder as linkToDeath cannot be implemented. serviceName: vold
[   57.695450][  T431] apexd-snapshotde: Marking APEXd as ready
[   57.711589][    T1] init: Service 'apexd-snapshotde' (pid 431) exited with status 0 waiting took 0.434000 seconds
[   57.712086][    T1] init: Sending SIGKILL to service 'apexd-snapshotde' (pid 431) process group...
[   57.713855][    T1] libprocessgroup: Removed cgroup /sys/fs/cgroup/system/uid_0/pid_431
[   57.759160][    T1] init: Command 'verity_update_state' action=post-fs-data (/system/etc/init/hw/init.rc:1084) took 5ms and failed: fs_mgr_load_verity_state() failed
[   57.759917][    T1] init: processing action (post-fs-data) from (/system/etc/init/hw/init.usb.rc:6)
[   57.767777][    T1] init: Encryption policy of /data/adb set to f9e758227979214ce16b8d4c1aa8ded8 v2 modes 1/4 flags 0x2
[   57.768352][    T1] init: processing action (post-fs-data) from (/vendor/etc/init/hw/init.ranchu.rc:72)
[   57.785139][    T1] init: starting service 'ranchu-device-state'...
[   57.801352][    T1] libprocessgroup: Created cgroup /sys/fs/cgroup/system/uid_0/pid_432
[   57.878338][    T1] init: ... started service 'ranchu-device-state' has pid 432
[   57.880276][    T1] init: Command 'start ranchu-device-state' action=post-fs-data (/vendor/etc/init/hw/init.ranchu.rc:76) took 96ms and succeeded
[   57.890041][    T1] init: starting service 'ranchu-adb-setup'...
[   57.923131][    T1] libprocessgroup: Created cgroup /sys/fs/cgroup/system/uid_1000/pid_433
[   58.053759][    T1] init: ... started service 'ranchu-adb-setup' has pid 433
[   58.057492][    T1] init: Command 'start ranchu-adb-setup' action=post-fs-data (/vendor/etc/init/hw/init.ranchu.rc:77) took 174ms and succeeded
[   58.061883][    T1] init: processing action (ro.boot.qemu.virtiowifi=1 && post-fs-data) from (/vendor/etc/init/hw/init.ranchu.rc:146)
[   58.077575][    T1] init: starting service 'ranchu-net'...
[   58.129756][    T1] libprocessgroup: Created cgroup /sys/fs/cgroup/system/uid_0/pid_434
[   58.333897][    T1] init: ... started service 'ranchu-net' has pid 434
[   58.348149][    T1] init: Command 'start ranchu-net' action=ro.boot.qemu.virtiowifi=1 && post-fs-data (/vendor/etc/init/hw/init.ranchu.rc:147) took 272ms and succeeded
[   58.366703][    T1] init: processing action (post-fs-data) from (/system/etc/init/bootstat.rc:9)
[   58.451873][    T1] init: processing action (ro.boot.dynamic_partitions=true && ro.debuggable=1 && post-fs-data) from (/system/etc/init/clean_scratch_files.rc:1)
[   58.471969][    T1] init: starting service 'exec 10 (/system/bin/clean_scratch_files)'...
[   58.557485][    T1] libprocessgroup: Created cgroup /sys/fs/cgroup/system/uid_0/pid_435
[   58.785620][    T1] init: ... started service 'exec 10 (/system/bin/clean_scratch_files)' has pid 435
[   58.799407][    T1] init: Command 'exec_background - root root -- /system/bin/clean_scratch_files' action=ro.boot.dynamic_partitions=true && ro.debuggable=1 && post-fs-data (/system/etc/init/clean_scratch_files.rc:2) took 338ms and succeeded
[   58.816435][    T1] init: processing action (post-fs-data) from (/system/etc/init/gsid.rc:17)
[   58.851549][    T1] init: Not setting encryption policy on: /data/gsi
[   59.031383][    T1] init: Command 'mkdir /data/gsi 0700 root root encryption=None' action=post-fs-data (/system/etc/init/gsid.rc:20) took 154ms and succeeded
[   59.141151][    T1] init: processing action (post-fs-data) from (/system/etc/init/incidentd.rc:21)
[   59.240668][    T1] init: Command 'mkdir /data/misc/incidents 0770 incidentd incidentd' action=post-fs-data (/system/etc/init/incidentd.rc:23) took 97ms and succeeded
[   59.246251][    T1] init: processing action (post-fs-data) from (/system/etc/init/logtagd.rc:4)
[   59.326339][    T1] init: processing action (post-fs-data) from (/system/etc/init/perfetto.rc:104)
[   59.340004][    T1] init: Command 'rm /data/misc/perfetto-traces/.guardraildata' action=post-fs-data (/system/etc/init/perfetto.rc:105) took 8ms and failed: unlink() failed: No such file or directory
[   59.344570][    T1] init: processing action (post-fs-data) from (/system/etc/init/pmgd.rc:28)
[   59.410359][    T1] init: processing action (post-fs-data) from (/system/etc/init/profcollectd.rc:23)
[   59.498108][    T1] init: processing action (post-fs-data) from (/system/etc/init/recovery-persist.rc:1)
[   59.538690][    T1] init: starting service 'exec 11 (/system/bin/recovery-persist)'...
[   59.703968][    T1] libprocessgroup: Created cgroup /sys/fs/cgroup/system/uid_1000/pid_438
[   60.080866][    T1] init: ... started service 'exec 11 (/system/bin/recovery-persist)' has pid 438
[   60.102780][    T1] init: Command 'exec_background - system log -- /system/bin/recovery-persist' action=post-fs-data (/system/etc/init/recovery-persist.rc:3) took 593ms and succeeded
[   60.106888][    T1] init: processing action (post-fs-data) from (/system/etc/init/wifi.rc:18)
[   60.176894][    T1] selinux: SELinux: Skipping restorecon on directory(/data/misc/apexdata/com.android.wifi)
[   60.189486][    T1] init: Command 'restorecon_recursive /data/misc/apexdata/com.android.wifi' action=post-fs-data (/system/etc/init/wifi.rc:19) took 71ms and succeeded
[   60.211439][    T1] init: processing action (post-fs-data) from (/system_ext/etc/init/init.system_ext.radio.rc:1)
[   60.299660][    T1] init: Command 'copy /vendor/etc/apns/apns-conf.xml /data/misc/apns/apns-conf.xml' action=post-fs-data (/system_ext/etc/init/init.system_ext.radio.rc:2) took 74ms and succeeded
[   60.318412][    T1] init: processing action (post-fs-data) from (/vendor/etc/init/hostapd.android.rc:9)
[   60.391835][    T1] init: Command 'mkdir /data/vendor/wifi 0770 wifi wifi' action=post-fs-data (/vendor/etc/init/hostapd.android.rc:10) took 69ms and succeeded
[   60.450364][    T1] init: processing action (load-bpf-programs) from (/system/etc/init/init-perfetto.rc:6)
[   60.598568][    T1] init: processing action (load-bpf-programs) from (/system/etc/init/init-perfetto.rc:6)
[   60.629479][    T1] init: Service 'ranchu-device-state' (pid 432) exited with status 0 oneshot service took 2.827000 seconds in background
[   60.637526][    T1] init: Sending SIGKILL to service 'ranchu-device-state' (pid 432) process group...
[   60.663642][    T1] libprocessgroup: Removed cgroup /sys/fs/cgroup/system/uid_0/pid_432
[   60.757415][    T1] init: processing action (load-bpf-programs) from (/system/etc/init/netbpfload.rc:38)
[   60.801687][    T1] init: starting service 'bpfloader'...
[   60.963302][    T1] libprocessgroup: Created cgroup /sys/fs/cgroup/system/uid_0/pid_440
[   61.493710][    T1] init: ... started service 'bpfloader' has pid 440
[   61.506168][    T1] init: SVC_EXEC service 'bpfloader' pid 440 (uid 0 gid 0+7 context default) started; waiting...
[   61.512939][    T1] init: Command 'exec_start bpfloader' action=load-bpf-programs (/system/etc/init/netbpfload.rc:47) took 743ms and succeeded
[   61.749280][    T1] init: Service 'exec 11 (/system/bin/recovery-persist)' (pid 438) exited with status 0 oneshot service took 2.136000 seconds in background
[   61.762928][    T1] init: Sending SIGKILL to service 'exec 11 (/system/bin/recovery-persist)' (pid 438) process group...
[   61.787548][    T1] libprocessgroup: Removed cgroup /sys/fs/cgroup/system/uid_1000/pid_438
[   61.839836][    T1] init: Service 'exec 10 (/system/bin/clean_scratch_files)' (pid 435) exited with status 0 oneshot service took 3.309000 seconds in background
[   61.843499][    T1] init: Sending SIGKILL to service 'exec 10 (/system/bin/clean_scratch_files)' (pid 435) process group...
[   61.865241][    T1] libprocessgroup: Removed cgroup /sys/fs/cgroup/system/uid_0/pid_435
[   62.470024][    T1] init: Service 'ranchu-adb-setup' (pid 433) exited with status 0 oneshot service took 4.558000 seconds in background
[   62.474362][    T1] init: Sending SIGKILL to service 'ranchu-adb-setup' (pid 433) process group...
[   62.491006][    T1] libprocessgroup: Removed cgroup /sys/fs/cgroup/system/uid_1000/pid_433
[   62.563270][  T440] NetBpfLoad: /apex/com.android.tethering/bin/netbpfload api:37/3700 kver:60c003a (64-on-aarch64:4k) libbpf: v1.4 uid:0 rc:01 user:010
[   62.579117][  T440] NetBpfLoad: Tethering APEX version 370546200 (system: 370399999)
[   62.586170][  T440] NetBpfLoad: detected 5 of 5: 2026Q2 api:37.0.0=3700
[   63.033210][    T1] init: Service 'ranchu-net' (pid 434) exited with status 0 oneshot service took 4.920000 seconds in background
[   63.034524][    T1] init: Sending SIGKILL to service 'ranchu-net' (pid 434) process group...
[   63.040754][    T1] libprocessgroup: Removed cgroup /sys/fs/cgroup/system/uid_0/pid_434
[   63.393666][  T440] NetBpfLoad: done, transferring control to uprobestatsbpfload.
[   63.521722][  T440] UprobeStatsBpfLoad: UprobeStatsBpfLoad loading optional ELF object /apex/com.android.uprobestats/etc/bpf/uprobestats/BitmapAllocation.o with license GPL
[   63.628098][  T440] UprobeStatsBpfLoad: UprobeStatsBpfLoad loading optional ELF object /apex/com.android.uprobestats/etc/bpf/uprobestats/Binder.o with license GPL
[   63.671889][  T440] UprobeStatsBpfLoad: UprobeStatsBpfLoad loading optional ELF object /apex/com.android.uprobestats/etc/bpf/uprobestats/Accessibility.o with license GPL
[   63.718833][  T440] UprobeStatsBpfLoad: UprobeStatsBpfLoad loading optional ELF object /apex/com.android.uprobestats/etc/bpf/uprobestats/GenericInstrumentation.o with license GPL
[   63.828558][  T440] UprobeStatsBpfLoad: UprobeStatsBpfLoad loading optional ELF object /apex/com.android.uprobestats/etc/bpf/uprobestats/ProcessManagement.o with license GPL
[   63.916539][  T440] UprobeStatsBpfLoad: UprobeStatsBpfLoad loading optional ELF object /apex/com.android.uprobestats/etc/bpf/uprobestats/DisruptiveApp.o with license GPL
[   64.867728][  T440] BpfLoader: Platform BpfLoader loading critical for healthd ELF object /vendor/etc/bpf/filterPowerSupplyEvents.o with license Apache 2.0
[   64.893784][  T440] BpfLoader: No maps section could be found in elf object
[   66.403345][  T440] NetBpfLoad: success.
[   66.411574][    T1] init: Service 'bpfloader' (pid 440) exited with status 0 waiting took 5.465000 seconds
[   66.412053][    T1] init: Sending SIGKILL to service 'bpfloader' (pid 440) process group...
[   66.413731][    T1] libprocessgroup: Removed cgroup /sys/fs/cgroup/system/uid_0/pid_440
[   66.422179][    T1] init: start_waiting_for_property("bpf.progs_loaded", "1"): already set
[   66.433325][    T1] init: starting service 'netd1shot'...
[   66.481502][    T1] libprocessgroup: Created cgroup /sys/fs/cgroup/system/uid_0/pid_444
[   66.550209][    T1] init: ... started service 'netd1shot' has pid 444
[   66.567756][    T1] init: SVC_EXEC service 'netd1shot' pid 444 (uid 0 gid 0+1 context default) started; waiting...
[   66.581521][    T1] init: Command 'exec_start netd1shot' action=load-bpf-programs (/system/etc/init/netbpfload.rc:58) took 147ms and succeeded
[   67.011396][    T1] init: Service 'netd1shot' (pid 444) exited with status 0 waiting took 0.541000 seconds
[   67.011882][    T1] init: Sending SIGKILL to service 'netd1shot' (pid 444) process group...
[   67.014097][    T1] libprocessgroup: Removed cgroup /sys/fs/cgroup/system/uid_0/pid_444
[   67.024519][    T1] init: starting service 'netd'...
[   67.027632][    T1] init: Created socket '/dev/socket/dnsproxyd', mode 660, user 0, group 3003
[   67.030975][    T1] init: Created socket '/dev/socket/mdns', mode 660, user 0, group 1000
[   67.033369][    T1] init: Created socket '/dev/socket/fwmarkd', mode 660, user 0, group 3003
[   67.054230][    T1] libprocessgroup: Created cgroup /sys/fs/cgroup/system/uid_0/pid_445
[   67.147032][    T1] init: ... started service 'netd' has pid 445
[   67.150915][    T1] init: Command 'start netd' action=load-bpf-programs (/system/etc/init/netbpfload.rc:59) took 126ms and succeeded
[   67.153555][    T1] init: processing action (zygote-start) from (/system/etc/init/hw/init.rc:1091)
[   67.165309][    T1] init: start_waiting_for_property("odsign.verification.done", "1"): already set
[   67.177003][    T1] init: starting service 'statsd'...
[   67.185683][    T1] init: Created socket '/dev/socket/statsdw', mode 222, user 1066, group 1066
[   67.217862][    T1] libprocessgroup: Created cgroup /sys/fs/cgroup/system/uid_1066
[   67.268053][    T1] libprocessgroup: Created cgroup /sys/fs/cgroup/system/uid_1066/pid_446
[   67.398126][    T1] init: ... started service 'statsd' has pid 446
[   67.402231][    T1] init: Command 'start statsd' action=zygote-start (/system/etc/init/hw/init.rc:1093) took 233ms and succeeded
[   67.417023][    T1] init: starting service 'zygote'...
[   67.431184][    T1] init: Created socket '/dev/socket/zygote', mode 660, user 0, group 1000
[   67.445621][    T1] init: Created socket '/dev/socket/usap_pool_primary', mode 660, user 0, group 1000
[   67.498976][    T1] libprocessgroup: Created cgroup /sys/fs/cgroup/system/uid_0/pid_447
[   67.708189][    T1] init: ... started service 'zygote' has pid 447
[   67.719678][    T1] init: Command 'start zygote' action=zygote-start (/system/etc/init/hw/init.rc:1094) took 312ms and succeeded
[   67.737659][    T1] init: Command 'start zygote_secondary' action=zygote-start (/system/etc/init/hw/init.rc:1095) took 2ms and failed: service zygote_secondary not found
[   67.755880][    T1] init: processing action (zygote-start) from (/vendor/etc/init/hw/init.ranchu.rc:79)
[   67.866034][    T1] init: processing action (firmware_mounts_complete) from (/system/etc/init/hw/init.rc:514)
[   67.909307][    T1] init: processing action (early-boot) from (/system/etc/init/installd.rc:7)
[   68.452349][    T1] init: processing action (early-boot) from (/system/etc/init/kcmdlinectrl.rc:17)
[   68.470433][    T1] init: starting service 'exec 12 (/system/bin/kcmdlinectrl update-props)'...
[   68.592986][    T1] libprocessgroup: Created cgroup /sys/fs/cgroup/system/uid_0/pid_448
[   68.806713][    T1] init: ... started service 'exec 12 (/system/bin/kcmdlinectrl update-props)' has pid 448
[   68.825115][    T1] init: Command 'exec_background -- /system/bin/kcmdlinectrl update-props' action=early-boot (/system/etc/init/kcmdlinectrl.rc:18) took 364ms and succeeded
[   68.841821][    T1] init: processing action (boot) from (/system/etc/init/hw/init.rc:1112)
[   69.037230][    T1] init: Command 'symlink /sys/fs/f2fs/${dev.mnt.dev.data} /dev/sys/fs/by-name/userdata' action=boot (/system/etc/init/hw/init.rc:1135) took 2ms and failed: property 'dev.mnt.dev.data' doesn't exist while expanding '/sys/fs/f2fs/${dev.mnt.dev.data}'
[   69.065553][    T1] init: Command 'symlink /sys/block/${dev.mnt.dev.data} /dev/sys/block/by-name/userdata' action=boot (/system/etc/init/hw/init.rc:1140) took 0ms and failed: property 'dev.mnt.dev.data' doesn't exist while expanding '/sys/block/${dev.mnt.dev.data}'
[   69.070513][    T1] init: Command 'symlink /sys/block/${dev.mnt.rootdisk.data} /dev/sys/block/by-name/rootdisk' action=boot (/system/etc/init/hw/init.rc:1141) took 0ms and failed: property 'dev.mnt.rootdisk.data' doesn't exist while expanding '/sys/block/${dev.mnt.rootdisk.data}'
[   69.248599][    T1] init: starting service 'hidl_memory'...
[   69.332732][    T1] libprocessgroup: Created cgroup /sys/fs/cgroup/system/uid_1000/pid_452
[   69.623426][    T1] init: ... started service 'hidl_memory' has pid 452
[   69.685823][    T1] init: starting service 'vendor.audio-hal'...
[   69.790282][    T1] libprocessgroup: Created cgroup /sys/fs/cgroup/system/uid_1041
[   69.997358][    T1] libprocessgroup: Created cgroup /sys/fs/cgroup/system/uid_1041/pid_456
[   70.585805][    T1] init: ... started service 'vendor.audio-hal' has pid 456
[   70.605602][    T1] init: starting service 'vendor.camera-provider-2-7-google'...
[   70.712099][    T1] libprocessgroup: Created cgroup /sys/fs/cgroup/system/uid_1000/pid_460
[   71.058420][    T1] init: ... started service 'vendor.camera-provider-2-7-google' has pid 460
[   71.111803][    T1] init: starting service 'vendor.health-default'...
[   71.473490][    T1] libprocessgroup: Created cgroup /sys/fs/cgroup/system/uid_1000/pid_461
[   72.031354][    T1] init: ... started service 'vendor.health-default' has pid 461
[   72.161119][    T1] init: starting service 'android-hardware-media-c2-goldfish'...
[   72.601044][    T1] libprocessgroup: Created cgroup /sys/fs/cgroup/system/uid_1013
[   72.897777][    T1] libprocessgroup: Created cgroup /sys/fs/cgroup/system/uid_1013/pid_462
[   73.336967][    T1] init: ... started service 'android-hardware-media-c2-goldfish' has pid 462
[   73.355814][    T1] init: starting service 'vendor.radio-ranchu'...
[   73.485123][    T1] libprocessgroup: Created cgroup /sys/fs/cgroup/system/uid_1001
[   73.975070][    T1] libprocessgroup: Created cgroup /sys/fs/cgroup/system/uid_1001/pid_463
[   74.563099][    T1] init: ... started service 'vendor.radio-ranchu' has pid 463
[   74.613169][    T1] init: starting service 'vendor.sensors-hal-multihal'...
[   74.736249][    T1] libprocessgroup: Created cgroup /sys/fs/cgroup/system/uid_1000/pid_464
[   75.402920][    T1] init: ... started service 'vendor.sensors-hal-multihal' has pid 464
[   75.429696][    T1] init: starting service 'vendor.usb_default'...
[   75.523691][    T1] libprocessgroup: Created cgroup /sys/fs/cgroup/system/uid_1000/pid_467
[   76.156606][    T1] init: ... started service 'vendor.usb_default' has pid 467
[   76.202256][    T1] init: starting service 'vendor.wifi_hal_legacy'...
[   76.496678][    T1] libprocessgroup: Created cgroup /sys/fs/cgroup/system/uid_1010
[   77.054637][    T1] libprocessgroup: Created cgroup /sys/fs/cgroup/system/uid_1010/pid_468
[   77.386327][  T461] healthd: Failed to lookup glob /sys/devices/platform/*gcdd/system_dev_stat: -3
[   77.788405][  T461] healthd: Discovered new charger device ac
[   77.791076][  T461] healthd: batteryCapacityLevelPath not found
[   77.811304][    T1] init: ... started service 'vendor.wifi_hal_legacy' has pid 468
[   77.824621][  T461] healthd: batteryChargeTimeToFullNowPath. not found
[   77.828355][  T461] healthd: batteryFullChargeDesignCapacityUahPath. not found
[   77.831407][  T461] healthd: batteryStateOfHealthPath not found
[   77.841354][  T461] healthd: batteryHealthStatusPath not found
[   77.845075][  T461] healthd: batteryManufacturingDatePath not found
[   77.852835][  T461] healthd: batteryFirstUsageDatePath not found
[   77.861742][  T461] healthd: chargingStatePath not found
[   77.869865][  T461] healthd: chargingPolicyPath not found
[   77.875862][    T1] init: starting service 'vendor.bluetooth-default'...
[   77.882145][  T461] healthd: batterySerialPath not found
[   77.885643][  T461] healthd: batteryManufacturerPath not found
[   77.889492][  T461] healthd: batteryModelNamePath not found
[   77.895685][  T461] healthd: batteryVoltageMinDesignPath not found
[   78.024914][    T1] libprocessgroup: Created cgroup /sys/fs/cgroup/system/uid_1002
[   78.778599][  T288] servicemanager: Caller(pid=461,uid=1000,sid=u:r:hal_health_default:s0) Found android.hardware.health.IHealth/default in device VINTF manifest.
[   78.816013][    T1] libprocessgroup: Created cgroup /sys/fs/cgroup/system/uid_1002/pid_469
[   79.049651][  T461] HealthLoop: Successfully attached the BPF filter to the uevent socket
[   79.613435][  T461] healthd: battery l=100 v=5000 t=25.0 h=2 st=2 c=900000 fc=3000000 cc=10 chg=a
[   79.898148][    T1] init: ... started service 'vendor.bluetooth-default' has pid 469
[   79.963136][    T1] init: starting service 'vendor.hwcomposer-3'...
[   80.350887][    T1] libprocessgroup: Created cgroup /sys/fs/cgroup/system/uid_1000/pid_470
[   81.390804][    T1] init: ... started service 'vendor.hwcomposer-3' has pid 470
[   81.413274][    T1] init: starting service 'vendor.identity-default'...
[   81.499504][    T1] libprocessgroup: Created cgroup /sys/fs/cgroup/system/uid_9999/pid_471
[   82.456258][    T1] init: ... started service 'vendor.identity-default' has pid 471
[   82.493012][    T1] init: starting service 'vendor.light-default'...
[   82.594684][    T1] libprocessgroup: Created cgroup /sys/fs/cgroup/system/uid_9999/pid_472
[   83.350530][    T1] init: ... started service 'vendor.light-default' has pid 472
[   83.557443][    T1] init: starting service 'vendor.authsecret_default'...
[   83.932952][    T1] libprocessgroup: Created cgroup /sys/fs/cgroup/system/uid_1064
[   84.380108][    T1] libprocessgroup: Created cgroup /sys/fs/cgroup/system/uid_1064/pid_473
[   84.392047][  T288] servicemanager: Caller(pid=467,uid=1000,sid=u:r:hal_usb_default:s0) Found android.hardware.usb.IUsb/default in device VINTF manifest.
[   85.048483][  T288] servicemanager: Caller(pid=463,uid=1001,sid=u:r:hal_radio_default:s0) Found android.hardware.radio.ims.media.IImsMedia/default in device VINTF manifest.
[   85.216483][  T288] servicemanager: Caller(pid=463,uid=1001,sid=u:r:hal_radio_default:s0) Found android.hardware.radio.config.IRadioConfig/default in device VINTF manifest.
[   85.345310][  T288] servicemanager: Caller(pid=463,uid=1001,sid=u:r:hal_radio_default:s0) Found android.hardware.radio.data.IRadioData/slot1 in device VINTF manifest.
[   85.449302][    T1] init: ... started service 'vendor.authsecret_default' has pid 473
[   85.520592][  T288] servicemanager: Caller(pid=463,uid=1001,sid=u:r:hal_radio_default:s0) Found android.hardware.radio.ims.IRadioIms/slot1 in device VINTF manifest.
[   85.574078][    T1] init: starting service 'vendor.cas-default'...
[   85.711858][  T288] servicemanager: Caller(pid=468,uid=1010,sid=u:r:hal_wifi_default:s0) Found android.hardware.wifi.IWifi/default in device VINTF manifest.
[   85.813104][  T288] servicemanager: Caller(pid=463,uid=1001,sid=u:r:hal_radio_default:s0) Found android.hardware.radio.messaging.IRadioMessaging/slot1 in device VINTF manifest.
[   86.006596][  T288] servicemanager: Caller(pid=463,uid=1001,sid=u:r:hal_radio_default:s0) Found android.hardware.radio.modem.IRadioModem/slot1 in device VINTF manifest.
[   86.025328][    T1] libprocessgroup: Created cgroup /sys/fs/cgroup/system/uid_1013/pid_480
[   86.114588][  T288] servicemanager: Caller(pid=464,uid=1000,sid=u:r:hal_sensors_default:s0) Found android.hardware.sensors.ISensors/default in device VINTF manifest.
[   86.198810][  T288] servicemanager: Caller(pid=463,uid=1001,sid=u:r:hal_radio_default:s0) Found android.hardware.radio.network.IRadioNetwork/slot1 in device VINTF manifest.
[   86.337159][  T288] servicemanager: Caller(pid=463,uid=1001,sid=u:r:hal_radio_default:s0) Found android.hardware.radio.sim.IRadioSim/slot1 in device VINTF manifest.
[   86.457977][  T103] selinux: SELinux:  Could not stat /sys/devices/virtual/net/ipsec_test/queues/tx-0: No such file or directory.
[   86.481990][  T288] servicemanager: Caller(pid=463,uid=1001,sid=u:r:hal_radio_default:s0) Found android.hardware.radio.voice.IRadioVoice/slot1 in device VINTF manifest.
[   86.648839][  T288] servicemanager: Caller(pid=463,uid=1001,sid=u:r:hal_radio_default:s0) Found android.hardware.radio.sap.ISap/slot1 in device VINTF manifest.
[   86.949853][    T1] init: ... started service 'vendor.cas-default' has pid 480
[   87.045538][    T1] init: starting service 'vendor.contexthub-default'...
[   87.496142][    T1] libprocessgroup: Created cgroup /sys/fs/cgroup/system/uid_1080
[   88.264603][    T1] libprocessgroup: Created cgroup /sys/fs/cgroup/system/uid_1080/pid_488
[   89.067840][  T288] servicemanager: Caller(pid=445,uid=0,sid=u:r:netd:s0) Found android.system.net.netd.INetd/default in framework VINTF manifest.
[   89.421405][    T1] init: ... started service 'vendor.contexthub-default' has pid 488
[   89.534294][    T1] init: starting service 'vendor.power-default'...
[   89.562977][  T288] servicemanager: Caller(pid=471,uid=9999,sid=u:r:hal_identity_default:s0) Found android.hardware.identity.IIdentityCredentialStore/default in device VINTF manifest.
[   90.054799][    T1] libprocessgroup: Created cgroup /sys/fs/cgroup/system/uid_9999/pid_497
[   91.181211][    T1] init: ... started service 'vendor.power-default' has pid 497
[   91.310427][    T1] init: starting service 'vendor.power.stats-default'...
[   91.501553][  T288] servicemanager: Caller(pid=472,uid=9999,sid=u:r:hal_light_default:s0) Found android.hardware.light.ILights/default in device VINTF manifest.
[   91.677708][    T1] libprocessgroup: Created cgroup /sys/fs/cgroup/system/uid_1000/pid_498
[   91.870115][  T288] servicemanager: Caller(pid=473,uid=1064,sid=u:r:hal_authsecret_default:s0) Found android.hardware.authsecret.IAuthSecret/default in device VINTF manifest.
[   92.398486][    T1] init: ... started service 'vendor.power.stats-default' has pid 498
[   92.509273][    T1] init: starting service 'vendor.rebootescrow-default'...
[   92.695459][  T288] servicemanager: Caller(pid=469,uid=1002,sid=u:r:hal_bluetooth_default:s0) Found android.hardware.bluetooth.IBluetoothHci/default in device VINTF manifest.
[   92.782713][    T1] libprocessgroup: Created cgroup /sys/fs/cgroup/system/uid_1000/pid_500
[   92.966530][  T288] servicemanager: Caller(pid=480,uid=1013,sid=u:r:hal_cas_default:s0) Found android.hardware.cas.IMediaCasService/default in device VINTF manifest.
[   93.382728][    T1] init: ... started service 'vendor.rebootescrow-default' has pid 500
[   93.477391][    T1] init: starting service 'vendor.thermal-example'...
[   93.765286][    T1] libprocessgroup: Created cgroup /sys/fs/cgroup/system/uid_9999/pid_502
[   94.570524][    T1] init: ... started service 'vendor.thermal-example' has pid 502
[   94.698002][    T1] init: starting service 'vendor.threadnetwork_hal'...
[   95.085999][    T1] libprocessgroup: Created cgroup /sys/fs/cgroup/system/uid_1084
[   96.089853][    T1] libprocessgroup: Created cgroup /sys/fs/cgroup/system/uid_1084/pid_503
[   96.936461][  T288] servicemanager: Caller(pid=488,uid=1080,sid=u:r:hal_contexthub_default:s0) Found android.hardware.contexthub.IContextHub/default in device VINTF manifest.
[   97.241800][    T1] init: ... started service 'vendor.threadnetwork_hal' has pid 503
[   97.397740][    T1] init: starting service 'vendor.vibrator-default'...
[   97.686832][  T288] servicemanager: Caller(pid=456,uid=1041,sid=u:r:hal_audio_default:s0) Found android.hardware.bluetooth.audio.IBluetoothAudioProviderFactory/default in device VINTF manifest.
[   97.870508][    T1] libprocessgroup: Created cgroup /sys/fs/cgroup/system/uid_9999/pid_504
[   98.640196][  T288] servicemanager: Caller(pid=497,uid=9999,sid=u:r:hal_power_default:s0) Found android.hardware.power.IPower/default in device VINTF manifest.
[   98.722044][    T1] init: ... started service 'vendor.vibrator-default' has pid 504
[   98.735770][  T288] servicemanager: Caller(pid=498,uid=1000,sid=u:r:hal_power_stats_default:s0) Found android.hardware.power.stats.IPowerStats/default in device VINTF manifest.
[   98.853568][    T1] init: starting service 'vendor.drm-widevine-hal'...
[   98.858557][  T288] servicemanager: Caller(pid=470,uid=1000,sid=u:r:hal_graphics_composer_default:s0) Found android.hardware.graphics.composer3.IComposer/default in device VINTF manifest.
[   99.105179][  T288] servicemanager: Caller(pid=500,uid=1000,sid=u:r:hal_rebootescrow_default:s0) Found android.hardware.rebootescrow.IRebootEscrow/default in device VINTF manifest.
[   99.121524][    T1] libprocessgroup: Created cgroup /sys/fs/cgroup/system/uid_1013/pid_506
[   99.170002][  T288] servicemanager: Caller(pid=502,uid=9999,sid=u:r:hal_thermal_default:s0) Found android.hardware.thermal.IThermal/default in device VINTF manifest.
[   99.790735][    T1] init: ... started service 'vendor.drm-widevine-hal' has pid 506
[   99.797417][    T1] init: Command 'class_start hal' action=boot (/system/etc/init/hw/init.rc:1219) took 30562ms and succeeded
[   99.809595][    T1] init: Service 'exec 12 (/system/bin/kcmdlinectrl update-props)' (pid 448) exited with status 1 oneshot service took 31.250999 seconds in background
[   99.814546][    T1] init: Sending SIGKILL to service 'exec 12 (/system/bin/kcmdlinectrl update-props)' (pid 448) process group...
[   99.862389][    T1] libprocessgroup: Removed cgroup /sys/fs/cgroup/system/uid_0/pid_448
[   99.884633][    T1] init: service 'ueventd' requested start, but it is already running (flags: 2084, pid: 103, started 96513ms ago)
[   99.889873][    T1] init: service 'console' requested start, but it is already running (flags: 2196, pid: 290, started 78830ms ago)
[   99.897581][    T1] init: service 'apexd' requested start, but it is already running (flags: 134, pid: 360, started 58231ms ago)
[   99.937180][    T1] init: starting service 'audioserver'...
[  100.061299][    T1] libprocessgroup: Created cgroup /sys/fs/cgroup/system/uid_1041/pid_507
[  100.585272][    T1] init: ... started service 'audioserver' has pid 507
[  100.605406][    T1] init: starting service 'credstore'...
[  100.749807][    T1] libprocessgroup: Created cgroup /sys/fs/cgroup/system/uid_1076
[  100.972006][  T288] servicemanager: Caller(pid=503,uid=1084,sid=u:r:hal_threadnetwork_default:s0) Found android.hardware.threadnetwork.IThreadChip/chip0 in device VINTF manifest.
[  101.150817][    T1] libprocessgroup: Created cgroup /sys/fs/cgroup/system/uid_1076/pid_508
[  102.313046][    T1] init: ... started service 'credstore' has pid 508
[  102.464452][    T1] init: starting service 'gpu'...
[  102.520027][    T1] libprocessgroup: Created cgroup /sys/fs/cgroup/system/uid_1072
[  102.842758][    T1] libprocessgroup: Created cgroup /sys/fs/cgroup/system/uid_1072/pid_509
[  103.188848][    T1] init: ... started service 'gpu' has pid 509
[  103.258346][    T1] init: service 'lmkd' requested start, but it is already running (flags: 36, pid: 287, started 83327ms ago)
[  103.412567][    T1] init: starting service 'misctrl'...
[  103.503064][    T1] libprocessgroup: Created cgroup /sys/fs/cgroup/system/uid_0/pid_510
[  103.852947][  T288] servicemanager: Caller(pid=504,uid=9999,sid=u:r:hal_vibrator_default:s0) Found android.hardware.vibrator.IVibrator/default in device VINTF manifest.
[  104.019557][  T288] servicemanager: Caller(pid=504,uid=9999,sid=u:r:hal_vibrator_default:s0) Found android.hardware.vibrator.IVibratorManager/default in device VINTF manifest.
[  104.117887][    T1] init: ... started service 'misctrl' has pid 510
[  104.122197][    T1] init: service 'servicemanager' requested start, but it is already running (flags: 2084, pid: 288, started 83960ms ago)
[  104.212721][    T1] init: starting service 'surfaceflinger'...
[  104.246654][    T1] libprocessgroup: Created cgroup /sys/fs/cgroup/system/uid_1000/pid_511
[  104.487212][    T1] init: ... started service 'surfaceflinger' has pid 511
[  104.489461][    T1] init: service 'vold' requested start, but it is already running (flags: 2052, pid: 304, started 79603ms ago)
[  104.494462][    T1] init: Command 'class_start core' action=boot (/system/etc/init/hw/init.rc:1221) took 4612ms and succeeded
[  104.498890][    T1] init: processing action (ro.debuggable=1 && boot) from (/system/etc/init/hw/init.rc:1223)
[  104.534218][    T1] init: processing action (persist.sys.usb.config=* && boot) from (/system/etc/init/hw/init.usb.rc:104)
[  104.545596][    T1] init: processing action (boot) from (/vendor/etc/init/hw/init.ranchu.rc:85)
[  104.602565][    T1] init: Command 'chown root system /sys/power/wake_lock' action=boot (/vendor/etc/init/hw/init.ranchu.rc:86) took 51ms and succeeded
[  105.159895][    T1] init: Command 'mkdir /config/usb_gadget/g1 0770 root root' action=boot (/vendor/etc/init/hw/init.ranchu.rc:90) took 496ms and succeeded
[  105.161368][    T1] init: processing action (boot) from (/system/etc/init/dumpstate.rc:1)
[  105.269877][    T1] init: processing action (boot) from (/system/etc/init/gsid.rc:25)
[  105.435602][    T1] init: starting service 'exec 13 (/system/bin/gsid run-startup-tasks)'...
[  105.731488][    T1] libprocessgroup: Created cgroup /sys/fs/cgroup/system/uid_0/pid_512
[  106.499203][    T1] init: ... started service 'exec 13 (/system/bin/gsid run-startup-tasks)' has pid 512
[  106.522946][    T1] init: Command 'exec_background - root root -- /system/bin/gsid run-startup-tasks' action=boot (/system/etc/init/gsid.rc:26) took 1175ms and succeeded
[  106.557970][    T1] init: processing action (enable_property_trigger) from (<Builtin Action>:0)
[  106.613862][    T1] init: processing action (bootreceiver.enable=1 && ro.product.cpu.abilist64=*) from (/system/etc/init/hw/init.rc:653)
[  107.165874][    T1] init: Command 'mkdir /sys/kernel/tracing/instances/bootreceiver 0700 system system' action=bootreceiver.enable=1 && ro.product.cpu.abilist64=* (/system/etc/init/hw/init.rc:657) took 501ms and succeeded
[  107.305978][    T1] init: Command 'restorecon_recursive /sys/kernel/tracing/instances/bootreceiver' action=bootreceiver.enable=1 && ro.product.cpu.abilist64=* (/system/etc/init/hw/init.rc:658) took 131ms and succeeded
[  107.473665][    T1] init: Command 'write /sys/kernel/tracing/instances/bootreceiver/buffer_size_kb 1' action=bootreceiver.enable=1 && ro.product.cpu.abilist64=* (/system/etc/init/hw/init.rc:659) took 153ms and succeeded
[  107.629813][    T1] init: Command 'write /sys/kernel/tracing/instances/bootreceiver/trace_options disable_on_free' action=bootreceiver.enable=1 && ro.product.cpu.abilist64=* (/system/etc/init/hw/init.rc:660) took 145ms and succeeded
[  107.771219][    T1] init: Command 'write /sys/kernel/tracing/instances/bootreceiver/events/error_report/error_report_end/enable 1' action=bootreceiver.enable=1 && ro.product.cpu.abilist64=* (/system/etc/init/hw/init.rc:661) took 129ms and succeeded
[  107.791551][  T303] type=1400 audit(1791463198.480:4): avc:  denied  { write } for  comm="init" name="error_report_end" dev="tracefs" ino=7077 scontext=u:r:init:s0 tcontext=u:object_r:debugfs_bootreceiver_tracing:s0 tclass=dir permissive=0
[  107.825041][    T1] init: processing action (net.tcp_def_init_rwnd=*) from (/system/etc/init/hw/init.rc:1255)
[  107.850757][    T1] init: processing action (ro.debuggable=1) from (/system/etc/init/hw/init.rc:1295)
[  107.939417][    T1] init: Command 'chmod 0773 /data/misc/trace' action=ro.debuggable=1 (/system/etc/init/hw/init.rc:1299) took 60ms and succeeded
[  108.021337][    T1] init: processing action (sys.usb.config=adb && sys.usb.configfs=0) from (/system/etc/init/hw/init.usb.rc:36)
[  108.062255][    T1] init: Command 'write /sys/class/android_usb/android0/enable 0' action=sys.usb.config=adb && sys.usb.configfs=0 (/system/etc/init/hw/init.usb.rc:37) took 31ms and failed: Unable to write to file '/sys/class/android_usb/android0/enable': open() failed: Permission denied
[  108.118442][    T1] init: Command 'write /sys/class/android_usb/android0/idVendor 18d1' action=sys.usb.config=adb && sys.usb.configfs=0 (/system/etc/init/hw/init.usb.rc:38) took 50ms and failed: Unable to write to file '/sys/class/android_usb/android0/idVendor': open() failed: Permission denied
[  108.172770][    T1] init: Command 'write /sys/class/android_usb/android0/idProduct 4EE7' action=sys.usb.config=adb && sys.usb.configfs=0 (/system/etc/init/hw/init.usb.rc:39) took 25ms and failed: Unable to write to file '/sys/class/android_usb/android0/idProduct': open() failed: Permission denied
[  108.241193][    T1] init: Command 'write /sys/class/android_usb/android0/functions ${sys.usb.config}' action=sys.usb.config=adb && sys.usb.configfs=0 (/system/etc/init/hw/init.usb.rc:40) took 35ms and failed: Unable to write to file '/sys/class/android_usb/android0/functions': open() failed: Permission denied
[  108.311381][    T1] init: Command 'write /sys/class/android_usb/android0/enable 1' action=sys.usb.config=adb && sys.usb.configfs=0 (/system/etc/init/hw/init.usb.rc:41) took 5ms and failed: Unable to write to file '/sys/class/android_usb/android0/enable': open() failed: Permission denied
[  108.446931][    T1] init: starting service 'adbd'...
[  108.486182][    T1] init: Created socket '/dev/socket/adbd', mode 660, user 1000, group 1000
[  108.686174][    T1] libprocessgroup: Created cgroup /sys/fs/cgroup/system/uid_0/pid_513
[  109.286015][  T288] servicemanager: Caller(pid=506,uid=1013,sid=u:r:hal_drm_widevine:s0) Found android.hardware.drm.IDrmFactory/widevine in device VINTF manifest.
[  109.396565][    T1] init: ... started service 'adbd' has pid 513
[  109.428731][    T1] init: Command 'start adbd' action=sys.usb.config=adb && sys.usb.configfs=0 (/system/etc/init/hw/init.usb.rc:42) took 1089ms and succeeded
[  109.528372][    T1] init: Command 'setprop sys.usb.state ${sys.usb.config}' action=sys.usb.config=adb && sys.usb.configfs=0 (/system/etc/init/hw/init.usb.rc:43) took 75ms and succeeded
[  109.563112][    T1] init: processing action (vendor.qemu.timezone=*) from (/vendor/etc/init/hw/init.ranchu.rc:138)
[  109.961915][    T1] init: Command 'setprop persist.sys.timezone ${vendor.qemu.timezone}' action=vendor.qemu.timezone=* (/vendor/etc/init/hw/init.ranchu.rc:139) took 392ms and succeeded
[  109.969013][    T1] init: processing action (ro.hardware.gralloc=ranchu) from (/vendor/etc/init/hw/init.ranchu.rc:185)
[  109.996542][    T1] init: starting service 'vendor.graphics.allocator.ranchu'...
[  110.105357][    T1] libprocessgroup: Created cgroup /sys/fs/cgroup/system/uid_1000/pid_515
[  110.657300][    T1] init: ... started service 'vendor.graphics.allocator.ranchu' has pid 515
[  110.682910][    T1] init: Command 'start vendor.graphics.allocator.ranchu' action=ro.hardware.gralloc=ranchu (/vendor/etc/init/hw/init.ranchu.rc:186) took 688ms and succeeded
[  110.722019][    T1] init: Service 'misctrl' (pid 510) exited with status 1 oneshot service took 7.228000 seconds in background
[  110.751636][    T1] init: Sending SIGKILL to service 'misctrl' (pid 510) process group...
[  110.780306][    T1] libprocessgroup: Removed cgroup /sys/fs/cgroup/system/uid_0/pid_510
[  110.923590][    T1] init: starting service 'vendor.camera-provider-ranchu'...
[  111.497041][    T1] libprocessgroup: Created cgroup /sys/fs/cgroup/system/uid_1000/pid_516
[  112.658785][    T1] init: ... started service 'vendor.camera-provider-ranchu' has pid 516
[  112.691721][    T1] init: Command 'start vendor.camera-provider-ranchu' action=ro.hardware.gralloc=ranchu (/vendor/etc/init/hw/init.ranchu.rc:187) took 1842ms and succeeded
[  112.718472][    T1] init: Service 'exec 13 (/system/bin/gsid run-startup-tasks)' (pid 512) exited with status 0 oneshot service took 7.145000 seconds in background
[  112.737637][    T1] init: Sending SIGKILL to service 'exec 13 (/system/bin/gsid run-startup-tasks)' (pid 512) process group...
[  112.800623][    T1] libprocessgroup: Removed cgroup /sys/fs/cgroup/system/uid_0/pid_512
[  112.837427][    T1] init: processing action (vendor.qemu.vport.bluetooth=*) from (/vendor/etc/init/hw/init.ranchu.rc:219)
[  112.883609][    T1] init: processing action (vendor.qemu.vport.uwb=*) from (/vendor/etc/init/hw/init.ranchu.rc:227)
[  112.890959][    T1] init: Command 'symlink ${vendor.qemu.vport.uwb} /dev/hvc2' action=vendor.qemu.vport.uwb=* (/vendor/etc/init/hw/init.ranchu.rc:228) took 3ms and failed: symlink() failed: File exists
[  112.917270][    T1] init: starting service 'vendor.uwb_hal'...
[  113.008393][    T1] libprocessgroup: Created cgroup /sys/fs/cgroup/system/uid_1083
[  113.440341][    T1] libprocessgroup: Created cgroup /sys/fs/cgroup/system/uid_1083/pid_522
[  113.991019][    T1] init: ... started service 'vendor.uwb_hal' has pid 522
[  114.001255][    T1] init: Command 'start vendor.uwb_hal' action=vendor.qemu.vport.uwb=* (/vendor/etc/init/hw/init.ranchu.rc:229) took 1101ms and succeeded
[  114.014763][    T1] init: processing action (apexd.status=ready && ro.product.cpu.abilist64=*) from (/system/etc/init/hw/init.boringssl.zygote64.rc:3)
[  114.089057][    T1] init: starting service 'boringssl_self_test_apex64'...
[  114.184953][    T1] libprocessgroup: Created cgroup /sys/fs/cgroup/system/uid_9999/pid_523
[  114.737256][    T1] init: ... started service 'boringssl_self_test_apex64' has pid 523
[  114.777069][    T1] init: SVC_EXEC service 'boringssl_self_test_apex64' pid 523 (uid 9999 gid 0+0 context default) started; waiting...
[  114.794999][    T1] init: Command 'exec_start boringssl_self_test_apex64' action=apexd.status=ready && ro.product.cpu.abilist64=* (/system/etc/init/hw/init.boringssl.zygote64.rc:4) took 771ms and succeeded
[  118.573763][    T1] init: Service 'boringssl_self_test_apex64' (pid 523) exited with status 0 waiting took 4.427000 seconds
[  118.605443][    T1] init: Sending SIGKILL to service 'boringssl_self_test_apex64' (pid 523) process group...
[  118.701624][    T1] libprocessgroup: Removed cgroup /sys/fs/cgroup/system/uid_9999/pid_523
[  118.823120][    T1] init: processing action (security.perf_harden=1) from (/system/etc/init/init-perfetto.rc:19)
[  118.929357][    T1] init: processing action (init.svc.audioserver=running) from (/system/etc/init/audioserver.rc:43)
[  118.946881][    T1] init: service 'vendor.audio-hal' requested start, but it is already running (flags: 4, pid: 456, started 49167ms ago)
[  118.966847][    T1] init: Command 'start vendor.audio-hal-aidl' action=init.svc.audioserver=running (/system/etc/init/audioserver.rc:45) took 0ms and failed: service vendor.audio-hal-aidl not found
[  118.980310][    T1] init: Command 'start vendor.audio-effect-hal-aidl' action=init.svc.audioserver=running (/system/etc/init/audioserver.rc:46) took 0ms and failed: service vendor.audio-effect-hal-aidl not found
[  118.986228][    T1] init: Command 'start vendor.audio-hal-4-0-msd' action=init.svc.audioserver=running (/system/etc/init/audioserver.rc:47) took 0ms and failed: service vendor.audio-hal-4-0-msd not found
[  118.995243][    T1] init: Command 'start audio_proxy_service' action=init.svc.audioserver=running (/system/etc/init/audioserver.rc:48) took 0ms and failed: service audio_proxy_service not found
[  119.015664][    T1] init: processing action (ro.persistent_properties.ready=true) from (/system/etc/init/bootstat.rc:57)
[  119.086333][    T1] init: processing action (ro.persistent_properties.ready=true) from (/system/etc/init/bootstat.rc:61)
[  119.180184][    T1] init: starting service 'exec 14 (/system/bin/bootstat --set_system_boot_reason)'...
[  119.294622][    T1] libprocessgroup: Created cgroup /sys/fs/cgroup/system/uid_1000/pid_538
[  119.757288][    T1] init: ... started service 'exec 14 (/system/bin/bootstat --set_system_boot_reason)' has pid 538
[  119.786294][    T1] init: Command 'exec_background - system log -- /system/bin/bootstat --set_system_boot_reason' action=ro.persistent_properties.ready=true (/system/etc/init/bootstat.rc:64) took 685ms and succeeded
[  119.813363][    T1] init: processing action (bootreceiver.enable=1 && ro.product.cpu.abilist64=*) from (/system/etc/init/dmesgd.rc:7)
[  119.856544][  T288] servicemanager: Caller(pid=522,uid=1083,sid=u:r:hal_uwb_default:s0) Found android.hardware.uwb.IUwb/default in device VINTF manifest.
[  120.139233][    T1] init: Command 'mkdir /data/misc/dmesgd 0700 dmesgd system' action=bootreceiver.enable=1 && ro.product.cpu.abilist64=* (/system/etc/init/dmesgd.rc:8) took 309ms and succeeded
[  120.170210][    T1] init: Command 'rm /data/misc/dmesgd/sent_reports.txt' action=bootreceiver.enable=1 && ro.product.cpu.abilist64=* (/system/etc/init/dmesgd.rc:9) took 11ms and failed: unlink() failed: No such file or directory
[  120.189281][    T1] init: processing action (drm.service.enabled=true) from (/system/etc/init/drmserver.rc:8)
[  120.271503][  T303] type=1400 audit(1791463211.084:5): avc:  denied  { read } for  comm="android.hardwar" name="u:object_r:default_prop:s0" dev="tmpfs" ino=150 scontext=u:r:hal_graphics_allocator_default:s0 tcontext=u:object_r:default_prop:s0 tclass=file permissive=0
[  120.355244][    T1] init: starting service 'drm'...
[  120.504650][  T288] servicemanager: Caller(pid=515,uid=1000,sid=u:r:hal_graphics_allocator_default:s0) Found android.hardware.graphics.allocator.IAllocator/default in device VINTF manifest.
[  120.725066][    T1] libprocessgroup: Created cgroup /sys/fs/cgroup/system/uid_1019
[  121.183675][    T1] libprocessgroup: Created cgroup /sys/fs/cgroup/system/uid_1019/pid_540
[  121.644087][    T1] init: ... started service 'drm' has pid 540
[  121.646736][    T1] init: Command 'start drm' action=drm.service.enabled=true (/system/etc/init/drmserver.rc:9) took 1440ms and succeeded
[  121.661950][    T1] init: processing action (persist.heapprofd.enable= && traced.lazy.heapprofd=) from (/system/etc/init/heapprofd.rc:49)
[  121.710411][    T1] init: processing action (security.perf_harden=1) from (/system/etc/init/init-perfetto.rc:19)
[  121.862934][    T1] init: Command 'write /proc/sys/kernel/perf_cpu_time_max_percent 25' action=security.perf_harden=1 (/system/etc/init/init-perfetto.rc:21) took 75ms and succeeded
[  121.928378][    T1] init: processing action (ro.debuggable=1) from (/system/etc/init/llkd-debuggable.rc:1)
[  122.021374][    T1] init: processing action (ro.debuggable=*) from (/system/etc/init/llkd.rc:2)
[  122.119537][    T1] init: Command 'setprop khungtask.enable ${ro.khungtask.enable:-0}' action=ro.debuggable=* (/system/etc/init/llkd.rc:4) took 62ms and succeeded
[  122.160573][    T1] init: processing action (debug.atrace.user_initiated= && persist.traced.enable=1) from (/system/etc/init/perfetto.rc:64)
[  122.237642][    T1] init: starting service 'traced_probes'...
[  122.355353][    T1] libprocessgroup: Created cgroup /sys/fs/cgroup/system/uid_9999/pid_543
[  122.798829][    T1] init: ... started service 'traced_probes' has pid 543
[  122.811345][    T1] init: Command 'start traced_probes' action=debug.atrace.user_initiated= && persist.traced.enable=1 (/system/etc/init/perfetto.rc:65) took 642ms and succeeded
[  122.825886][    T1] init: processing action (persist.traced.enable=1) from (/system/etc/init/perfetto.rc:76)
[  123.062739][    T1] init: Command 'stop traced_relay' action=persist.traced.enable=1 (/system/etc/init/perfetto.rc:94) took 66ms and succeeded
[  123.085149][    T1] init: starting service 'traced'...
[  123.116243][    T1] init: Created socket '/dev/socket/traced_consumer', mode 666, user 0, group 0
[  123.138332][    T1] init: Created socket '/dev/socket/traced_producer', mode 666, user 0, group 0
[  123.201426][    T1] libprocessgroup: Created cgroup /sys/fs/cgroup/system/uid_9999/pid_544
[  123.535769][  T288] servicemanager: Caller(pid=462,uid=1013,sid=u:r:mediacodec:s0) Found android.hardware.media.c2.IComponentStore/default in device VINTF manifest.
[  123.974708][    T1] init: ... started service 'traced' has pid 544
[  123.993984][    T1] init: Command 'start traced' action=persist.traced.enable=1 (/system/etc/init/perfetto.rc:95) took 909ms and succeeded
[  124.045419][    T1] init: service 'traced_probes' requested start, but it is already running (flags: 132, pid: 543, started 1738ms ago)
[  124.104688][    T1] init: Command 'start traced_probes' action=persist.traced.enable=1 (/system/etc/init/perfetto.rc:96) took 56ms and succeeded
[  124.127320][    T1] init: Service 'exec 14 (/system/bin/bootstat --set_system_boot_reason)' (pid 538) exited with status 0 oneshot service took 4.841000 seconds in background
[  124.131055][    T1] init: Sending SIGKILL to service 'exec 14 (/system/bin/bootstat --set_system_boot_reason)' (pid 538) process group...
[  124.225895][    T1] libprocessgroup: Removed cgroup /sys/fs/cgroup/system/uid_1000/pid_538
[  124.282981][    T1] init: processing action (ro.persistent_properties.ready=true) from (/system/etc/init/perfetto.rc:129)
[  124.314222][    T1] init: processing action (persist.debug.perfetto.persistent_sysui_tracing_for_bugreport=) from (/system/etc/init/perfetto.rc:188)
[  124.408317][    T1] init: Command 'stop perfetto_persistent_sysui_tracing_for_bugreport' action=persist.debug.perfetto.persistent_sysui_tracing_for_bugreport= (/system/etc/init/perfetto.rc:189) took 72ms and succeeded
[  124.417035][    T1] init: processing action (persist.traced_perf.enable= && sys.init.perf_lsm_hooks=1 && traced.lazy.traced_perf=) from (/system/etc/init/traced_perf.rc:44)
[  124.500812][    T1] init: Command 'stop traced_perf' action=persist.traced_perf.enable= && sys.init.perf_lsm_hooks=1 && traced.lazy.traced_perf= (/system/etc/init/traced_perf.rc:45) took 69ms and succeeded
[  124.509840][    T1] init: processing action (apex.all.ready=true) from (/apex/com.google.android.widevine/etc/com.google.android.widevine.rikers.rc:1)
[  124.566668][    T1] init: Command 'mkdir /data/vendor/mediadrm 0770 media mediadrm' action=apex.all.ready=true (/apex/com.google.android.widevine/etc/com.google.android.widevine.rikers.rc:2) took 51ms and succeeded
[  124.586425][    T1] init: processing action (nonencrypted) from (/system/etc/init/hw/init.rc:1227)
[  124.686313][    T1] init: starting service 'goldfish-logcat'...
[  124.958878][    T1] libprocessgroup: Created cgroup /sys/fs/cgroup/system/uid_1036/pid_545
[  125.641279][    T1] init: ... started service 'goldfish-logcat' has pid 545
[  125.777499][    T1] init: starting service 'bt_vhci_forwarder'...
[  126.125121][    T1] libprocessgroup: Created cgroup /sys/fs/cgroup/system/uid_1002/pid_546
[  127.400290][    T1] init: ... started service 'bt_vhci_forwarder' has pid 546
[  127.471179][    T1] init: service 'zygote' requested start, but it is already running (flags: 4, pid: 447, started 59987ms ago)
[  127.478687][    T1] init: starting service 'cameraserver'...
[  127.610733][    T1] libprocessgroup: Created cgroup /sys/fs/cgroup/system/uid_1047
[  127.893749][    T1] libprocessgroup: Created cgroup /sys/fs/cgroup/system/uid_1047/pid_548
[  128.464675][    T1] init: ... started service 'cameraserver' has pid 548
[  128.468854][    T1] init: service 'drm' requested start, but it is already running (flags: 132, pid: 540, started 7804ms ago)
[  128.476604][    T1] init: starting service 'idmap2d'...
[  128.500265][    T1] libprocessgroup: Created cgroup /sys/fs/cgroup/system/uid_1000/pid_550
[  128.800481][    T1] init: ... started service 'idmap2d' has pid 550
[  128.838769][    T1] init: starting service 'incidentd'...
[  129.105647][    T1] libprocessgroup: Created cgroup /sys/fs/cgroup/system/uid_1067
[  129.940657][    T1] libprocessgroup: Created cgroup /sys/fs/cgroup/system/uid_1067/pid_551
[  130.086069][  T288] servicemanager: Caller(pid=460,uid=1000,sid=u:r:hal_camera_default:s0) Found android.hardware.camera.provider.ICameraProvider/internal/0 in device VINTF manifest.
[  130.903666][    T1] init: ... started service 'incidentd' has pid 551
[  131.030752][    T1] init: starting service 'installd'...
[  131.391676][    T1] libprocessgroup: Created cgroup /sys/fs/cgroup/system/uid_0/pid_555
[  132.654370][    T1] init: ... started service 'installd' has pid 555
[  132.680650][    T1] init: starting service 'mediaextractor'...
[  132.777514][    T1] libprocessgroup: Created cgroup /sys/fs/cgroup/system/uid_1040
[  133.358795][    T1] libprocessgroup: Created cgroup /sys/fs/cgroup/system/uid_1040/pid_557
[  134.170316][    T1] init: ... started service 'mediaextractor' has pid 557
[  134.221678][    T1] init: starting service 'mediametrics'...
[  134.248977][  T299] logd: logdr: UID=1036 GID=0 PID=545 b tail=0 logMask=99 pid=0 start=0ns deadline=0ns
[  134.725661][    T1] libprocessgroup: Created cgroup /sys/fs/cgroup/system/uid_1013/pid_559
[  135.809931][  T288] servicemanager: Caller(pid=516,uid=1000,sid=u:r:hal_camera_default:s0) Found android.hardware.camera.provider.ICameraProvider/internal/1 in device VINTF manifest.
[  136.121315][    T1] init: ... started service 'mediametrics' has pid 559
[  136.155605][    T1] init: starting service 'media'...
[  136.391940][    T1] libprocessgroup: Created cgroup /sys/fs/cgroup/system/uid_1013/pid_565
[  137.682118][    T1] init: ... started service 'media' has pid 565
[  137.685469][    T1] init: service 'netd' requested start, but it is already running (flags: 132, pid: 445, started 70637ms ago)
[  137.763116][    T1] init: starting service 'storaged'...
[  138.094171][    T1] libprocessgroup: Created cgroup /sys/fs/cgroup/system/uid_0/pid_569
[  139.069432][    T1] init: ... started service 'storaged' has pid 569
[  139.271712][    T1] init: starting service 'media.swcodec'...
[  139.477243][  T461] healthd: battery l=100 v=5000 t=25.0 h=2 st=2 c=900000 fc=3000000 cc=10 chg=a
[  139.643198][    T1] libprocessgroup: Created cgroup /sys/fs/cgroup/system/uid_1046
[  140.201096][    T1] libprocessgroup: Created cgroup /sys/fs/cgroup/system/uid_1046/pid_572
[  140.957601][    T1] init: ... started service 'media.swcodec' has pid 572
[  140.977908][    T1] init: service 'statsd' requested start, but it is already running (flags: 4, pid: 446, started 73766ms ago)
[  141.012130][    T1] init: Command 'class_start main' action=nonencrypted (/system/etc/init/hw/init.rc:1228) took 16368ms and succeeded
[  141.090592][    T1] init: starting service 'gatekeeperd'...
[  141.395341][    T1] libprocessgroup: Created cgroup /sys/fs/cgroup/system/uid_1000/pid_575
[  142.237047][    T1] init: ... started service 'gatekeeperd' has pid 575
[  142.246161][    T1] init: service 'traced' requested start, but it is already running (flags: 132, pid: 544, started 19057ms ago)
[  142.254020][    T1] init: service 'traced_probes' requested start, but it is already running (flags: 132, pid: 543, started 19954ms ago)
[  142.296498][    T1] init: starting service 'usbd'...
[  142.717728][    T1] libprocessgroup: Created cgroup /sys/fs/cgroup/system/uid_0/pid_578
[  143.471984][    T1] init: ... started service 'usbd' has pid 578
[  143.481048][    T1] init: Command 'class_start late_start' action=nonencrypted (/system/etc/init/hw/init.rc:1229) took 2431ms and succeeded
[  143.508571][    T1] init: processing action (load_persist_props_action) from (/system/etc/init/flags_health_check.rc:1)
[  143.842496][    T1] init: Encryption policy of /data/server_configurable_flags set to f9e758227979214ce16b8d4c1aa8ded8 v2 modes 1/4 flags 0x2
[  143.856998][    T1] init: Command 'mkdir /data/server_configurable_flags 0775 system system encryption=Require' action=load_persist_props_action (/system/etc/init/flags_health_check.rc:4) took 298ms and succeeded
[  143.942609][    T1] init: starting service 'exec 15 (/system/bin/flags_health_check BOOT_FAILURE)'...
[  144.301254][    T1] libprocessgroup: Created cgroup /sys/fs/cgroup/system/uid_1000/pid_579
[  144.452611][  T288] servicemanager: Caller(pid=511,uid=1000,sid=u:r:surfaceflinger:s0) Found android.hardware.graphics.composer3.IComposer/default in device VINTF manifest.
[  144.628044][  T288] servicemanager: Caller(pid=470,uid=1000,sid=u:r:hal_graphics_composer_default:s0) Found android.hardware.graphics.allocator.IAllocator/default in device VINTF manifest.
[  144.767849][  T288] servicemanager: Caller(pid=470,uid=1000,sid=u:r:hal_graphics_composer_default:s0) Found android.hardware.graphics.allocator.IAllocator/default in device VINTF manifest.
[  144.820336][  T288] servicemanager: Caller(pid=470,uid=1000,sid=u:r:hal_graphics_composer_default:s0) Found mapper/ranchu in device VINTF manifest.
[  144.951078][    T1] init: ... started service 'exec 15 (/system/bin/flags_health_check BOOT_FAILURE)' has pid 579
[  144.978358][    T1] init: SVC_EXEC service 'exec 15 (/system/bin/flags_health_check BOOT_FAILURE)' pid 579 (uid 1000 gid 1000+0 context default) started; waiting...
[  145.036067][    T1] init: Command 'exec - system system -- /system/bin/flags_health_check BOOT_FAILURE' action=load_persist_props_action (/system/etc/init/flags_health_check.rc:5) took 1140ms and succeeded
ERROR        | detected a hanging thread 'QEMU2 main loop'. No response for 15014 ms
ERROR        | detected a hanging thread 'QEMU2 CPU0 thread'. No response for 15014 ms
ERROR        | detected a hanging thread 'QEMU2 CPU1 thread'. No response for 15014 ms
ERROR        | detected a hanging thread 'QEMU2 CPU2 thread'. No response for 15015 ms
ERROR        | detected a hanging thread 'QEMU2 CPU3 thread'. No response for 15015 ms
ERROR        | detected a hanging thread 'QEMU2 main loop'. No response for 15023 ms
