INFO         | Android emulator version 37.2.12.0 (build_id 16428233) (CL:N/A)
INFO         | Graphics backend: gfxstream
DEBUG   | Current emulator version 37.2.12 is the same as the required version 37.2.12.
INFO         | Deleting /Users/yoonhb/.android/avd/../avd/spinon_api37_2.avd/bootcompleted.ini done
INFO         | Found AVD name 'spinon_api37_2'
INFO         | Found AVD target architecture: arm64
INFO         | Deleting /Users/yoonhb/.android/avd/../avd/spinon_api37_2.avd/system.img.qcow2 done
INFO         | Deleting /Users/yoonhb/.android/avd/../avd/spinon_api37_2.avd/vendor.img.qcow2 failed
INFO         | Deleting /Users/yoonhb/.android/avd/../avd/spinon_api37_2.avd/userdata-qemu.img done
INFO         | Deleting /Users/yoonhb/.android/avd/../avd/spinon_api37_2.avd/userdata-qemu.img.qcow2 done
INFO         | Deleting /Users/yoonhb/.android/avd/../avd/spinon_api37_2.avd/userdata.img failed
INFO         | Deleting /Users/yoonhb/.android/avd/../avd/spinon_api37_2.avd/userdata.img.qcow2 failed
INFO         | Deleting /Users/yoonhb/.android/avd/../avd/spinon_api37_2.avd/cache.img done
INFO         | Deleting /Users/yoonhb/.android/avd/../avd/spinon_api37_2.avd/cache.img.qcow2 done
INFO         | Deleting /Users/yoonhb/.android/avd/../avd/spinon_api37_2.avd/version_num.cache done
INFO         | Deleting /Users/yoonhb/.android/avd/../avd/spinon_api37_2.avd/bootcompleted.ini failed
INFO         | Deleting /Users/yoonhb/.android/avd/../avd/spinon_api37_2.avd/sdcard.img.qcow2 failed
INFO         | Deleting /Users/yoonhb/.android/avd/../avd/spinon_api37_2.avd/encryptionkey.img done
INFO         | Deleting /Users/yoonhb/.android/avd/../avd/spinon_api37_2.avd/encryptionkey.img.qcow2 done
INFO         | Deleting /Users/yoonhb/.android/avd/../avd/spinon_api37_2.avd/hardware-qemu.ini done
INFO         | Deleting /Users/yoonhb/.android/avd/../avd/spinon_api37_2.avd/emulator-user.ini done
INFO         | Deleting /Users/yoonhb/.android/avd/../avd/spinon_api37_2.avd/quickbootChoice.ini failed
INFO         | Deleting /Users/yoonhb/.android/avd/../avd/spinon_api37_2.avd/emu-launch-params.txt done
INFO         | Deleting /Users/yoonhb/.android/avd/../avd/spinon_api37_2.avd/initrd done
INFO         | Deleting /Users/yoonhb/.android/avd/../avd/spinon_api37_2.avd/AVD.conf done
INFO         | Deleting /Users/yoonhb/.android/avd/../avd/spinon_api37_2.avd/multiinstance.lock done
INFO         | Deleting /Users/yoonhb/.android/avd/../avd/spinon_api37_2.avd/read-snapshot.txt done
INFO         | Deleting /Users/yoonhb/.android/avd/../avd/spinon_api37_2.avd/data done
INFO         | Deleting /Users/yoonhb/.android/avd/../avd/spinon_api37_2.avd/modem_simulator done
INFO         | Deleting /Users/yoonhb/.android/avd/../avd/spinon_api37_2.avd/default.dtb failed
INFO         | Deleting /Users/yoonhb/.android/avd/../avd/spinon_api37_2.avd/qemu-version.txt done
INFO         | Failed to remove snapshot directory '/Users/yoonhb/.android/avd/../avd/spinon_api37_2.avd/snapshots'
INFO         | Removed ADB command directory '/Users/yoonhb/.android/avd/../avd/spinon_api37_2.avd/tmpAdbCmds'
INFO         | argv[0]: '/Users/yoonhb/Library/Android/sdk/emulator/emulator'; program directory: '/Users/yoonhb/Library/Android/sdk/emulator'
INFO         | Found systemPath /Users/yoonhb/Library/Android/sdk/system-images/android-37.2/google_apis_ps16k/arm64-v8a/
DEBUG   | autoconfig: -skin 1080x1920
DEBUG   | autoconfig: -skindir (null)
INFO         | Saving last run QEMU version for the AVD to 2
DEBUG   | init, loading /Users/yoonhb/Library/Android/sdk/emulator/lib/advancedFeatures.ini
DEBUG   | FeatureControl::initHostFeatureAndParseDefault: GLPipeChecksum = on
DEBUG   | FeatureControl::initHostFeatureAndParseDefault: ForceANGLE = off
DEBUG   | FeatureControl::initHostFeatureAndParseDefault: ForceSwiftshader = off
DEBUG   | FeatureControl::initHostFeatureAndParseDefault: HYPERV = off
DEBUG   | FeatureControl::initHostFeatureAndParseDefault: HVF = on
DEBUG   | FeatureControl::initHostFeatureAndParseDefault: KVM = off
DEBUG   | FeatureControl::initHostFeatureAndParseDefault: FastSnapshotV1 = on
DEBUG   | FeatureControl::initHostFeatureAndParseDefault: ScreenRecording = on
DEBUG   | FeatureControl::initHostFeatureAndParseDefault: VirtualScene = on
DEBUG   | FeatureControl::initHostFeatureAndParseDefault: VideoPlayback = off
DEBUG   | FeatureControl::initHostFeatureAndParseDefault: GenericSnapshotsUI = on
DEBUG   | FeatureControl::initHostFeatureAndParseDefault: WindowsOnDemandSnapshotLoad = on
DEBUG   | FeatureControl::initHostFeatureAndParseDefault: WindowsHypervisorPlatform = on
DEBUG   | FeatureControl::initHostFeatureAndParseDefault: LocationUiV2 = on
DEBUG   | FeatureControl::initHostFeatureAndParseDefault: SnapshotAdb = off
DEBUG   | FeatureControl::initHostFeatureAndParseDefault: QuickbootFileBacked = on
DEBUG   | FeatureControl::initHostFeatureAndParseDefault: OnDemandSnapshotLoad = off
DEBUG   | FeatureControl::initHostFeatureAndParseDefault: Vulkan = off
DEBUG   | FeatureControl::initHostFeatureAndParseDefault: IpDisconnectOnLoad = off
DEBUG   | FeatureControl::initHostFeatureAndParseDefault: HasSharedSlotsHostMemoryAllocator = on
DEBUG   | FeatureControl::initHostFeatureAndParseDefault: CarVHalTable = on
DEBUG   | FeatureControl::initHostFeatureAndParseDefault: VulkanSnapshots = off
DEBUG   | FeatureControl::initHostFeatureAndParseDefault: DynamicMediaProfile = off
DEBUG   | FeatureControl::initHostFeatureAndParseDefault: CarVhalReplay = on
DEBUG   | FeatureControl::initHostFeatureAndParseDefault: NoDelayCloseColorBuffer = off
DEBUG   | FeatureControl::initHostFeatureAndParseDefault: NoDeviceFrame = off
DEBUG   | FeatureControl::initHostFeatureAndParseDefault: VirtioGpuNativeSync = off
DEBUG   | FeatureControl::initHostFeatureAndParseDefault: VulkanShaderFloat16Int8 = on
DEBUG   | FeatureControl::initHostFeatureAndParseDefault: CarRotary = on
DEBUG   | FeatureControl::initHostFeatureAndParseDefault: TvRemote = on
DEBUG   | FeatureControl::initHostFeatureAndParseDefault: GuestUsesAngle = off
DEBUG   | FeatureControl::initHostFeatureAndParseDefault: VirtioGpuFenceContexts = off
DEBUG   | FeatureControl::initHostFeatureAndParseDefault: AsyncComposeSupport = off
DEBUG   | FeatureControl::initHostFeatureAndParseDefault: VulkanAstcLdrEmulation = on
DEBUG   | FeatureControl::initHostFeatureAndParseDefault: VulkanYcbcrEmulation = off
DEBUG   | FeatureControl::initHostFeatureAndParseDefault: NetsimWebUi = on
DEBUG   | FeatureControl::initHostFeatureAndParseDefault: NetsimCliUi = on
DEBUG   | FeatureControl::initHostFeatureAndParseDefault: WiFiPacketStream = on
DEBUG   | FeatureControl::initHostFeatureAndParseDefault: VulkanAllocateDeviceMemoryOnly = off
DEBUG   | FeatureControl::initHostFeatureAndParseDefault: VulkanAllocateHostMemory = off
DEBUG   | FeatureControl::initHostFeatureAndParseDefault: QtRawKeyboardInput = off
DEBUG   | FeatureControl::initHostFeatureAndParseDefault: BypassVulkanDeviceFeatureOverrides = off
DEBUG   | FeatureControl::initHostFeatureAndParseDefault: VulkanDebugUtils = off
DEBUG   | FeatureControl::initHostFeatureAndParseDefault: VulkanCommandBufferCheckpoints = off
DEBUG   | FeatureControl::initHostFeatureAndParseDefault: VulkanVirtualQueue = on
DEBUG   | FeatureControl::initHostFeatureAndParseDefault: VulkanRobustness = off
DEBUG   | FeatureControl::initHostFeatureAndParseDefault: ForceLavapipe = off
DEBUG   | FeatureControl::initHostFeatureAndParseDefault: ForceLavapipeForSoftwareRendering = off
DEBUG   | FeatureControl::initHostFeatureAndParseDefault: ForceGpuHost = off
DEBUG   | FeatureControl::initHostFeatureAndParseDefault: ForceGpuSoftware = off
DEBUG   | FeatureControl::initHostFeatureAndParseDefault: NetsimX = off
DEBUG   | FeatureControl::initHostFeatureAndParseDefault: VulkanProtectedMemoryEmulation = off
DEBUG   | FeatureControl::initHostFeatureAndParseDefault: VulkanUseDedicatedAhbMemoryType = on
INFO         | Guest usage of host flag 'VulkanVirtualQueue' will be ignored.
DEBUG   | FeatureControl::initGuestFeatureAndParseDefault: GrallocSync = off
DEBUG   | FeatureControl::initGuestFeatureAndParseDefault: GrallocSync (guest) = on
DEBUG   | FeatureControl::initGuestFeatureAndParseDefault: EncryptUserData = on
DEBUG   | FeatureControl::initGuestFeatureAndParseDefault: EncryptUserData (guest) = on
DEBUG   | FeatureControl::initGuestFeatureAndParseDefault: IntelPerformanceMonitoringUnit = on
DEBUG   | FeatureControl::initGuestFeatureAndParseDefault: IntelPerformanceMonitoringUnit (guest) = on
DEBUG   | FeatureControl::initGuestFeatureAndParseDefault: GLAsyncSwap = on
DEBUG   | FeatureControl::initGuestFeatureAndParseDefault: GLAsyncSwap (guest) = on
DEBUG   | FeatureControl::initGuestFeatureAndParseDefault: GLDMA = on
DEBUG   | FeatureControl::initGuestFeatureAndParseDefault: GLDMA (guest) = on
DEBUG   | FeatureControl::initGuestFeatureAndParseDefault: GLDMA2 = on
DEBUG   | FeatureControl::initGuestFeatureAndParseDefault: GLDirectMem = off
DEBUG   | FeatureControl::initGuestFeatureAndParseDefault: GLDirectMem (guest) = on
DEBUG   | FeatureControl::initGuestFeatureAndParseDefault: GLESDynamicVersion = off
DEBUG   | FeatureControl::initGuestFeatureAndParseDefault: GLESDynamicVersion (guest) = on
DEBUG   | FeatureControl::initGuestFeatureAndParseDefault: Wifi = on
DEBUG   | FeatureControl::initGuestFeatureAndParseDefault: PlayStoreImage = on
DEBUG   | FeatureControl::initGuestFeatureAndParseDefault: LogcatPipe = on
DEBUG   | FeatureControl::initGuestFeatureAndParseDefault: LogcatPipe (guest) = on
DEBUG   | FeatureControl::initGuestFeatureAndParseDefault: SystemAsRoot = on
DEBUG   | FeatureControl::initGuestFeatureAndParseDefault: KernelDeviceTreeBlobSupport = on
DEBUG   | FeatureControl::initGuestFeatureAndParseDefault: DynamicPartition = on
DEBUG   | FeatureControl::initGuestFeatureAndParseDefault: DynamicPartition (guest) = on
DEBUG   | FeatureControl::initGuestFeatureAndParseDefault: RefCountPipe = on
DEBUG   | FeatureControl::initGuestFeatureAndParseDefault: RefCountPipe (guest) = on
DEBUG   | FeatureControl::initGuestFeatureAndParseDefault: HostComposition = on
DEBUG   | FeatureControl::initGuestFeatureAndParseDefault: HostComposition (guest) = on
DEBUG   | FeatureControl::initGuestFeatureAndParseDefault: WifiConfigurable = off
DEBUG   | FeatureControl::initGuestFeatureAndParseDefault: VirtioInput = on
DEBUG   | FeatureControl::initGuestFeatureAndParseDefault: VirtioInput (guest) = on
DEBUG   | FeatureControl::initGuestFeatureAndParseDefault: MultiDisplay = on
DEBUG   | FeatureControl::initGuestFeatureAndParseDefault: MultiDisplay (guest) = on
DEBUG   | FeatureControl::initGuestFeatureAndParseDefault: VulkanNullOptionalStrings = on
DEBUG   | FeatureControl::initGuestFeatureAndParseDefault: VulkanNullOptionalStrings (guest) = on
DEBUG   | FeatureControl::initGuestFeatureAndParseDefault: YUV420888toNV21 = on
DEBUG   | FeatureControl::initGuestFeatureAndParseDefault: YUVCache = on
DEBUG   | FeatureControl::initGuestFeatureAndParseDefault: YUVCache (guest) = on
DEBUG   | FeatureControl::initGuestFeatureAndParseDefault: KeycodeForwarding = on
DEBUG   | FeatureControl::initGuestFeatureAndParseDefault: VulkanIgnoredHandles = on
DEBUG   | FeatureControl::initGuestFeatureAndParseDefault: VulkanIgnoredHandles (guest) = on
DEBUG   | FeatureControl::initGuestFeatureAndParseDefault: VirtioGpuNext = on
DEBUG   | FeatureControl::initGuestFeatureAndParseDefault: Mac80211hwsimUserspaceManaged = on
DEBUG   | FeatureControl::initGuestFeatureAndParseDefault: Mac80211hwsimUserspaceManaged (guest) = on
DEBUG   | FeatureControl::initGuestFeatureAndParseDefault: HardwareDecoder = on
DEBUG   | FeatureControl::initGuestFeatureAndParseDefault: HardwareDecoder (guest) = on
DEBUG   | FeatureControl::initGuestFeatureAndParseDefault: VirtioWifi = on
DEBUG   | FeatureControl::initGuestFeatureAndParseDefault: VirtioWifi (guest) = on
DEBUG   | FeatureControl::initGuestFeatureAndParseDefault: ModemSimulator = on
DEBUG   | FeatureControl::initGuestFeatureAndParseDefault: ModemSimulator (guest) = on
DEBUG   | FeatureControl::initGuestFeatureAndParseDefault: VirtioMouse = on
DEBUG   | FeatureControl::initGuestFeatureAndParseDefault: VirtconsoleLogcat = on
DEBUG   | FeatureControl::initGuestFeatureAndParseDefault: VirtconsoleLogcat (guest) = on
DEBUG   | FeatureControl::initGuestFeatureAndParseDefault: VirtioVsockPipe = on
DEBUG   | FeatureControl::initGuestFeatureAndParseDefault: VirtioVsockPipe (guest) = on
DEBUG   | FeatureControl::initGuestFeatureAndParseDefault: VulkanQueueSubmitWithCommands = on
DEBUG   | FeatureControl::initGuestFeatureAndParseDefault: VulkanQueueSubmitWithCommands (guest) = on
DEBUG   | FeatureControl::initGuestFeatureAndParseDefault: VulkanBatchedDescriptorSetUpdate = off
DEBUG   | FeatureControl::initGuestFeatureAndParseDefault: VulkanBatchedDescriptorSetUpdate (guest) = on
DEBUG   | FeatureControl::initGuestFeatureAndParseDefault: Minigbm = on
DEBUG   | FeatureControl::initGuestFeatureAndParseDefault: GnssGrpcV1 = on
DEBUG   | FeatureControl::initGuestFeatureAndParseDefault: AndroidbootProps = on
DEBUG   | FeatureControl::initGuestFeatureAndParseDefault: AndroidbootProps2 = on
DEBUG   | FeatureControl::initGuestFeatureAndParseDefault: AndroidbootProps2 (guest) = on
DEBUG   | FeatureControl::initGuestFeatureAndParseDefault: DeviceSkinOverlay = on
DEBUG   | FeatureControl::initGuestFeatureAndParseDefault: DeviceSkinOverlay (guest) = on
DEBUG   | FeatureControl::initGuestFeatureAndParseDefault: BluetoothEmulation (guest) = on
DEBUG   | FeatureControl::initGuestFeatureAndParseDefault: DeviceStateOnBoot = on
DEBUG   | FeatureControl::initGuestFeatureAndParseDefault: DeviceStateOnBoot (guest) = on
DEBUG   | FeatureControl::initGuestFeatureAndParseDefault: HWCMultiConfigs = on
DEBUG   | FeatureControl::initGuestFeatureAndParseDefault: HWCMultiConfigs (guest) = on
DEBUG   | FeatureControl::initGuestFeatureAndParseDefault: VirtioSndCard = on
DEBUG   | FeatureControl::initGuestFeatureAndParseDefault: VirtioSndCard (guest) = on
DEBUG   | FeatureControl::initGuestFeatureAndParseDefault: VirtioTablet = on
DEBUG   | FeatureControl::initGuestFeatureAndParseDefault: VsockSnapshotLoadFixed_b231345789 = on
DEBUG   | FeatureControl::initGuestFeatureAndParseDefault: DownloadableSnapshot = on
DEBUG   | FeatureControl::initGuestFeatureAndParseDefault: SupportPixelFold = on
DEBUG   | FeatureControl::initGuestFeatureAndParseDefault: SupportPixelFold (guest) = on
DEBUG   | FeatureControl::initGuestFeatureAndParseDefault: DeviceKeyboardHasAssistKey = on
DEBUG   | FeatureControl::initGuestFeatureAndParseDefault: DeviceKeyboardHasAssistKey (guest) = on
DEBUG   | FeatureControl::initGuestFeatureAndParseDefault: Uwb = on
DEBUG   | FeatureControl::initGuestFeatureAndParseDefault: Uwb (guest) = on
DEBUG   | FeatureControl::initGuestFeatureAndParseDefault: GuestAngle = on
DEBUG   | FeatureControl::initGuestFeatureAndParseDefault: AndroidVirtualizationFramework = on
DEBUG   | FeatureControl::initGuestFeatureAndParseDefault: AndroidVirtualizationFramework (guest) = on
DEBUG   | FeatureControl::initGuestFeatureAndParseDefault: XrModeUI = on
DEBUG   | FeatureControl::initGuestFeatureAndParseDefault: VirtioDualModeMouse = on
DEBUG   | FeatureControl::initGuestFeatureAndParseDefault: DualModeMouseDisplayHostCursor = on
DEBUG   | FeatureControl::initGuestFeatureAndParseDefault: AllAppsForHomeTray = on
DEBUG   | FeatureControl::initGuestFeatureAndParseDefault: MicrophoneToggleUI = on
DEBUG   | FeatureControl::initGuestFeatureAndParseDefault: QemuCameraSensorOrientation = on
DEBUG   | FeatureControl::initGuestFeatureAndParseDefault: QemuCameraSensorOrientation (guest) = on
DEBUG   | FeatureControl::initGuestFeatureAndParseDefault: XrDimming = on
DEBUG   | FeatureControl::initGuestFeatureAndParseDefault: XrHandAndEyePointers = on
DEBUG   | FeatureControl::initGuestFeatureAndParseDefault: Nfc = off
DEBUG   | FeatureControl::initGuestFeatureAndParseDefault: XrStatusLed = on
DEBUG   | FeatureControl::setIfNotOverridenOrGuestDisabled: GLESDynamicVersion is changed to enabled
DEBUG   | Server flags enabled GLESDynamicVersion
DEBUG   | autoconfig: -kernel /Users/yoonhb/Library/Android/sdk/system-images/android-37.2/google_apis_ps16k/arm64-v8a//kernel-ranchu
DEBUG   | Target arch = 'arm64'
DEBUG   | Auto-detect: Kernel image requires new device naming scheme.
DEBUG   | Auto-detect: Kernel does not support YAFFS2 partitions.
DEBUG   | autoconfig: -ramdisk /Users/yoonhb/Library/Android/sdk/system-images/android-37.2/google_apis_ps16k/arm64-v8a//ramdisk.img
DEBUG   | Using initial system image: /Users/yoonhb/Library/Android/sdk/system-images/android-37.2/google_apis_ps16k/arm64-v8a//system.img
DEBUG   | Using initial vendor image: /Users/yoonhb/Library/Android/sdk/system-images/android-37.2/google_apis_ps16k/arm64-v8a//vendor.img
DEBUG   | autoconfig: -initdata (null)
DEBUG   | autoconfig: -cache /Users/yoonhb/.android/avd/../avd/spinon_api37_2.avd/cache.img
DEBUG   | INFO: ignore sdcard for arm at api level >= 30
DEBUG   | Physical RAM size: 4096MB
DEBUG   | VM heap size 228MB is below hardware specified minimum of 576MB,setting it to that value
DEBUG   | System image is read only
DEBUG   | Found 2 DNS servers:
DEBUG   | 	100.100.100.100
DEBUG   | 	fd7a:115c:a1e0::53
INFO         | Guest GLES Driver: Auto (ext controls)
DEBUG   | emuglConfig_init: gpu_mode_requested: auto, no_window: 0

DEBUG   | Crash dump message: 'emuglConfig_init: gpu_mode_requested: auto, no_window: 0'
INFO         | API level 37 requires GLES 3.1, forcing software rendering for GLES.
INFO         | emuglConfig_init: vulkan_mode_selected:lavapipe gles_mode_selected:swangle
DEBUG   | setCurrentRenderer: swangle lavapipe gles:Angle Indirect vulkan:Lavapipe
DEBUG   | emuglConfig_init: GPU emulation enabled using Vulkan:'lavapipe' GLES:'swangle' modes

DEBUG   | Crash dump message: 'emuglConfig_init: GPU emulation enabled using Vulkan:'lavapipe' GLES:'swangle' modes'
DEBUG   | Crash dump message: 'Deciding if GLDirectMem/Vulkan should be enabled. Selected GLES renderer: Angle Indirect Selected Vulkan renderer: Lavapipe API level: 37 '
DEBUG   | Crash dump message: 'Enabling Vulkan'
DEBUG   | FeatureControl::setIfNotOverriden: Vulkan is changed to enabled
DEBUG   | FeatureControl::setIfNotOverriden: GLDirectMem is changed to enabled
DEBUG   | Crash dump message: 'Enabling GLDirectMem'
DEBUG   | GPU emulation enabled using Vulkan:'lavapipe' GLES:'swangle' modes
DEBUG   | Adding to the library search path: /Users/yoonhb/Library/Android/sdk/emulator/lib64/gles_swangle

INFO         | Checking system compatibility:
INFO         |   Checking: hasSufficientDiskSpace
INFO         |      Ok: Disk space requirements to run avd: `spinon_api37_2` are met
INFO         |   Checking: hasSufficientHwGpu
INFO         |      Ok: Hardware GPU compatibility checks are not required
INFO         |   Checking: hasSufficientSystem
INFO         |      Ok: System requirements to run avd: `spinon_api37_2` are met
DEBUG   | Starting hostapd main loop.
DEBUG   | found magic skin width=1080 height=1920 bpp=32

DEBUG   | FeatureControl::setIfNotOverriden: QuickbootFileBacked is changed to disabled
DEBUG   | Requested console port 5562: Inferring adb port 5563.
DEBUG   | Creating ext4 userdata partition: /Users/yoonhb/.android/avd/../avd/spinon_api37_2.avd/data
Creating filesystem with parameters:
    Size: 10737418240
    Block size: 4096
    Blocks per group: 32768
    Inodes per group: 8192
    Inode size: 256
    Journal blocks: 32768
    Label: 
    Blocks: 2621440
    Block groups: 80
    Reserved block group size: 639
Created filesystem with 11/655360 inodes and 79660/2621440 blocks
DEBUG   | convert img from ext4 /Users/yoonhb/.android/avd/../avd/spinon_api37_2.avd/userdata-qemu.img to qcow2 image /Users/yoonhb/.android/avd/../avd/spinon_api37_2.avd/userdata-qemu.img.tmp.qcow2  succeeded, using 68 mini seconds
DEBUG   | Creating empty ext4 cache partition: /Users/yoonhb/.android/avd/../avd/spinon_api37_2.avd/cache.img
Creating filesystem with parameters:
    Size: 69206016
    Block size: 4096
    Blocks per group: 32768
    Inodes per group: 4224
    Inode size: 256
    Journal blocks: 1024
    Label: 
    Blocks: 16896
    Block groups: 1
    Reserved block group size: 7
Created filesystem with 11/4224 inodes and 1302/16896 blocks
DEBUG   | CPU Acceleration: working
DEBUG   | CPU Acceleration status: Hypervisor.Framework OS X Version 26.5
DEBUG   | handleCpuAcceleration: feature check for hvf
DEBUG   | FeatureControl::setIfNotOverriden: VsockSnapshotLoadFixed_b231345789 is changed to enabled
DEBUG   | Uwb requested by user
DEBUG   | Bluetooth requested by guest
DEBUG   | started modem simulator host server at port: 59628
DEBUG   | emulator_window_framebuffer_create: 1080x1920

INFO         | Storing crashdata in: /tmp/android-yoonhb/emu-crash-37.2.12.db, detection is enabled for process: 10605
INFO         | Initializing gfxstream backend
INFO         | startOpenglesRendererImpl: gpu info
INFO         | 
DEBUG   | gfxstreamFeature:GlPipeChecksum = 1
DEBUG   | gfxstreamFeature:Vulkan = 1
DEBUG   | gfxstreamFeature:HasSharedSlotsHostMemoryAllocator = 1
DEBUG   | gfxstreamFeature:VulkanSnapshots = 0
DEBUG   | gfxstreamFeature:NoDelayCloseColorBuffer = 0
DEBUG   | gfxstreamFeature:VirtioGpuNativeSync = 0
DEBUG   | gfxstreamFeature:VulkanShaderFloat16Int8 = 1
DEBUG   | gfxstreamFeature:NativeTextureDecompression = 0
DEBUG   | gfxstreamFeature:VulkanNativeSwapchain = 0
DEBUG   | gfxstreamFeature:VirtioGpuFenceContexts = 0
DEBUG   | gfxstreamFeature:AsyncComposeSupport = 0
DEBUG   | gfxstreamFeature:ExternalBlob = 0
DEBUG   | gfxstreamFeature:SystemBlob = 0
DEBUG   | gfxstreamFeature:GrallocSync = 0
DEBUG   | gfxstreamFeature:GlAsyncSwap = 1
DEBUG   | gfxstreamFeature:GlDma = 1
DEBUG   | gfxstreamFeature:GlDma2 = 0
DEBUG   | gfxstreamFeature:GlDirectMem = 1
DEBUG   | gfxstreamFeature:GlesDynamicVersion = 1
DEBUG   | gfxstreamFeature:RefCountPipe = 1
DEBUG   | gfxstreamFeature:HostComposition = 1
DEBUG   | gfxstreamFeature:VulkanNullOptionalStrings = 1
DEBUG   | gfxstreamFeature:Yuv420888ToNv21 = 0
DEBUG   | gfxstreamFeature:YuvCache = 1
DEBUG   | gfxstreamFeature:VulkanIgnoredHandles = 1
DEBUG   | gfxstreamFeature:VirtioGpuNext = 0
DEBUG   | gfxstreamFeature:VulkanQueueSubmitWithCommands = 1
DEBUG   | gfxstreamFeature:VulkanBatchedDescriptorSetUpdate = 0
DEBUG   | gfxstreamFeature:Minigbm = 0
DEBUG   | gfxstreamFeature:HwcMultiConfigs = 1
DEBUG   | gfxstreamFeature:VulkanAllocateDeviceMemoryOnly = 0
DEBUG   | gfxstreamFeature:VulkanAllocateHostMemory = 0
DEBUG   | gfxstreamFeature:GuestVulkanOnly = 0
DEBUG   | gfxstreamFeature:BypassVulkanDeviceFeatureOverrides = 0
DEBUG   | gfxstreamFeature:VulkanDebugUtils = 0
DEBUG   | gfxstreamFeature:VulkanCommandBufferCheckpoints = 0
DEBUG   | gfxstreamFeature:VulkanVirtualQueue = 1
DEBUG   | gfxstreamFeature:VulkanRobustness = 0
DEBUG   | gfxstreamFeature:VulkanProtectedMemoryEmulation = 0
DEBUG   | gfxstreamFeature:VulkanUseDedicatedAhbMemoryType = 1
INFO         | Vulkan 1.4 is not supported for the guest and won't be enabled
DEBUG   | RenderWindow: CMD_INITIALIZE w=1080 h=1920
DEBUG   | FrameBuffer::initialize()
DEBUG   | Creating Framebuffer: 1080x1920, useSubWindow=1
DEBUG   | create display 0
DEBUG   | setDisplayPose 0 x 0 y 0 w 1080 h 1920 dpi 0
INFO         | initIcdPaths: ICD set to 'lavapipe', using Lavapipe ICD
INFO         | Setting ICD filenames for the loader = /Users/yoonhb/Library/Android/sdk/emulator/lib64/vulkan/lvp_icd.json
VERBOSE | Enabling error messages from vulkan loader
INFO         | SharedLibrary::open for [/Users/yoonhb/Library/Android/sdk/emulator/qemu/darwin-aarch64/lib64/vulkan/libvulkan.dylib]
VERBOSE | SharedLibrary::open for [/Users/yoonhb/Library/Android/sdk/emulator/qemu/darwin-aarch64/lib64/vulkan/libvulkan.dylib]: not found in map, open for the first time
VERBOSE | SharedLibrary::open for [/Users/yoonhb/Library/Android/sdk/emulator/qemu/darwin-aarch64/lib64/vulkan/libvulkan.dylib] (posix): begin
VERBOSE | SharedLibrary::open for [/Users/yoonhb/Library/Android/sdk/emulator/qemu/darwin-aarch64/lib64/vulkan/libvulkan.dylib] (posix,darwin): call dlopen
VERBOSE | SharedLibrary::open succeeded for [/Users/yoonhb/Library/Android/sdk/emulator/qemu/darwin-aarch64/lib64/vulkan/libvulkan.dylib].
INFO         | Added library: /Users/yoonhb/Library/Android/sdk/emulator/qemu/darwin-aarch64/lib64/vulkan/libvulkan.dylib
INFO         | Enabling Vulkan portability.
DEBUG   | Global loader has instance version = 1.4.344
DEBUG   | global loader has vkEnumerateInstanceVersion returning >= 1.1.
DEBUG   | Creating an instance, asking for version 1.1.0 ...
DEBUG   | Found 1 Vulkan physical device(s).
DEBUG   | Considering Vulkan physical device 0 : llvmpipe (LLVM 21.1.4, 128 bits)
DEBUG   | VK_EXT_external_memory_metal not found, bailing.
DEBUG   | Graphics queue family index: 0
DEBUG   | Compute queue family index: 0
DEBUG   | Supported: VK_FORMAT_R8G8B8A8_UNORM VK_IMAGE_TYPE_2D VK_IMAGE_TILING_LINEAR VK_IMAGE_USAGE_COLOR_ATTACHMENT_BIT, supportsExternalMemory? 1, requiresDedicated? 0
DEBUG   | Supported: VK_FORMAT_R8G8B8A8_UNORM VK_IMAGE_TYPE_2D VK_IMAGE_TILING_LINEAR VK_IMAGE_USAGE_INPUT_ATTACHMENT_BIT, supportsExternalMemory? 1, requiresDedicated? 0
DEBUG   | Supported: VK_FORMAT_R8G8B8A8_UNORM VK_IMAGE_TYPE_2D VK_IMAGE_TILING_LINEAR VK_IMAGE_USAGE_SAMPLED_BIT, supportsExternalMemory? 1, requiresDedicated? 0
DEBUG   | Supported: VK_FORMAT_R8G8B8A8_UNORM VK_IMAGE_TYPE_2D VK_IMAGE_TILING_LINEAR VK_IMAGE_USAGE_TRANSFER_SRC_BIT, supportsExternalMemory? 1, requiresDedicated? 0
DEBUG   | Supported: VK_FORMAT_R8G8B8A8_UNORM VK_IMAGE_TYPE_2D VK_IMAGE_TILING_LINEAR VK_IMAGE_USAGE_TRANSFER_DST_BIT, supportsExternalMemory? 1, requiresDedicated? 0
DEBUG   | Supported: VK_FORMAT_R8G8B8A8_UNORM VK_IMAGE_TYPE_2D VK_IMAGE_TILING_OPTIMAL VK_IMAGE_USAGE_COLOR_ATTACHMENT_BIT, supportsExternalMemory? 1, requiresDedicated? 0
DEBUG   | Supported: VK_FORMAT_R8G8B8A8_UNORM VK_IMAGE_TYPE_2D VK_IMAGE_TILING_OPTIMAL VK_IMAGE_USAGE_INPUT_ATTACHMENT_BIT, supportsExternalMemory? 1, requiresDedicated? 0
DEBUG   | Supported: VK_FORMAT_R8G8B8A8_UNORM VK_IMAGE_TYPE_2D VK_IMAGE_TILING_OPTIMAL VK_IMAGE_USAGE_SAMPLED_BIT, supportsExternalMemory? 1, requiresDedicated? 0
DEBUG   | Supported: VK_FORMAT_R8G8B8A8_UNORM VK_IMAGE_TYPE_2D VK_IMAGE_TILING_OPTIMAL VK_IMAGE_USAGE_TRANSFER_SRC_BIT, supportsExternalMemory? 1, requiresDedicated? 0
DEBUG   | Supported: VK_FORMAT_R8G8B8A8_UNORM VK_IMAGE_TYPE_2D VK_IMAGE_TILING_OPTIMAL VK_IMAGE_USAGE_TRANSFER_DST_BIT, supportsExternalMemory? 1, requiresDedicated? 0
DEBUG   | Not Supported: VK_FORMAT_R8G8B8_UNORM VK_IMAGE_TYPE_2D VK_IMAGE_TILING_LINEAR VK_IMAGE_USAGE_COLOR_ATTACHMENT_BIT
DEBUG   | Not Supported: VK_FORMAT_R8G8B8_UNORM VK_IMAGE_TYPE_2D VK_IMAGE_TILING_LINEAR VK_IMAGE_USAGE_INPUT_ATTACHMENT_BIT
DEBUG   | Not Supported: VK_FORMAT_R8G8B8_UNORM VK_IMAGE_TYPE_2D VK_IMAGE_TILING_LINEAR VK_IMAGE_USAGE_SAMPLED_BIT
DEBUG   | Not Supported: VK_FORMAT_R8G8B8_UNORM VK_IMAGE_TYPE_2D VK_IMAGE_TILING_LINEAR VK_IMAGE_USAGE_TRANSFER_SRC_BIT
DEBUG   | Not Supported: VK_FORMAT_R8G8B8_UNORM VK_IMAGE_TYPE_2D VK_IMAGE_TILING_LINEAR VK_IMAGE_USAGE_TRANSFER_DST_BIT
DEBUG   | Not Supported: VK_FORMAT_R8G8B8_UNORM VK_IMAGE_TYPE_2D VK_IMAGE_TILING_OPTIMAL VK_IMAGE_USAGE_COLOR_ATTACHMENT_BIT
DEBUG   | Not Supported: VK_FORMAT_R8G8B8_UNORM VK_IMAGE_TYPE_2D VK_IMAGE_TILING_OPTIMAL VK_IMAGE_USAGE_INPUT_ATTACHMENT_BIT
DEBUG   | Not Supported: VK_FORMAT_R8G8B8_UNORM VK_IMAGE_TYPE_2D VK_IMAGE_TILING_OPTIMAL VK_IMAGE_USAGE_SAMPLED_BIT
DEBUG   | Not Supported: VK_FORMAT_R8G8B8_UNORM VK_IMAGE_TYPE_2D VK_IMAGE_TILING_OPTIMAL VK_IMAGE_USAGE_TRANSFER_SRC_BIT
DEBUG   | Not Supported: VK_FORMAT_R8G8B8_UNORM VK_IMAGE_TYPE_2D VK_IMAGE_TILING_OPTIMAL VK_IMAGE_USAGE_TRANSFER_DST_BIT
DEBUG   | Supported: VK_FORMAT_R5G6B5_UNORM_PACK16 VK_IMAGE_TYPE_2D VK_IMAGE_TILING_LINEAR VK_IMAGE_USAGE_COLOR_ATTACHMENT_BIT, supportsExternalMemory? 1, requiresDedicated? 0
DEBUG   | Supported: VK_FORMAT_R5G6B5_UNORM_PACK16 VK_IMAGE_TYPE_2D VK_IMAGE_TILING_LINEAR VK_IMAGE_USAGE_INPUT_ATTACHMENT_BIT, supportsExternalMemory? 1, requiresDedicated? 0
DEBUG   | Supported: VK_FORMAT_R5G6B5_UNORM_PACK16 VK_IMAGE_TYPE_2D VK_IMAGE_TILING_LINEAR VK_IMAGE_USAGE_SAMPLED_BIT, supportsExternalMemory? 1, requiresDedicated? 0
DEBUG   | Supported: VK_FORMAT_R5G6B5_UNORM_PACK16 VK_IMAGE_TYPE_2D VK_IMAGE_TILING_LINEAR VK_IMAGE_USAGE_TRANSFER_SRC_BIT, supportsExternalMemory? 1, requiresDedicated? 0
DEBUG   | Supported: VK_FORMAT_R5G6B5_UNORM_PACK16 VK_IMAGE_TYPE_2D VK_IMAGE_TILING_LINEAR VK_IMAGE_USAGE_TRANSFER_DST_BIT, supportsExternalMemory? 1, requiresDedicated? 0
DEBUG   | Supported: VK_FORMAT_R5G6B5_UNORM_PACK16 VK_IMAGE_TYPE_2D VK_IMAGE_TILING_OPTIMAL VK_IMAGE_USAGE_COLOR_ATTACHMENT_BIT, supportsExternalMemory? 1, requiresDedicated? 0
DEBUG   | Supported: VK_FORMAT_R5G6B5_UNORM_PACK16 VK_IMAGE_TYPE_2D VK_IMAGE_TILING_OPTIMAL VK_IMAGE_USAGE_INPUT_ATTACHMENT_BIT, supportsExternalMemory? 1, requiresDedicated? 0
DEBUG   | Supported: VK_FORMAT_R5G6B5_UNORM_PACK16 VK_IMAGE_TYPE_2D VK_IMAGE_TILING_OPTIMAL VK_IMAGE_USAGE_SAMPLED_BIT, supportsExternalMemory? 1, requiresDedicated? 0
DEBUG   | Supported: VK_FORMAT_R5G6B5_UNORM_PACK16 VK_IMAGE_TYPE_2D VK_IMAGE_TILING_OPTIMAL VK_IMAGE_USAGE_TRANSFER_SRC_BIT, supportsExternalMemory? 1, requiresDedicated? 0
DEBUG   | Supported: VK_FORMAT_R5G6B5_UNORM_PACK16 VK_IMAGE_TYPE_2D VK_IMAGE_TILING_OPTIMAL VK_IMAGE_USAGE_TRANSFER_DST_BIT, supportsExternalMemory? 1, requiresDedicated? 0
DEBUG   | Supported: VK_FORMAT_A1R5G5B5_UNORM_PACK16 VK_IMAGE_TYPE_2D VK_IMAGE_TILING_LINEAR VK_IMAGE_USAGE_COLOR_ATTACHMENT_BIT, supportsExternalMemory? 1, requiresDedicated? 0
DEBUG   | Supported: VK_FORMAT_A1R5G5B5_UNORM_PACK16 VK_IMAGE_TYPE_2D VK_IMAGE_TILING_LINEAR VK_IMAGE_USAGE_INPUT_ATTACHMENT_BIT, supportsExternalMemory? 1, requiresDedicated? 0
DEBUG   | Supported: VK_FORMAT_A1R5G5B5_UNORM_PACK16 VK_IMAGE_TYPE_2D VK_IMAGE_TILING_LINEAR VK_IMAGE_USAGE_SAMPLED_BIT, supportsExternalMemory? 1, requiresDedicated? 0
DEBUG   | Supported: VK_FORMAT_A1R5G5B5_UNORM_PACK16 VK_IMAGE_TYPE_2D VK_IMAGE_TILING_LINEAR VK_IMAGE_USAGE_TRANSFER_SRC_BIT, supportsExternalMemory? 1, requiresDedicated? 0
DEBUG   | Supported: VK_FORMAT_A1R5G5B5_UNORM_PACK16 VK_IMAGE_TYPE_2D VK_IMAGE_TILING_LINEAR VK_IMAGE_USAGE_TRANSFER_DST_BIT, supportsExternalMemory? 1, requiresDedicated? 0
DEBUG   | Supported: VK_FORMAT_A1R5G5B5_UNORM_PACK16 VK_IMAGE_TYPE_2D VK_IMAGE_TILING_OPTIMAL VK_IMAGE_USAGE_COLOR_ATTACHMENT_BIT, supportsExternalMemory? 1, requiresDedicated? 0
DEBUG   | Supported: VK_FORMAT_A1R5G5B5_UNORM_PACK16 VK_IMAGE_TYPE_2D VK_IMAGE_TILING_OPTIMAL VK_IMAGE_USAGE_INPUT_ATTACHMENT_BIT, supportsExternalMemory? 1, requiresDedicated? 0
DEBUG   | Supported: VK_FORMAT_A1R5G5B5_UNORM_PACK16 VK_IMAGE_TYPE_2D VK_IMAGE_TILING_OPTIMAL VK_IMAGE_USAGE_SAMPLED_BIT, supportsExternalMemory? 1, requiresDedicated? 0
DEBUG   | Supported: VK_FORMAT_A1R5G5B5_UNORM_PACK16 VK_IMAGE_TYPE_2D VK_IMAGE_TILING_OPTIMAL VK_IMAGE_USAGE_TRANSFER_SRC_BIT, supportsExternalMemory? 1, requiresDedicated? 0
DEBUG   | Supported: VK_FORMAT_A1R5G5B5_UNORM_PACK16 VK_IMAGE_TYPE_2D VK_IMAGE_TILING_OPTIMAL VK_IMAGE_USAGE_TRANSFER_DST_BIT, supportsExternalMemory? 1, requiresDedicated? 0
DEBUG   | Supported: VK_FORMAT_R16G16B16A16_SFLOAT VK_IMAGE_TYPE_2D VK_IMAGE_TILING_LINEAR VK_IMAGE_USAGE_COLOR_ATTACHMENT_BIT, supportsExternalMemory? 1, requiresDedicated? 0
DEBUG   | Supported: VK_FORMAT_R16G16B16A16_SFLOAT VK_IMAGE_TYPE_2D VK_IMAGE_TILING_LINEAR VK_IMAGE_USAGE_INPUT_ATTACHMENT_BIT, supportsExternalMemory? 1, requiresDedicated? 0
DEBUG   | Supported: VK_FORMAT_R16G16B16A16_SFLOAT VK_IMAGE_TYPE_2D VK_IMAGE_TILING_LINEAR VK_IMAGE_USAGE_SAMPLED_BIT, supportsExternalMemory? 1, requiresDedicated? 0
DEBUG   | Supported: VK_FORMAT_R16G16B16A16_SFLOAT VK_IMAGE_TYPE_2D VK_IMAGE_TILING_LINEAR VK_IMAGE_USAGE_TRANSFER_SRC_BIT, supportsExternalMemory? 1, requiresDedicated? 0
DEBUG   | Supported: VK_FORMAT_R16G16B16A16_SFLOAT VK_IMAGE_TYPE_2D VK_IMAGE_TILING_LINEAR VK_IMAGE_USAGE_TRANSFER_DST_BIT, supportsExternalMemory? 1, requiresDedicated? 0
DEBUG   | Supported: VK_FORMAT_R16G16B16A16_SFLOAT VK_IMAGE_TYPE_2D VK_IMAGE_TILING_OPTIMAL VK_IMAGE_USAGE_COLOR_ATTACHMENT_BIT, supportsExternalMemory? 1, requiresDedicated? 0
DEBUG   | Supported: VK_FORMAT_R16G16B16A16_SFLOAT VK_IMAGE_TYPE_2D VK_IMAGE_TILING_OPTIMAL VK_IMAGE_USAGE_INPUT_ATTACHMENT_BIT, supportsExternalMemory? 1, requiresDedicated? 0
DEBUG   | Supported: VK_FORMAT_R16G16B16A16_SFLOAT VK_IMAGE_TYPE_2D VK_IMAGE_TILING_OPTIMAL VK_IMAGE_USAGE_SAMPLED_BIT, supportsExternalMemory? 1, requiresDedicated? 0
DEBUG   | Supported: VK_FORMAT_R16G16B16A16_SFLOAT VK_IMAGE_TYPE_2D VK_IMAGE_TILING_OPTIMAL VK_IMAGE_USAGE_TRANSFER_SRC_BIT, supportsExternalMemory? 1, requiresDedicated? 0
DEBUG   | Supported: VK_FORMAT_R16G16B16A16_SFLOAT VK_IMAGE_TYPE_2D VK_IMAGE_TILING_OPTIMAL VK_IMAGE_USAGE_TRANSFER_DST_BIT, supportsExternalMemory? 1, requiresDedicated? 0
DEBUG   | Not Supported: VK_FORMAT_R16G16B16_SFLOAT VK_IMAGE_TYPE_2D VK_IMAGE_TILING_LINEAR VK_IMAGE_USAGE_COLOR_ATTACHMENT_BIT
DEBUG   | Not Supported: VK_FORMAT_R16G16B16_SFLOAT VK_IMAGE_TYPE_2D VK_IMAGE_TILING_LINEAR VK_IMAGE_USAGE_INPUT_ATTACHMENT_BIT
DEBUG   | Not Supported: VK_FORMAT_R16G16B16_SFLOAT VK_IMAGE_TYPE_2D VK_IMAGE_TILING_LINEAR VK_IMAGE_USAGE_SAMPLED_BIT
DEBUG   | Not Supported: VK_FORMAT_R16G16B16_SFLOAT VK_IMAGE_TYPE_2D VK_IMAGE_TILING_LINEAR VK_IMAGE_USAGE_TRANSFER_SRC_BIT
DEBUG   | Not Supported: VK_FORMAT_R16G16B16_SFLOAT VK_IMAGE_TYPE_2D VK_IMAGE_TILING_LINEAR VK_IMAGE_USAGE_TRANSFER_DST_BIT
DEBUG   | Not Supported: VK_FORMAT_R16G16B16_SFLOAT VK_IMAGE_TYPE_2D VK_IMAGE_TILING_OPTIMAL VK_IMAGE_USAGE_COLOR_ATTACHMENT_BIT
DEBUG   | Not Supported: VK_FORMAT_R16G16B16_SFLOAT VK_IMAGE_TYPE_2D VK_IMAGE_TILING_OPTIMAL VK_IMAGE_USAGE_INPUT_ATTACHMENT_BIT
DEBUG   | Not Supported: VK_FORMAT_R16G16B16_SFLOAT VK_IMAGE_TYPE_2D VK_IMAGE_TILING_OPTIMAL VK_IMAGE_USAGE_SAMPLED_BIT
DEBUG   | Not Supported: VK_FORMAT_R16G16B16_SFLOAT VK_IMAGE_TYPE_2D VK_IMAGE_TILING_OPTIMAL VK_IMAGE_USAGE_TRANSFER_SRC_BIT
DEBUG   | Not Supported: VK_FORMAT_R16G16B16_SFLOAT VK_IMAGE_TYPE_2D VK_IMAGE_TILING_OPTIMAL VK_IMAGE_USAGE_TRANSFER_DST_BIT
DEBUG   | Supported: VK_FORMAT_B8G8R8A8_UNORM VK_IMAGE_TYPE_2D VK_IMAGE_TILING_LINEAR VK_IMAGE_USAGE_COLOR_ATTACHMENT_BIT, supportsExternalMemory? 1, requiresDedicated? 0
DEBUG   | Supported: VK_FORMAT_B8G8R8A8_UNORM VK_IMAGE_TYPE_2D VK_IMAGE_TILING_LINEAR VK_IMAGE_USAGE_INPUT_ATTACHMENT_BIT, supportsExternalMemory? 1, requiresDedicated? 0
DEBUG   | Supported: VK_FORMAT_B8G8R8A8_UNORM VK_IMAGE_TYPE_2D VK_IMAGE_TILING_LINEAR VK_IMAGE_USAGE_SAMPLED_BIT, supportsExternalMemory? 1, requiresDedicated? 0
DEBUG   | Supported: VK_FORMAT_B8G8R8A8_UNORM VK_IMAGE_TYPE_2D VK_IMAGE_TILING_LINEAR VK_IMAGE_USAGE_TRANSFER_SRC_BIT, supportsExternalMemory? 1, requiresDedicated? 0
DEBUG   | Supported: VK_FORMAT_B8G8R8A8_UNORM VK_IMAGE_TYPE_2D VK_IMAGE_TILING_LINEAR VK_IMAGE_USAGE_TRANSFER_DST_BIT, supportsExternalMemory? 1, requiresDedicated? 0
DEBUG   | Supported: VK_FORMAT_B8G8R8A8_UNORM VK_IMAGE_TYPE_2D VK_IMAGE_TILING_OPTIMAL VK_IMAGE_USAGE_COLOR_ATTACHMENT_BIT, supportsExternalMemory? 1, requiresDedicated? 0
DEBUG   | Supported: VK_FORMAT_B8G8R8A8_UNORM VK_IMAGE_TYPE_2D VK_IMAGE_TILING_OPTIMAL VK_IMAGE_USAGE_INPUT_ATTACHMENT_BIT, supportsExternalMemory? 1, requiresDedicated? 0
DEBUG   | Supported: VK_FORMAT_B8G8R8A8_UNORM VK_IMAGE_TYPE_2D VK_IMAGE_TILING_OPTIMAL VK_IMAGE_USAGE_SAMPLED_BIT, supportsExternalMemory? 1, requiresDedicated? 0
DEBUG   | Supported: VK_FORMAT_B8G8R8A8_UNORM VK_IMAGE_TYPE_2D VK_IMAGE_TILING_OPTIMAL VK_IMAGE_USAGE_TRANSFER_SRC_BIT, supportsExternalMemory? 1, requiresDedicated? 0
DEBUG   | Supported: VK_FORMAT_B8G8R8A8_UNORM VK_IMAGE_TYPE_2D VK_IMAGE_TILING_OPTIMAL VK_IMAGE_USAGE_TRANSFER_DST_BIT, supportsExternalMemory? 1, requiresDedicated? 0
DEBUG   | Supported: VK_FORMAT_B4G4R4A4_UNORM_PACK16 VK_IMAGE_TYPE_2D VK_IMAGE_TILING_LINEAR VK_IMAGE_USAGE_COLOR_ATTACHMENT_BIT, supportsExternalMemory? 1, requiresDedicated? 0
DEBUG   | Supported: VK_FORMAT_B4G4R4A4_UNORM_PACK16 VK_IMAGE_TYPE_2D VK_IMAGE_TILING_LINEAR VK_IMAGE_USAGE_INPUT_ATTACHMENT_BIT, supportsExternalMemory? 1, requiresDedicated? 0
DEBUG   | Supported: VK_FORMAT_B4G4R4A4_UNORM_PACK16 VK_IMAGE_TYPE_2D VK_IMAGE_TILING_LINEAR VK_IMAGE_USAGE_SAMPLED_BIT, supportsExternalMemory? 1, requiresDedicated? 0
DEBUG   | Supported: VK_FORMAT_B4G4R4A4_UNORM_PACK16 VK_IMAGE_TYPE_2D VK_IMAGE_TILING_LINEAR VK_IMAGE_USAGE_TRANSFER_SRC_BIT, supportsExternalMemory? 1, requiresDedicated? 0
DEBUG   | Supported: VK_FORMAT_B4G4R4A4_UNORM_PACK16 VK_IMAGE_TYPE_2D VK_IMAGE_TILING_LINEAR VK_IMAGE_USAGE_TRANSFER_DST_BIT, supportsExternalMemory? 1, requiresDedicated? 0
DEBUG   | Supported: VK_FORMAT_B4G4R4A4_UNORM_PACK16 VK_IMAGE_TYPE_2D VK_IMAGE_TILING_OPTIMAL VK_IMAGE_USAGE_COLOR_ATTACHMENT_BIT, supportsExternalMemory? 1, requiresDedicated? 0
DEBUG   | Supported: VK_FORMAT_B4G4R4A4_UNORM_PACK16 VK_IMAGE_TYPE_2D VK_IMAGE_TILING_OPTIMAL VK_IMAGE_USAGE_INPUT_ATTACHMENT_BIT, supportsExternalMemory? 1, requiresDedicated? 0
DEBUG   | Supported: VK_FORMAT_B4G4R4A4_UNORM_PACK16 VK_IMAGE_TYPE_2D VK_IMAGE_TILING_OPTIMAL VK_IMAGE_USAGE_SAMPLED_BIT, supportsExternalMemory? 1, requiresDedicated? 0
DEBUG   | Supported: VK_FORMAT_B4G4R4A4_UNORM_PACK16 VK_IMAGE_TYPE_2D VK_IMAGE_TILING_OPTIMAL VK_IMAGE_USAGE_TRANSFER_SRC_BIT, supportsExternalMemory? 1, requiresDedicated? 0
DEBUG   | Supported: VK_FORMAT_B4G4R4A4_UNORM_PACK16 VK_IMAGE_TYPE_2D VK_IMAGE_TILING_OPTIMAL VK_IMAGE_USAGE_TRANSFER_DST_BIT, supportsExternalMemory? 1, requiresDedicated? 0
DEBUG   | Not Supported: VK_FORMAT_R4G4B4A4_UNORM_PACK16 VK_IMAGE_TYPE_2D VK_IMAGE_TILING_LINEAR VK_IMAGE_USAGE_COLOR_ATTACHMENT_BIT
DEBUG   | Not Supported: VK_FORMAT_R4G4B4A4_UNORM_PACK16 VK_IMAGE_TYPE_2D VK_IMAGE_TILING_LINEAR VK_IMAGE_USAGE_INPUT_ATTACHMENT_BIT
DEBUG   | Not Supported: VK_FORMAT_R4G4B4A4_UNORM_PACK16 VK_IMAGE_TYPE_2D VK_IMAGE_TILING_LINEAR VK_IMAGE_USAGE_SAMPLED_BIT
DEBUG   | Not Supported: VK_FORMAT_R4G4B4A4_UNORM_PACK16 VK_IMAGE_TYPE_2D VK_IMAGE_TILING_LINEAR VK_IMAGE_USAGE_TRANSFER_SRC_BIT
DEBUG   | Not Supported: VK_FORMAT_R4G4B4A4_UNORM_PACK16 VK_IMAGE_TYPE_2D VK_IMAGE_TILING_LINEAR VK_IMAGE_USAGE_TRANSFER_DST_BIT
DEBUG   | Not Supported: VK_FORMAT_R4G4B4A4_UNORM_PACK16 VK_IMAGE_TYPE_2D VK_IMAGE_TILING_OPTIMAL VK_IMAGE_USAGE_COLOR_ATTACHMENT_BIT
DEBUG   | Not Supported: VK_FORMAT_R4G4B4A4_UNORM_PACK16 VK_IMAGE_TYPE_2D VK_IMAGE_TILING_OPTIMAL VK_IMAGE_USAGE_INPUT_ATTACHMENT_BIT
DEBUG   | Not Supported: VK_FORMAT_R4G4B4A4_UNORM_PACK16 VK_IMAGE_TYPE_2D VK_IMAGE_TILING_OPTIMAL VK_IMAGE_USAGE_SAMPLED_BIT
DEBUG   | Not Supported: VK_FORMAT_R4G4B4A4_UNORM_PACK16 VK_IMAGE_TYPE_2D VK_IMAGE_TILING_OPTIMAL VK_IMAGE_USAGE_TRANSFER_SRC_BIT
DEBUG   | Not Supported: VK_FORMAT_R4G4B4A4_UNORM_PACK16 VK_IMAGE_TYPE_2D VK_IMAGE_TILING_OPTIMAL VK_IMAGE_USAGE_TRANSFER_DST_BIT
DEBUG   | Supported: VK_FORMAT_R8_UNORM VK_IMAGE_TYPE_2D VK_IMAGE_TILING_LINEAR VK_IMAGE_USAGE_COLOR_ATTACHMENT_BIT, supportsExternalMemory? 1, requiresDedicated? 0
DEBUG   | Supported: VK_FORMAT_R8_UNORM VK_IMAGE_TYPE_2D VK_IMAGE_TILING_LINEAR VK_IMAGE_USAGE_INPUT_ATTACHMENT_BIT, supportsExternalMemory? 1, requiresDedicated? 0
DEBUG   | Supported: VK_FORMAT_R8_UNORM VK_IMAGE_TYPE_2D VK_IMAGE_TILING_LINEAR VK_IMAGE_USAGE_SAMPLED_BIT, supportsExternalMemory? 1, requiresDedicated? 0
DEBUG   | Supported: VK_FORMAT_R8_UNORM VK_IMAGE_TYPE_2D VK_IMAGE_TILING_LINEAR VK_IMAGE_USAGE_TRANSFER_SRC_BIT, supportsExternalMemory? 1, requiresDedicated? 0
DEBUG   | Supported: VK_FORMAT_R8_UNORM VK_IMAGE_TYPE_2D VK_IMAGE_TILING_LINEAR VK_IMAGE_USAGE_TRANSFER_DST_BIT, supportsExternalMemory? 1, requiresDedicated? 0
DEBUG   | Supported: VK_FORMAT_R8_UNORM VK_IMAGE_TYPE_2D VK_IMAGE_TILING_OPTIMAL VK_IMAGE_USAGE_COLOR_ATTACHMENT_BIT, supportsExternalMemory? 1, requiresDedicated? 0
DEBUG   | Supported: VK_FORMAT_R8_UNORM VK_IMAGE_TYPE_2D VK_IMAGE_TILING_OPTIMAL VK_IMAGE_USAGE_INPUT_ATTACHMENT_BIT, supportsExternalMemory? 1, requiresDedicated? 0
DEBUG   | Supported: VK_FORMAT_R8_UNORM VK_IMAGE_TYPE_2D VK_IMAGE_TILING_OPTIMAL VK_IMAGE_USAGE_SAMPLED_BIT, supportsExternalMemory? 1, requiresDedicated? 0
DEBUG   | Supported: VK_FORMAT_R8_UNORM VK_IMAGE_TYPE_2D VK_IMAGE_TILING_OPTIMAL VK_IMAGE_USAGE_TRANSFER_SRC_BIT, supportsExternalMemory? 1, requiresDedicated? 0
DEBUG   | Supported: VK_FORMAT_R8_UNORM VK_IMAGE_TYPE_2D VK_IMAGE_TILING_OPTIMAL VK_IMAGE_USAGE_TRANSFER_DST_BIT, supportsExternalMemory? 1, requiresDedicated? 0
DEBUG   | Supported: VK_FORMAT_R16_UNORM VK_IMAGE_TYPE_2D VK_IMAGE_TILING_LINEAR VK_IMAGE_USAGE_COLOR_ATTACHMENT_BIT, supportsExternalMemory? 1, requiresDedicated? 0
DEBUG   | Supported: VK_FORMAT_R16_UNORM VK_IMAGE_TYPE_2D VK_IMAGE_TILING_LINEAR VK_IMAGE_USAGE_INPUT_ATTACHMENT_BIT, supportsExternalMemory? 1, requiresDedicated? 0
DEBUG   | Supported: VK_FORMAT_R16_UNORM VK_IMAGE_TYPE_2D VK_IMAGE_TILING_LINEAR VK_IMAGE_USAGE_SAMPLED_BIT, supportsExternalMemory? 1, requiresDedicated? 0
DEBUG   | Supported: VK_FORMAT_R16_UNORM VK_IMAGE_TYPE_2D VK_IMAGE_TILING_LINEAR VK_IMAGE_USAGE_TRANSFER_SRC_BIT, supportsExternalMemory? 1, requiresDedicated? 0
DEBUG   | Supported: VK_FORMAT_R16_UNORM VK_IMAGE_TYPE_2D VK_IMAGE_TILING_LINEAR VK_IMAGE_USAGE_TRANSFER_DST_BIT, supportsExternalMemory? 1, requiresDedicated? 0
DEBUG   | Supported: VK_FORMAT_R16_UNORM VK_IMAGE_TYPE_2D VK_IMAGE_TILING_OPTIMAL VK_IMAGE_USAGE_COLOR_ATTACHMENT_BIT, supportsExternalMemory? 1, requiresDedicated? 0
DEBUG   | Supported: VK_FORMAT_R16_UNORM VK_IMAGE_TYPE_2D VK_IMAGE_TILING_OPTIMAL VK_IMAGE_USAGE_INPUT_ATTACHMENT_BIT, supportsExternalMemory? 1, requiresDedicated? 0
DEBUG   | Supported: VK_FORMAT_R16_UNORM VK_IMAGE_TYPE_2D VK_IMAGE_TILING_OPTIMAL VK_IMAGE_USAGE_SAMPLED_BIT, supportsExternalMemory? 1, requiresDedicated? 0
DEBUG   | Supported: VK_FORMAT_R16_UNORM VK_IMAGE_TYPE_2D VK_IMAGE_TILING_OPTIMAL VK_IMAGE_USAGE_TRANSFER_SRC_BIT, supportsExternalMemory? 1, requiresDedicated? 0
DEBUG   | Supported: VK_FORMAT_R16_UNORM VK_IMAGE_TYPE_2D VK_IMAGE_TILING_OPTIMAL VK_IMAGE_USAGE_TRANSFER_DST_BIT, supportsExternalMemory? 1, requiresDedicated? 0
DEBUG   | Supported: VK_FORMAT_A2R10G10B10_UINT_PACK32 VK_IMAGE_TYPE_2D VK_IMAGE_TILING_LINEAR VK_IMAGE_USAGE_COLOR_ATTACHMENT_BIT, supportsExternalMemory? 1, requiresDedicated? 0
DEBUG   | Supported: VK_FORMAT_A2R10G10B10_UINT_PACK32 VK_IMAGE_TYPE_2D VK_IMAGE_TILING_LINEAR VK_IMAGE_USAGE_INPUT_ATTACHMENT_BIT, supportsExternalMemory? 1, requiresDedicated? 0
DEBUG   | Supported: VK_FORMAT_A2R10G10B10_UINT_PACK32 VK_IMAGE_TYPE_2D VK_IMAGE_TILING_LINEAR VK_IMAGE_USAGE_SAMPLED_BIT, supportsExternalMemory? 1, requiresDedicated? 0
DEBUG   | Supported: VK_FORMAT_A2R10G10B10_UINT_PACK32 VK_IMAGE_TYPE_2D VK_IMAGE_TILING_LINEAR VK_IMAGE_USAGE_TRANSFER_SRC_BIT, supportsExternalMemory? 1, requiresDedicated? 0
DEBUG   | Supported: VK_FORMAT_A2R10G10B10_UINT_PACK32 VK_IMAGE_TYPE_2D VK_IMAGE_TILING_LINEAR VK_IMAGE_USAGE_TRANSFER_DST_BIT, supportsExternalMemory? 1, requiresDedicated? 0
DEBUG   | Supported: VK_FORMAT_A2R10G10B10_UINT_PACK32 VK_IMAGE_TYPE_2D VK_IMAGE_TILING_OPTIMAL VK_IMAGE_USAGE_COLOR_ATTACHMENT_BIT, supportsExternalMemory? 1, requiresDedicated? 0
DEBUG   | Supported: VK_FORMAT_A2R10G10B10_UINT_PACK32 VK_IMAGE_TYPE_2D VK_IMAGE_TILING_OPTIMAL VK_IMAGE_USAGE_INPUT_ATTACHMENT_BIT, supportsExternalMemory? 1, requiresDedicated? 0
DEBUG   | Supported: VK_FORMAT_A2R10G10B10_UINT_PACK32 VK_IMAGE_TYPE_2D VK_IMAGE_TILING_OPTIMAL VK_IMAGE_USAGE_SAMPLED_BIT, supportsExternalMemory? 1, requiresDedicated? 0
DEBUG   | Supported: VK_FORMAT_A2R10G10B10_UINT_PACK32 VK_IMAGE_TYPE_2D VK_IMAGE_TILING_OPTIMAL VK_IMAGE_USAGE_TRANSFER_SRC_BIT, supportsExternalMemory? 1, requiresDedicated? 0
DEBUG   | Supported: VK_FORMAT_A2R10G10B10_UINT_PACK32 VK_IMAGE_TYPE_2D VK_IMAGE_TILING_OPTIMAL VK_IMAGE_USAGE_TRANSFER_DST_BIT, supportsExternalMemory? 1, requiresDedicated? 0
DEBUG   | Supported: VK_FORMAT_A2R10G10B10_UNORM_PACK32 VK_IMAGE_TYPE_2D VK_IMAGE_TILING_LINEAR VK_IMAGE_USAGE_COLOR_ATTACHMENT_BIT, supportsExternalMemory? 1, requiresDedicated? 0
DEBUG   | Supported: VK_FORMAT_A2R10G10B10_UNORM_PACK32 VK_IMAGE_TYPE_2D VK_IMAGE_TILING_LINEAR VK_IMAGE_USAGE_INPUT_ATTACHMENT_BIT, supportsExternalMemory? 1, requiresDedicated? 0
DEBUG   | Supported: VK_FORMAT_A2R10G10B10_UNORM_PACK32 VK_IMAGE_TYPE_2D VK_IMAGE_TILING_LINEAR VK_IMAGE_USAGE_SAMPLED_BIT, supportsExternalMemory? 1, requiresDedicated? 0
DEBUG   | Supported: VK_FORMAT_A2R10G10B10_UNORM_PACK32 VK_IMAGE_TYPE_2D VK_IMAGE_TILING_LINEAR VK_IMAGE_USAGE_TRANSFER_SRC_BIT, supportsExternalMemory? 1, requiresDedicated? 0
DEBUG   | Supported: VK_FORMAT_A2R10G10B10_UNORM_PACK32 VK_IMAGE_TYPE_2D VK_IMAGE_TILING_LINEAR VK_IMAGE_USAGE_TRANSFER_DST_BIT, supportsExternalMemory? 1, requiresDedicated? 0
DEBUG   | Supported: VK_FORMAT_A2R10G10B10_UNORM_PACK32 VK_IMAGE_TYPE_2D VK_IMAGE_TILING_OPTIMAL VK_IMAGE_USAGE_COLOR_ATTACHMENT_BIT, supportsExternalMemory? 1, requiresDedicated? 0
DEBUG   | Supported: VK_FORMAT_A2R10G10B10_UNORM_PACK32 VK_IMAGE_TYPE_2D VK_IMAGE_TILING_OPTIMAL VK_IMAGE_USAGE_INPUT_ATTACHMENT_BIT, supportsExternalMemory? 1, requiresDedicated? 0
DEBUG   | Supported: VK_FORMAT_A2R10G10B10_UNORM_PACK32 VK_IMAGE_TYPE_2D VK_IMAGE_TILING_OPTIMAL VK_IMAGE_USAGE_SAMPLED_BIT, supportsExternalMemory? 1, requiresDedicated? 0
DEBUG   | Supported: VK_FORMAT_A2R10G10B10_UNORM_PACK32 VK_IMAGE_TYPE_2D VK_IMAGE_TILING_OPTIMAL VK_IMAGE_USAGE_TRANSFER_SRC_BIT, supportsExternalMemory? 1, requiresDedicated? 0
DEBUG   | Supported: VK_FORMAT_A2R10G10B10_UNORM_PACK32 VK_IMAGE_TYPE_2D VK_IMAGE_TILING_OPTIMAL VK_IMAGE_USAGE_TRANSFER_DST_BIT, supportsExternalMemory? 1, requiresDedicated? 0
DEBUG   | Supported: VK_FORMAT_A2B10G10R10_UNORM_PACK32 VK_IMAGE_TYPE_2D VK_IMAGE_TILING_LINEAR VK_IMAGE_USAGE_COLOR_ATTACHMENT_BIT, supportsExternalMemory? 1, requiresDedicated? 0
DEBUG   | Supported: VK_FORMAT_A2B10G10R10_UNORM_PACK32 VK_IMAGE_TYPE_2D VK_IMAGE_TILING_LINEAR VK_IMAGE_USAGE_INPUT_ATTACHMENT_BIT, supportsExternalMemory? 1, requiresDedicated? 0
DEBUG   | Supported: VK_FORMAT_A2B10G10R10_UNORM_PACK32 VK_IMAGE_TYPE_2D VK_IMAGE_TILING_LINEAR VK_IMAGE_USAGE_SAMPLED_BIT, supportsExternalMemory? 1, requiresDedicated? 0
DEBUG   | Supported: VK_FORMAT_A2B10G10R10_UNORM_PACK32 VK_IMAGE_TYPE_2D VK_IMAGE_TILING_LINEAR VK_IMAGE_USAGE_TRANSFER_SRC_BIT, supportsExternalMemory? 1, requiresDedicated? 0
DEBUG   | Supported: VK_FORMAT_A2B10G10R10_UNORM_PACK32 VK_IMAGE_TYPE_2D VK_IMAGE_TILING_LINEAR VK_IMAGE_USAGE_TRANSFER_DST_BIT, supportsExternalMemory? 1, requiresDedicated? 0
DEBUG   | Supported: VK_FORMAT_A2B10G10R10_UNORM_PACK32 VK_IMAGE_TYPE_2D VK_IMAGE_TILING_OPTIMAL VK_IMAGE_USAGE_COLOR_ATTACHMENT_BIT, supportsExternalMemory? 1, requiresDedicated? 0
DEBUG   | Supported: VK_FORMAT_A2B10G10R10_UNORM_PACK32 VK_IMAGE_TYPE_2D VK_IMAGE_TILING_OPTIMAL VK_IMAGE_USAGE_INPUT_ATTACHMENT_BIT, supportsExternalMemory? 1, requiresDedicated? 0
DEBUG   | Supported: VK_FORMAT_A2B10G10R10_UNORM_PACK32 VK_IMAGE_TYPE_2D VK_IMAGE_TILING_OPTIMAL VK_IMAGE_USAGE_SAMPLED_BIT, supportsExternalMemory? 1, requiresDedicated? 0
DEBUG   | Supported: VK_FORMAT_A2B10G10R10_UNORM_PACK32 VK_IMAGE_TYPE_2D VK_IMAGE_TILING_OPTIMAL VK_IMAGE_USAGE_TRANSFER_SRC_BIT, supportsExternalMemory? 1, requiresDedicated? 0
DEBUG   | Supported: VK_FORMAT_A2B10G10R10_UNORM_PACK32 VK_IMAGE_TYPE_2D VK_IMAGE_TILING_OPTIMAL VK_IMAGE_USAGE_TRANSFER_DST_BIT, supportsExternalMemory? 1, requiresDedicated? 0
DEBUG   | Not Supported: VK_FORMAT_ETC2_R8G8B8A8_UNORM_BLOCK VK_IMAGE_TYPE_2D VK_IMAGE_TILING_LINEAR VK_IMAGE_USAGE_COLOR_ATTACHMENT_BIT
DEBUG   | Not Supported: VK_FORMAT_ETC2_R8G8B8A8_UNORM_BLOCK VK_IMAGE_TYPE_2D VK_IMAGE_TILING_LINEAR VK_IMAGE_USAGE_INPUT_ATTACHMENT_BIT
DEBUG   | Not Supported: VK_FORMAT_ETC2_R8G8B8A8_UNORM_BLOCK VK_IMAGE_TYPE_2D VK_IMAGE_TILING_LINEAR VK_IMAGE_USAGE_SAMPLED_BIT
DEBUG   | Not Supported: VK_FORMAT_ETC2_R8G8B8A8_UNORM_BLOCK VK_IMAGE_TYPE_2D VK_IMAGE_TILING_LINEAR VK_IMAGE_USAGE_TRANSFER_SRC_BIT
DEBUG   | Not Supported: VK_FORMAT_ETC2_R8G8B8A8_UNORM_BLOCK VK_IMAGE_TYPE_2D VK_IMAGE_TILING_LINEAR VK_IMAGE_USAGE_TRANSFER_DST_BIT
DEBUG   | Not Supported: VK_FORMAT_ETC2_R8G8B8A8_UNORM_BLOCK VK_IMAGE_TYPE_2D VK_IMAGE_TILING_OPTIMAL VK_IMAGE_USAGE_COLOR_ATTACHMENT_BIT
DEBUG   | Not Supported: VK_FORMAT_ETC2_R8G8B8A8_UNORM_BLOCK VK_IMAGE_TYPE_2D VK_IMAGE_TILING_OPTIMAL VK_IMAGE_USAGE_INPUT_ATTACHMENT_BIT
DEBUG   | Not Supported: VK_FORMAT_ETC2_R8G8B8A8_UNORM_BLOCK VK_IMAGE_TYPE_2D VK_IMAGE_TILING_OPTIMAL VK_IMAGE_USAGE_SAMPLED_BIT
DEBUG   | Not Supported: VK_FORMAT_ETC2_R8G8B8A8_UNORM_BLOCK VK_IMAGE_TYPE_2D VK_IMAGE_TILING_OPTIMAL VK_IMAGE_USAGE_TRANSFER_SRC_BIT
DEBUG   | Not Supported: VK_FORMAT_ETC2_R8G8B8A8_UNORM_BLOCK VK_IMAGE_TYPE_2D VK_IMAGE_TILING_OPTIMAL VK_IMAGE_USAGE_TRANSFER_DST_BIT
DEBUG   | Not Supported: VK_FORMAT_ASTC_4x4_UNORM_BLOCK VK_IMAGE_TYPE_2D VK_IMAGE_TILING_LINEAR VK_IMAGE_USAGE_COLOR_ATTACHMENT_BIT
DEBUG   | Not Supported: VK_FORMAT_ASTC_4x4_UNORM_BLOCK VK_IMAGE_TYPE_2D VK_IMAGE_TILING_LINEAR VK_IMAGE_USAGE_INPUT_ATTACHMENT_BIT
DEBUG   | Not Supported: VK_FORMAT_ASTC_4x4_UNORM_BLOCK VK_IMAGE_TYPE_2D VK_IMAGE_TILING_LINEAR VK_IMAGE_USAGE_SAMPLED_BIT
DEBUG   | Not Supported: VK_FORMAT_ASTC_4x4_UNORM_BLOCK VK_IMAGE_TYPE_2D VK_IMAGE_TILING_LINEAR VK_IMAGE_USAGE_TRANSFER_SRC_BIT
DEBUG   | Not Supported: VK_FORMAT_ASTC_4x4_UNORM_BLOCK VK_IMAGE_TYPE_2D VK_IMAGE_TILING_LINEAR VK_IMAGE_USAGE_TRANSFER_DST_BIT
DEBUG   | Not Supported: VK_FORMAT_ASTC_4x4_UNORM_BLOCK VK_IMAGE_TYPE_2D VK_IMAGE_TILING_OPTIMAL VK_IMAGE_USAGE_COLOR_ATTACHMENT_BIT
DEBUG   | Not Supported: VK_FORMAT_ASTC_4x4_UNORM_BLOCK VK_IMAGE_TYPE_2D VK_IMAGE_TILING_OPTIMAL VK_IMAGE_USAGE_INPUT_ATTACHMENT_BIT
DEBUG   | Not Supported: VK_FORMAT_ASTC_4x4_UNORM_BLOCK VK_IMAGE_TYPE_2D VK_IMAGE_TILING_OPTIMAL VK_IMAGE_USAGE_SAMPLED_BIT
DEBUG   | Not Supported: VK_FORMAT_ASTC_4x4_UNORM_BLOCK VK_IMAGE_TYPE_2D VK_IMAGE_TILING_OPTIMAL VK_IMAGE_USAGE_TRANSFER_SRC_BIT
DEBUG   | Not Supported: VK_FORMAT_ASTC_4x4_UNORM_BLOCK VK_IMAGE_TYPE_2D VK_IMAGE_TILING_OPTIMAL VK_IMAGE_USAGE_TRANSFER_DST_BIT
DEBUG   | Not Supported: VK_FORMAT_G8_B8R8_2PLANE_420_UNORM VK_IMAGE_TYPE_2D VK_IMAGE_TILING_LINEAR VK_IMAGE_USAGE_COLOR_ATTACHMENT_BIT
DEBUG   | Not Supported: VK_FORMAT_G8_B8R8_2PLANE_420_UNORM VK_IMAGE_TYPE_2D VK_IMAGE_TILING_LINEAR VK_IMAGE_USAGE_INPUT_ATTACHMENT_BIT
DEBUG   | Supported: VK_FORMAT_G8_B8R8_2PLANE_420_UNORM VK_IMAGE_TYPE_2D VK_IMAGE_TILING_LINEAR VK_IMAGE_USAGE_SAMPLED_BIT, supportsExternalMemory? 1, requiresDedicated? 0
DEBUG   | Supported: VK_FORMAT_G8_B8R8_2PLANE_420_UNORM VK_IMAGE_TYPE_2D VK_IMAGE_TILING_LINEAR VK_IMAGE_USAGE_TRANSFER_SRC_BIT, supportsExternalMemory? 1, requiresDedicated? 0
DEBUG   | Supported: VK_FORMAT_G8_B8R8_2PLANE_420_UNORM VK_IMAGE_TYPE_2D VK_IMAGE_TILING_LINEAR VK_IMAGE_USAGE_TRANSFER_DST_BIT, supportsExternalMemory? 1, requiresDedicated? 0
DEBUG   | Not Supported: VK_FORMAT_G8_B8R8_2PLANE_420_UNORM VK_IMAGE_TYPE_2D VK_IMAGE_TILING_OPTIMAL VK_IMAGE_USAGE_COLOR_ATTACHMENT_BIT
DEBUG   | Not Supported: VK_FORMAT_G8_B8R8_2PLANE_420_UNORM VK_IMAGE_TYPE_2D VK_IMAGE_TILING_OPTIMAL VK_IMAGE_USAGE_INPUT_ATTACHMENT_BIT
DEBUG   | Supported: VK_FORMAT_G8_B8R8_2PLANE_420_UNORM VK_IMAGE_TYPE_2D VK_IMAGE_TILING_OPTIMAL VK_IMAGE_USAGE_SAMPLED_BIT, supportsExternalMemory? 1, requiresDedicated? 0
DEBUG   | Supported: VK_FORMAT_G8_B8R8_2PLANE_420_UNORM VK_IMAGE_TYPE_2D VK_IMAGE_TILING_OPTIMAL VK_IMAGE_USAGE_TRANSFER_SRC_BIT, supportsExternalMemory? 1, requiresDedicated? 0
DEBUG   | Supported: VK_FORMAT_G8_B8R8_2PLANE_420_UNORM VK_IMAGE_TYPE_2D VK_IMAGE_TILING_OPTIMAL VK_IMAGE_USAGE_TRANSFER_DST_BIT, supportsExternalMemory? 1, requiresDedicated? 0
DEBUG   | Not Supported: VK_FORMAT_G8_B8R8_2PLANE_422_UNORM VK_IMAGE_TYPE_2D VK_IMAGE_TILING_LINEAR VK_IMAGE_USAGE_COLOR_ATTACHMENT_BIT
DEBUG   | Not Supported: VK_FORMAT_G8_B8R8_2PLANE_422_UNORM VK_IMAGE_TYPE_2D VK_IMAGE_TILING_LINEAR VK_IMAGE_USAGE_INPUT_ATTACHMENT_BIT
DEBUG   | Supported: VK_FORMAT_G8_B8R8_2PLANE_422_UNORM VK_IMAGE_TYPE_2D VK_IMAGE_TILING_LINEAR VK_IMAGE_USAGE_SAMPLED_BIT, supportsExternalMemory? 1, requiresDedicated? 0
DEBUG   | Supported: VK_FORMAT_G8_B8R8_2PLANE_422_UNORM VK_IMAGE_TYPE_2D VK_IMAGE_TILING_LINEAR VK_IMAGE_USAGE_TRANSFER_SRC_BIT, supportsExternalMemory? 1, requiresDedicated? 0
DEBUG   | Supported: VK_FORMAT_G8_B8R8_2PLANE_422_UNORM VK_IMAGE_TYPE_2D VK_IMAGE_TILING_LINEAR VK_IMAGE_USAGE_TRANSFER_DST_BIT, supportsExternalMemory? 1, requiresDedicated? 0
DEBUG   | Not Supported: VK_FORMAT_G8_B8R8_2PLANE_422_UNORM VK_IMAGE_TYPE_2D VK_IMAGE_TILING_OPTIMAL VK_IMAGE_USAGE_COLOR_ATTACHMENT_BIT
DEBUG   | Not Supported: VK_FORMAT_G8_B8R8_2PLANE_422_UNORM VK_IMAGE_TYPE_2D VK_IMAGE_TILING_OPTIMAL VK_IMAGE_USAGE_INPUT_ATTACHMENT_BIT
DEBUG   | Supported: VK_FORMAT_G8_B8R8_2PLANE_422_UNORM VK_IMAGE_TYPE_2D VK_IMAGE_TILING_OPTIMAL VK_IMAGE_USAGE_SAMPLED_BIT, supportsExternalMemory? 1, requiresDedicated? 0
DEBUG   | Supported: VK_FORMAT_G8_B8R8_2PLANE_422_UNORM VK_IMAGE_TYPE_2D VK_IMAGE_TILING_OPTIMAL VK_IMAGE_USAGE_TRANSFER_SRC_BIT, supportsExternalMemory? 1, requiresDedicated? 0
DEBUG   | Supported: VK_FORMAT_G8_B8R8_2PLANE_422_UNORM VK_IMAGE_TYPE_2D VK_IMAGE_TILING_OPTIMAL VK_IMAGE_USAGE_TRANSFER_DST_BIT, supportsExternalMemory? 1, requiresDedicated? 0
DEBUG   | Not Supported: VK_FORMAT_G8_B8_R8_3PLANE_420_UNORM VK_IMAGE_TYPE_2D VK_IMAGE_TILING_LINEAR VK_IMAGE_USAGE_COLOR_ATTACHMENT_BIT
DEBUG   | Not Supported: VK_FORMAT_G8_B8_R8_3PLANE_420_UNORM VK_IMAGE_TYPE_2D VK_IMAGE_TILING_LINEAR VK_IMAGE_USAGE_INPUT_ATTACHMENT_BIT
DEBUG   | Supported: VK_FORMAT_G8_B8_R8_3PLANE_420_UNORM VK_IMAGE_TYPE_2D VK_IMAGE_TILING_LINEAR VK_IMAGE_USAGE_SAMPLED_BIT, supportsExternalMemory? 1, requiresDedicated? 0
DEBUG   | Supported: VK_FORMAT_G8_B8_R8_3PLANE_420_UNORM VK_IMAGE_TYPE_2D VK_IMAGE_TILING_LINEAR VK_IMAGE_USAGE_TRANSFER_SRC_BIT, supportsExternalMemory? 1, requiresDedicated? 0
DEBUG   | Supported: VK_FORMAT_G8_B8_R8_3PLANE_420_UNORM VK_IMAGE_TYPE_2D VK_IMAGE_TILING_LINEAR VK_IMAGE_USAGE_TRANSFER_DST_BIT, supportsExternalMemory? 1, requiresDedicated? 0
DEBUG   | Not Supported: VK_FORMAT_G8_B8_R8_3PLANE_420_UNORM VK_IMAGE_TYPE_2D VK_IMAGE_TILING_OPTIMAL VK_IMAGE_USAGE_COLOR_ATTACHMENT_BIT
DEBUG   | Not Supported: VK_FORMAT_G8_B8_R8_3PLANE_420_UNORM VK_IMAGE_TYPE_2D VK_IMAGE_TILING_OPTIMAL VK_IMAGE_USAGE_INPUT_ATTACHMENT_BIT
DEBUG   | Supported: VK_FORMAT_G8_B8_R8_3PLANE_420_UNORM VK_IMAGE_TYPE_2D VK_IMAGE_TILING_OPTIMAL VK_IMAGE_USAGE_SAMPLED_BIT, supportsExternalMemory? 1, requiresDedicated? 0
DEBUG   | Supported: VK_FORMAT_G8_B8_R8_3PLANE_420_UNORM VK_IMAGE_TYPE_2D VK_IMAGE_TILING_OPTIMAL VK_IMAGE_USAGE_TRANSFER_SRC_BIT, supportsExternalMemory? 1, requiresDedicated? 0
DEBUG   | Supported: VK_FORMAT_G8_B8_R8_3PLANE_420_UNORM VK_IMAGE_TYPE_2D VK_IMAGE_TILING_OPTIMAL VK_IMAGE_USAGE_TRANSFER_DST_BIT, supportsExternalMemory? 1, requiresDedicated? 0
DEBUG   | Not Supported: VK_FORMAT_G8_B8_R8_3PLANE_422_UNORM VK_IMAGE_TYPE_2D VK_IMAGE_TILING_LINEAR VK_IMAGE_USAGE_COLOR_ATTACHMENT_BIT
DEBUG   | Not Supported: VK_FORMAT_G8_B8_R8_3PLANE_422_UNORM VK_IMAGE_TYPE_2D VK_IMAGE_TILING_LINEAR VK_IMAGE_USAGE_INPUT_ATTACHMENT_BIT
DEBUG   | Supported: VK_FORMAT_G8_B8_R8_3PLANE_422_UNORM VK_IMAGE_TYPE_2D VK_IMAGE_TILING_LINEAR VK_IMAGE_USAGE_SAMPLED_BIT, supportsExternalMemory? 1, requiresDedicated? 0
DEBUG   | Supported: VK_FORMAT_G8_B8_R8_3PLANE_422_UNORM VK_IMAGE_TYPE_2D VK_IMAGE_TILING_LINEAR VK_IMAGE_USAGE_TRANSFER_SRC_BIT, supportsExternalMemory? 1, requiresDedicated? 0
DEBUG   | Supported: VK_FORMAT_G8_B8_R8_3PLANE_422_UNORM VK_IMAGE_TYPE_2D VK_IMAGE_TILING_LINEAR VK_IMAGE_USAGE_TRANSFER_DST_BIT, supportsExternalMemory? 1, requiresDedicated? 0
DEBUG   | Not Supported: VK_FORMAT_G8_B8_R8_3PLANE_422_UNORM VK_IMAGE_TYPE_2D VK_IMAGE_TILING_OPTIMAL VK_IMAGE_USAGE_COLOR_ATTACHMENT_BIT
DEBUG   | Not Supported: VK_FORMAT_G8_B8_R8_3PLANE_422_UNORM VK_IMAGE_TYPE_2D VK_IMAGE_TILING_OPTIMAL VK_IMAGE_USAGE_INPUT_ATTACHMENT_BIT
DEBUG   | Supported: VK_FORMAT_G8_B8_R8_3PLANE_422_UNORM VK_IMAGE_TYPE_2D VK_IMAGE_TILING_OPTIMAL VK_IMAGE_USAGE_SAMPLED_BIT, supportsExternalMemory? 1, requiresDedicated? 0
DEBUG   | Supported: VK_FORMAT_G8_B8_R8_3PLANE_422_UNORM VK_IMAGE_TYPE_2D VK_IMAGE_TILING_OPTIMAL VK_IMAGE_USAGE_TRANSFER_SRC_BIT, supportsExternalMemory? 1, requiresDedicated? 0
DEBUG   | Supported: VK_FORMAT_G8_B8_R8_3PLANE_422_UNORM VK_IMAGE_TYPE_2D VK_IMAGE_TILING_OPTIMAL VK_IMAGE_USAGE_TRANSFER_DST_BIT, supportsExternalMemory? 1, requiresDedicated? 0
DEBUG   | Not Supported: VK_FORMAT_G10X6_B10X6R10X6_2PLANE_420_UNORM_3PACK16 VK_IMAGE_TYPE_2D VK_IMAGE_TILING_LINEAR VK_IMAGE_USAGE_COLOR_ATTACHMENT_BIT
DEBUG   | Not Supported: VK_FORMAT_G10X6_B10X6R10X6_2PLANE_420_UNORM_3PACK16 VK_IMAGE_TYPE_2D VK_IMAGE_TILING_LINEAR VK_IMAGE_USAGE_INPUT_ATTACHMENT_BIT
DEBUG   | Supported: VK_FORMAT_G10X6_B10X6R10X6_2PLANE_420_UNORM_3PACK16 VK_IMAGE_TYPE_2D VK_IMAGE_TILING_LINEAR VK_IMAGE_USAGE_SAMPLED_BIT, supportsExternalMemory? 1, requiresDedicated? 0
DEBUG   | Supported: VK_FORMAT_G10X6_B10X6R10X6_2PLANE_420_UNORM_3PACK16 VK_IMAGE_TYPE_2D VK_IMAGE_TILING_LINEAR VK_IMAGE_USAGE_TRANSFER_SRC_BIT, supportsExternalMemory? 1, requiresDedicated? 0
DEBUG   | Supported: VK_FORMAT_G10X6_B10X6R10X6_2PLANE_420_UNORM_3PACK16 VK_IMAGE_TYPE_2D VK_IMAGE_TILING_LINEAR VK_IMAGE_USAGE_TRANSFER_DST_BIT, supportsExternalMemory? 1, requiresDedicated? 0
DEBUG   | Not Supported: VK_FORMAT_G10X6_B10X6R10X6_2PLANE_420_UNORM_3PACK16 VK_IMAGE_TYPE_2D VK_IMAGE_TILING_OPTIMAL VK_IMAGE_USAGE_COLOR_ATTACHMENT_BIT
DEBUG   | Not Supported: VK_FORMAT_G10X6_B10X6R10X6_2PLANE_420_UNORM_3PACK16 VK_IMAGE_TYPE_2D VK_IMAGE_TILING_OPTIMAL VK_IMAGE_USAGE_INPUT_ATTACHMENT_BIT
DEBUG   | Supported: VK_FORMAT_G10X6_B10X6R10X6_2PLANE_420_UNORM_3PACK16 VK_IMAGE_TYPE_2D VK_IMAGE_TILING_OPTIMAL VK_IMAGE_USAGE_SAMPLED_BIT, supportsExternalMemory? 1, requiresDedicated? 0
DEBUG   | Supported: VK_FORMAT_G10X6_B10X6R10X6_2PLANE_420_UNORM_3PACK16 VK_IMAGE_TYPE_2D VK_IMAGE_TILING_OPTIMAL VK_IMAGE_USAGE_TRANSFER_SRC_BIT, supportsExternalMemory? 1, requiresDedicated? 0
DEBUG   | Supported: VK_FORMAT_G10X6_B10X6R10X6_2PLANE_420_UNORM_3PACK16 VK_IMAGE_TYPE_2D VK_IMAGE_TILING_OPTIMAL VK_IMAGE_USAGE_TRANSFER_DST_BIT, supportsExternalMemory? 1, requiresDedicated? 0
DEBUG   | Not Supported: VK_FORMAT_G10X6_B10X6R10X6_2PLANE_422_UNORM_3PACK16 VK_IMAGE_TYPE_2D VK_IMAGE_TILING_LINEAR VK_IMAGE_USAGE_COLOR_ATTACHMENT_BIT
DEBUG   | Not Supported: VK_FORMAT_G10X6_B10X6R10X6_2PLANE_422_UNORM_3PACK16 VK_IMAGE_TYPE_2D VK_IMAGE_TILING_LINEAR VK_IMAGE_USAGE_INPUT_ATTACHMENT_BIT
DEBUG   | Not Supported: VK_FORMAT_G10X6_B10X6R10X6_2PLANE_422_UNORM_3PACK16 VK_IMAGE_TYPE_2D VK_IMAGE_TILING_LINEAR VK_IMAGE_USAGE_SAMPLED_BIT
DEBUG   | Not Supported: VK_FORMAT_G10X6_B10X6R10X6_2PLANE_422_UNORM_3PACK16 VK_IMAGE_TYPE_2D VK_IMAGE_TILING_LINEAR VK_IMAGE_USAGE_TRANSFER_SRC_BIT
DEBUG   | Not Supported: VK_FORMAT_G10X6_B10X6R10X6_2PLANE_422_UNORM_3PACK16 VK_IMAGE_TYPE_2D VK_IMAGE_TILING_LINEAR VK_IMAGE_USAGE_TRANSFER_DST_BIT
DEBUG   | Not Supported: VK_FORMAT_G10X6_B10X6R10X6_2PLANE_422_UNORM_3PACK16 VK_IMAGE_TYPE_2D VK_IMAGE_TILING_OPTIMAL VK_IMAGE_USAGE_COLOR_ATTACHMENT_BIT
DEBUG   | Not Supported: VK_FORMAT_G10X6_B10X6R10X6_2PLANE_422_UNORM_3PACK16 VK_IMAGE_TYPE_2D VK_IMAGE_TILING_OPTIMAL VK_IMAGE_USAGE_INPUT_ATTACHMENT_BIT
DEBUG   | Not Supported: VK_FORMAT_G10X6_B10X6R10X6_2PLANE_422_UNORM_3PACK16 VK_IMAGE_TYPE_2D VK_IMAGE_TILING_OPTIMAL VK_IMAGE_USAGE_SAMPLED_BIT
DEBUG   | Not Supported: VK_FORMAT_G10X6_B10X6R10X6_2PLANE_422_UNORM_3PACK16 VK_IMAGE_TYPE_2D VK_IMAGE_TILING_OPTIMAL VK_IMAGE_USAGE_TRANSFER_SRC_BIT
DEBUG   | Not Supported: VK_FORMAT_G10X6_B10X6R10X6_2PLANE_422_UNORM_3PACK16 VK_IMAGE_TYPE_2D VK_IMAGE_TILING_OPTIMAL VK_IMAGE_USAGE_TRANSFER_DST_BIT
DEBUG   | Supported: VK_FORMAT_D16_UNORM VK_IMAGE_TYPE_2D VK_IMAGE_TILING_OPTIMAL VK_IMAGE_USAGE_DEPTH_STENCIL_ATTACHMENT_BIT, supportsExternalMemory? 1, requiresDedicated? 0
DEBUG   | Supported: VK_FORMAT_D16_UNORM VK_IMAGE_TYPE_2D VK_IMAGE_TILING_OPTIMAL VK_IMAGE_USAGE_INPUT_ATTACHMENT_BIT, supportsExternalMemory? 1, requiresDedicated? 0
DEBUG   | Supported: VK_FORMAT_D16_UNORM VK_IMAGE_TYPE_2D VK_IMAGE_TILING_OPTIMAL VK_IMAGE_USAGE_SAMPLED_BIT, supportsExternalMemory? 1, requiresDedicated? 0
DEBUG   | Supported: VK_FORMAT_D16_UNORM VK_IMAGE_TYPE_2D VK_IMAGE_TILING_OPTIMAL VK_IMAGE_USAGE_TRANSFER_SRC_BIT, supportsExternalMemory? 1, requiresDedicated? 0
DEBUG   | Supported: VK_FORMAT_D16_UNORM VK_IMAGE_TYPE_2D VK_IMAGE_TILING_OPTIMAL VK_IMAGE_USAGE_TRANSFER_DST_BIT, supportsExternalMemory? 1, requiresDedicated? 0
DEBUG   | Supported: VK_FORMAT_X8_D24_UNORM_PACK32 VK_IMAGE_TYPE_2D VK_IMAGE_TILING_OPTIMAL VK_IMAGE_USAGE_DEPTH_STENCIL_ATTACHMENT_BIT, supportsExternalMemory? 1, requiresDedicated? 0
DEBUG   | Supported: VK_FORMAT_X8_D24_UNORM_PACK32 VK_IMAGE_TYPE_2D VK_IMAGE_TILING_OPTIMAL VK_IMAGE_USAGE_INPUT_ATTACHMENT_BIT, supportsExternalMemory? 1, requiresDedicated? 0
DEBUG   | Supported: VK_FORMAT_X8_D24_UNORM_PACK32 VK_IMAGE_TYPE_2D VK_IMAGE_TILING_OPTIMAL VK_IMAGE_USAGE_SAMPLED_BIT, supportsExternalMemory? 1, requiresDedicated? 0
DEBUG   | Supported: VK_FORMAT_X8_D24_UNORM_PACK32 VK_IMAGE_TYPE_2D VK_IMAGE_TILING_OPTIMAL VK_IMAGE_USAGE_TRANSFER_SRC_BIT, supportsExternalMemory? 1, requiresDedicated? 0
DEBUG   | Supported: VK_FORMAT_X8_D24_UNORM_PACK32 VK_IMAGE_TYPE_2D VK_IMAGE_TILING_OPTIMAL VK_IMAGE_USAGE_TRANSFER_DST_BIT, supportsExternalMemory? 1, requiresDedicated? 0
DEBUG   | Supported: VK_FORMAT_D24_UNORM_S8_UINT VK_IMAGE_TYPE_2D VK_IMAGE_TILING_OPTIMAL VK_IMAGE_USAGE_DEPTH_STENCIL_ATTACHMENT_BIT, supportsExternalMemory? 1, requiresDedicated? 0
DEBUG   | Supported: VK_FORMAT_D24_UNORM_S8_UINT VK_IMAGE_TYPE_2D VK_IMAGE_TILING_OPTIMAL VK_IMAGE_USAGE_INPUT_ATTACHMENT_BIT, supportsExternalMemory? 1, requiresDedicated? 0
DEBUG   | Supported: VK_FORMAT_D24_UNORM_S8_UINT VK_IMAGE_TYPE_2D VK_IMAGE_TILING_OPTIMAL VK_IMAGE_USAGE_SAMPLED_BIT, supportsExternalMemory? 1, requiresDedicated? 0
DEBUG   | Supported: VK_FORMAT_D24_UNORM_S8_UINT VK_IMAGE_TYPE_2D VK_IMAGE_TILING_OPTIMAL VK_IMAGE_USAGE_TRANSFER_SRC_BIT, supportsExternalMemory? 1, requiresDedicated? 0
DEBUG   | Supported: VK_FORMAT_D24_UNORM_S8_UINT VK_IMAGE_TYPE_2D VK_IMAGE_TILING_OPTIMAL VK_IMAGE_USAGE_TRANSFER_DST_BIT, supportsExternalMemory? 1, requiresDedicated? 0
DEBUG   | Supported: VK_FORMAT_D32_SFLOAT VK_IMAGE_TYPE_2D VK_IMAGE_TILING_OPTIMAL VK_IMAGE_USAGE_DEPTH_STENCIL_ATTACHMENT_BIT, supportsExternalMemory? 1, requiresDedicated? 0
DEBUG   | Supported: VK_FORMAT_D32_SFLOAT VK_IMAGE_TYPE_2D VK_IMAGE_TILING_OPTIMAL VK_IMAGE_USAGE_INPUT_ATTACHMENT_BIT, supportsExternalMemory? 1, requiresDedicated? 0
DEBUG   | Supported: VK_FORMAT_D32_SFLOAT VK_IMAGE_TYPE_2D VK_IMAGE_TILING_OPTIMAL VK_IMAGE_USAGE_SAMPLED_BIT, supportsExternalMemory? 1, requiresDedicated? 0
DEBUG   | Supported: VK_FORMAT_D32_SFLOAT VK_IMAGE_TYPE_2D VK_IMAGE_TILING_OPTIMAL VK_IMAGE_USAGE_TRANSFER_SRC_BIT, supportsExternalMemory? 1, requiresDedicated? 0
DEBUG   | Supported: VK_FORMAT_D32_SFLOAT VK_IMAGE_TYPE_2D VK_IMAGE_TILING_OPTIMAL VK_IMAGE_USAGE_TRANSFER_DST_BIT, supportsExternalMemory? 1, requiresDedicated? 0
DEBUG   | Supported: VK_FORMAT_D32_SFLOAT_S8_UINT VK_IMAGE_TYPE_2D VK_IMAGE_TILING_OPTIMAL VK_IMAGE_USAGE_DEPTH_STENCIL_ATTACHMENT_BIT, supportsExternalMemory? 1, requiresDedicated? 0
DEBUG   | Supported: VK_FORMAT_D32_SFLOAT_S8_UINT VK_IMAGE_TYPE_2D VK_IMAGE_TILING_OPTIMAL VK_IMAGE_USAGE_INPUT_ATTACHMENT_BIT, supportsExternalMemory? 1, requiresDedicated? 0
DEBUG   | Supported: VK_FORMAT_D32_SFLOAT_S8_UINT VK_IMAGE_TYPE_2D VK_IMAGE_TILING_OPTIMAL VK_IMAGE_USAGE_SAMPLED_BIT, supportsExternalMemory? 1, requiresDedicated? 0
DEBUG   | Supported: VK_FORMAT_D32_SFLOAT_S8_UINT VK_IMAGE_TYPE_2D VK_IMAGE_TILING_OPTIMAL VK_IMAGE_USAGE_TRANSFER_SRC_BIT, supportsExternalMemory? 1, requiresDedicated? 0
DEBUG   | Supported: VK_FORMAT_D32_SFLOAT_S8_UINT VK_IMAGE_TYPE_2D VK_IMAGE_TILING_OPTIMAL VK_IMAGE_USAGE_TRANSFER_DST_BIT, supportsExternalMemory? 1, requiresDedicated? 0
INFO         | Selecting Vulkan device: llvmpipe (LLVM 21.1.4, 128 bits), Version: 1.4.330
DEBUG   | Crash dump message: 'Selecting Vulkan device: llvmpipe (LLVM 21.1.4, 128 bits), Version: 1.4.330'
INFO         | Using Vulkan externalMemoryMode: OpaqueFd for VkEmulation
DEBUG   | VkEmulation deviceInfo:
DEBUG   |     hasGraphicsQueueFamily = true
DEBUG   |     hasComputeQueueFamily = true
DEBUG   |     externalMemoryMode = OpaqueFd
DEBUG   |     supportsExternalMemoryImport = true
DEBUG   |     supportsExternalMemoryExport = true
DEBUG   |     supportsDmaBuf = false
DEBUG   |     supportsDriverProperties = true
DEBUG   |     supportsExternalMemoryHostProps = true
DEBUG   |     hasSamplerYcbcrConversionExtension = true
DEBUG   |     supportsSamplerYcbcrConversion = true
DEBUG   |     glInteropSupported = false
DEBUG   |     hasNvidiaDeviceDiagnosticCheckpointsExtension = false
DEBUG   |     supportsNvidiaDeviceDiagnosticCheckpoints = false
DEBUG   |     supportsPrivateData = true
DEBUG   | Crash dump message: 'VkEmulation deviceInfo: 
hasGraphicsQueueFamily = 1
hasComputeQueueFamily = 1
externalMemoryMode = OpaqueFd
supportsExternalMemoryImport = 1
supportsExternalMemoryExport = 1
supportsDriverProperties = 1
supportsExternalMemoryHostProps = 1
hasSamplerYcbcrConversionExtension = 1
supportsSamplerYcbcrConversion = 1
glInteropSupported = 0
hasNvidiaDeviceDiagnosticCheckpointsExtension = 0
supportsNvidiaDeviceDiagnosticCheckpoints = 0
supportsPrivateData = 1
'
DEBUG   | Vulkan logical device created and extension functions obtained.
DEBUG   | Vulkan device queue obtained.
VERBOSE | create: selected memory type index = 0, propertyFlags = 15, heapIndex = 0
VERBOSE | Creating YCbCr sampler for VK_FORMAT_G8_B8R8_2PLANE_420_UNORM
VERBOSE | Creating YCbCr sampler for VK_FORMAT_G8_B8R8_2PLANE_420_UNORM
VERBOSE | Creating YCbCr sampler for VK_FORMAT_G8_B8_R8_3PLANE_420_UNORM
VERBOSE | Creating YCbCr sampler for VK_FORMAT_G8_B8_R8_3PLANE_420_UNORM
VERBOSE | Creating YCbCr sampler for VK_FORMAT_G10X6_B10X6R10X6_2PLANE_420_UNORM_3PACK16
VERBOSE | Creating YCbCr sampler for VK_FORMAT_G10X6_B10X6R10X6_2PLANE_422_UNORM_3PACK16
INFO         | Format VK_FORMAT_G10X6_B10X6R10X6_2PLANE_422_UNORM_3PACK16 does not support YCbCr sampler conversion
VERBOSE | YcbcrSamplerPool::init: format P210 not supported for prepopulation
VERBOSE | Vulkan global emulation state successfully initialized.
DEBUG   | Crash dump message: 'Vulkan emulation initialized'
VERBOSE | SharedLibrary::open for [libGLESv2.dylib]: not found in map, open for the first time
VERBOSE | SharedLibrary::open for [libGLESv2.dylib] (posix): begin
VERBOSE | SharedLibrary::open for [libGLESv2.dylib] (posix,darwin): call dlopen
VERBOSE | SharedLibrary::open succeeded for [libGLESv2.dylib].
VERBOSE | SharedLibrary::open for [libEGL.dylib]: not found in map, open for the first time
VERBOSE | SharedLibrary::open for [libEGL.dylib] (posix): begin
VERBOSE | SharedLibrary::open for [libEGL.dylib] (posix,darwin): call dlopen
VERBOSE | SharedLibrary::open succeeded for [libEGL.dylib].
WARNING: loader_scanned_icd_add: Driver /Users/yoonhb/Library/Android/sdk/emulator/lib64/gles_angle/././libvk_swiftshader.dylib says it supports interface version 3 but still exports core entrypoints (Policy #LDP_DRIVER_6)
WARNING: loader_scanned_icd_add: Driver /Users/yoonhb/Library/Android/sdk/emulator/lib64/gles_angle/././libvk_swiftshader.dylib says it supports interface version 3 but still exports core entrypoints (Policy #LDP_DRIVER_6)
WARNING: loader_scanned_icd_add: Driver /Users/yoonhb/Library/Android/sdk/emulator/lib64/gles_angle/././libvk_swiftshader.dylib says it supports interface version 3 but still exports core entrypoints (Policy #LDP_DRIVER_6)
WARNING: loader_scanned_icd_add: Driver /Users/yoonhb/Library/Android/sdk/emulator/lib64/gles_angle/././libvk_swiftshader.dylib says it supports interface version 3 but still exports core entrypoints (Policy #LDP_DRIVER_6)
VERBOSE | EglOsEglDisplay: client exts: [EGL_ANGLE_surface_orientation EGL_KHR_create_context EGL_KHR_image EGL_KHR_image_base EGL_EXT_image_gl_colorspace EGL_KHR_gl_colorspace EGL_KHR_gl_texture_2D_image EGL_KHR_gl_texture_cubemap_image EGL_KHR_gl_renderbuffer_image EGL_KHR_get_all_proc_addresses EGL_KHR_fence_sync EGL_KHR_wait_sync EGL_ANGLE_create_context_webgl_compatibility EGL_CHROMIUM_create_context_bind_generates_resource EGL_KHR_swap_buffers_with_damage EGL_EXT_pixel_format_float EGL_KHR_surfaceless_context EGL_ANGLE_display_texture_share_group EGL_ANGLE_display_semaphore_share_group EGL_ANGLE_create_context_client_arrays EGL_ANGLE_program_cache_control EGL_ANGLE_robust_resource_initialization EGL_ANGLE_create_context_extensions_enabled EGL_ANDROID_blob_cache EGL_ANDROID_recordable EGL_ANGLE_create_context_backwards_compatible EGL_KHR_no_config_context EGL_IMG_context_priority EGL_KHR_create_context_no_error EGL_KHR_reusable_sync EGL_EXT_buffer_age EGL_KHR_mutable_render_buffer EGL_ANGLE_create_surface_swap_interval EGL_ANGLE_vulkan_image ]
DEBUG   | call eglInitialize
VERBOSE | queryConfigs: num configs: 16
DEBUG   | Create: Maximum Vulkan API version will be limited
DEBUG   | vk icd software rendering, disable interop
DEBUG   | glvk interop final: 0
INFO         | Initializing VkEmulation features:
INFO         |     glInteropSupported: false
INFO         |     useDeferredCommands: true
INFO         |     createResourceWithRequirements: true
INFO         |     useVulkanComposition: false
INFO         |     useVulkanNativeSwapchain: false
INFO         |     enable guestRenderDoc: false
INFO         |     ASTC LDR emulation mode: Gpu
INFO         |     enable ETC2 emulation: true
INFO         |     enable Ycbcr emulation: false
INFO         |     guestVulkanOnly: false
INFO         |     useDedicatedAllocations: false
INFO         |     guestVulkanMaxApiVersion: 1.3.0
INFO         |     enableProtectedMemoryEmulation: false
DEBUG   | ColorBuffer 4294967295, 64x64, VK_FORMAT_R8G8B8A8_UNORM, Memory [size: 16384, type: 0, props: 15 / 1]
DEBUG   | Representative ColorBuffer memory type using host memory type index 0 and guest memory type index :1
DEBUG   | Performing composition using CompositorGl.
INFO         | Graphics Adapter Vendor Google (Google Inc. (Google))
INFO         | Graphics Adapter Android Emulator OpenGL ES Translator (ANGLE (Google, Vulkan 1.3.0 (SwiftShader Device (LLVM 10.0.0) (0x0000C0DE)), SwiftShader driver-5.0.0))
INFO         | Graphics API Version OpenGL ES 3.0 (OpenGL ES 3.1.0 (ANGLE 2.1.1 git hash: fbf66f49c7cc))
INFO         | Graphics API Extensions GL_OES_EGL_sync GL_OES_EGL_image GL_OES_EGL_image_external GL_OES_depth24 GL_OES_depth32 GL_OES_element_index_uint GL_OES_texture_float GL_OES_texture_float_linear GL_OES_compressed_paletted_texture GL_OES_compressed_ETC1_RGB8_texture GL_OES_depth_texture GL_OES_texture_half_float GL_OES_texture_half_float_linear GL_OES_packed_depth_stencil GL_OES_vertex_half_float GL_OES_standard_derivatives GL_OES_texture_npot GL_OES_rgb8_rgba8 GL_OVR_multiview2 GL_EXT_color_buffer_float GL_EXT_color_buffer_half_float GL_EXT_texture_format_BGRA8888 GL_APPLE_texture_format_BGRA8888 GL_EXT_draw_buffers_indexed GL_EXT_clip_cull_distance 
INFO         | Graphics Device Extensions N/A
INFO         | Disabling sparse binding feature support
DEBUG   | Renderer initialized successfully
VERBOSE | Created RenderThread. Active RenderThreads: 1
INFO         | Setting vsync to 60 hz
DEBUG   | CMD_SET_VSYNC_HZ
DEBUG   | INFO: ignore sdcard for arm at api level >= 30
INFO         | Sending adb public key [QAAAAMd+WngJHeMWOPiXWaV7/K44/+5WdRhno6LNEFgKbJLSCQDbU9OK9hm2ZJ089mavkhZ3fYzsts4Vhhsq6tF4ErXvVHriHpvNjqtINEK6WJHVLW8Dnb5PyIMczfpsfpH1xsIyjHAYi5XSSLfT7bWNiD7ehYsoN80gpE1tyYWgJ1C8POn4pYqfAQhCytJfN3gELKdQSVXNZmf/u2mLjFYTQNG97Y0fWwE+yQbHm6c/WsU/Ee6Rxn0s8cZ13sF6deb0OCRgOVdDnUzq9dP3t3ReqzqxxZasnxlEFLyBVjJs7HrEOthXws81Fh1aPZcYkYwGwiwRweC7vibj1CdJ+azXlzyLJkKci8F1hQ1U0bGwJz+6bpaN84T4mg7jdm+46nT3ZIuFelJYknIp5U3HIF++l1p8c3T08Ys2iQs/r69pmYmkaeGkUBm61f0YDonNBEEdDxfMkED9JzHy96H9qfxiSYzDXcwFztFtxmOg1ogwvfMAfdxCTgzGe0tkYF/Y4HZLAEw6W7sWQ1RT6YmmQwvTs7nbJ8FO2CPJhyGcJ2VyLrA5JbX8r2gMFb8MFcNTcKlqEPHij22CdypP4sxL/COtuTphEEnrYJh31e1YN6tNo01afTqEG3Nf4VaFrVW/LPhJjMgAgdzc6voWvHmo9gYkiLUt2BeKLjfTP3uT19ELyAM1szM1UgEAAQA= yoonhb@unknown]
INFO         | Userspace boot properties:
INFO         |   androidboot.boot_devices=a003600.virtio_mmio
INFO         |   androidboot.dalvik.vm.heapsize=576m
INFO         |   androidboot.debug.hwui.renderer=skiagl
INFO         |   androidboot.debug.sf.nobootanimation=1
INFO         |   androidboot.hardware=ranchu
INFO         |   androidboot.hardware.gltransport=pipe
INFO         |   androidboot.hardware.vulkan=ranchu
INFO         |   androidboot.logcat=*:V
INFO         |   androidboot.opengles.version=196609
INFO         |   androidboot.qemu=1
INFO         |   androidboot.qemu.adb.pubkey=QAAAAMd+WngJHeMWOPiXWaV7/K44/+5WdRhno6LNEFgKbJLSCQDbU9OK9hm2ZJ089mavkhZ3fYzsts4Vhhsq6tF4ErXvVHriHpvNjqtINEK6WJHVLW8Dnb5PyIMczfpsfpH1xsIyjHAYi5XSSLfT7bWNiD7ehYsoN80gpE1tyYWgJ1C8POn4pYqfAQhCytJfN3gELKdQSVXNZmf/u2mLjFYTQNG97Y0fWwE+yQbHm6c/WsU/Ee6Rxn0s8cZ13sF6deb0OCRgOVdDnUzq9dP3t3ReqzqxxZasnxlEFLyBVjJs7HrEOthXws81Fh1aPZcYkYwGwiwRweC7vibj1CdJ+azXlzyLJkKci8F1hQ1U0bGwJz+6bpaN84T4mg7jdm+46nT3ZIuFelJYknIp5U3HIF++l1p8c3T08Ys2iQs/r69pmYmkaeGkUBm61f0YDonNBEEdDxfMkED9JzHy96H9qfxiSYzDXcwFztFtxmOg1ogwvfMAfdxCTgzGe0tkYF/Y4HZLAEw6W7sWQ1RT6YmmQwvTs7nbJ8FO2CPJhyGcJ2VyLrA5JbX8r2gMFb8MFcNTcKlqEPHij22CdypP4sxL/COtuTphEEnrYJh31e1YN6tNo01afTqEG3Nf4VaFrVW/LPhJjMgAgdzc6voWvHmo9gYkiLUt2BeKLjfTP3uT19ELyAM1szM1UgEAAQA= yoonhb@unknown
INFO         |   androidboot.qemu.avd_name=spinon_api37_2
INFO         |   androidboot.qemu.camera_hq_edge_processing=0
INFO         |   androidboot.qemu.camera_protocol_ver=1
INFO         |   androidboot.qemu.cpuvulkan.version=4210688
INFO         |   androidboot.qemu.gltransport.drawFlushInterval=800
INFO         |   androidboot.qemu.gltransport.name=pipe
INFO         |   androidboot.qemu.hwcodec.avcdec=2
INFO         |   androidboot.qemu.hwcodec.hevcdec=2
INFO         |   androidboot.qemu.hwcodec.vpxdec=2
INFO         |   androidboot.qemu.settings.system.screen_off_timeout=2147483647
INFO         |   androidboot.qemu.skin=1080x1920
INFO         |   androidboot.qemu.virtiowifi=1
INFO         |   androidboot.qemu.vsync=60
INFO         |   androidboot.serialno=EMULATOR37X2X12X0
INFO         |   androidboot.vbmeta.digest=287fadba211e83815503c513612e4d559bca92a5b06efb14a68e30907e87e2d4
INFO         |   androidboot.vbmeta.hash_alg=sha256
INFO         |   androidboot.vbmeta.size=6848
INFO         |   androidboot.veritymode=enforcing
INFO         | Android bootconfig:
INFO         |   androidboot.boot_devices="a003600.virtio_mmio"
INFO         |   androidboot.dalvik.vm.heapsize="576m"
INFO         |   androidboot.debug.hwui.renderer="skiagl"
INFO         |   androidboot.debug.sf.nobootanimation="1"
INFO         |   androidboot.hardware="ranchu"
INFO         |   androidboot.hardware.gltransport="pipe"
INFO         |   androidboot.hardware.vulkan="ranchu"
INFO         |   androidboot.logcat="*:V"
INFO         |   androidboot.opengles.version="196609"
INFO         |   androidboot.qemu="1"
INFO         |   androidboot.qemu.adb.pubkey="QAAAAMd+WngJHeMWOPiXWaV7/K44/+5WdRhno6LNEFgKbJLSCQDbU9OK9hm2ZJ089mavkhZ3fYzsts4Vhhsq6tF4ErXvVHriHpvNjqtINEK6WJHVLW8Dnb5PyIMczfpsfpH1xsIyjHAYi5XSSLfT7bWNiD7ehYsoN80gpE1tyYWgJ1C8POn4pYqfAQhCytJfN3gELKdQSVXNZmf/u2mLjFYTQNG97Y0fWwE+yQbHm6c/WsU/Ee6Rxn0s8cZ13sF6deb0OCRgOVdDnUzq9dP3t3ReqzqxxZasnxlEFLyBVjJs7HrEOthXws81Fh1aPZcYkYwGwiwRweC7vibj1CdJ+azXlzyLJkKci8F1hQ1U0bGwJz+6bpaN84T4mg7jdm+46nT3ZIuFelJYknIp5U3HIF++l1p8c3T08Ys2iQs/r69pmYmkaeGkUBm61f0YDonNBEEdDxfMkED9JzHy96H9qfxiSYzDXcwFztFtxmOg1ogwvfMAfdxCTgzGe0tkYF/Y4HZLAEw6W7sWQ1RT6YmmQwvTs7nbJ8FO2CPJhyGcJ2VyLrA5JbX8r2gMFb8MFcNTcKlqEPHij22CdypP4sxL/COtuTphEEnrYJh31e1YN6tNo01afTqEG3Nf4VaFrVW/LPhJjMgAgdzc6voWvHmo9gYkiLUt2BeKLjfTP3uT19ELyAM1szM1UgEAAQA= yoonhb@unknown"
INFO         |   androidboot.qemu.avd_name="spinon_api37_2"
INFO         |   androidboot.qemu.camera_hq_edge_processing="0"
INFO         |   androidboot.qemu.camera_protocol_ver="1"
INFO         |   androidboot.qemu.cpuvulkan.version="4210688"
INFO         |   androidboot.qemu.gltransport.drawFlushInterval="800"
INFO         |   androidboot.qemu.gltransport.name="pipe"
INFO         |   androidboot.qemu.hwcodec.avcdec="2"
INFO         |   androidboot.qemu.hwcodec.hevcdec="2"
INFO         |   androidboot.qemu.hwcodec.vpxdec="2"
INFO         |   androidboot.qemu.settings.system.screen_off_timeout="2147483647"
INFO         |   androidboot.qemu.skin="1080x1920"
DEBUG   | Exited a loader RenderThread @0xcaaea5e00
INFO         |   androidboot.qemu.virtiowifi="1"
INFO         |   androidboot.qemu.vsync="60"
INFO         |   androidboot.serialno="EMULATOR37X2X12X0"
INFO         |   androidboot.vbmeta.digest="287fadba211e83815503c513612e4d559bca92a5b06efb14a68e30907e87e2d4"
INFO         |   androidboot.vbmeta.hash_alg="sha256"
INFO         |   androidboot.vbmeta.size="6848"
INFO         |   androidboot.veritymode="enforcing"
DEBUG   | Found 2 DNS servers:
DEBUG   | 	100.100.100.100
DEBUG   | 	fd7a:115c:a1e0::53
INFO         | Content of hardware configuration file:
INFO         | 	hw.cpu.arch = arm64
INFO         | 	hw.cpu.ncore = 4
INFO         | 	hw.ramSize = 4096
INFO         | 	hw.screen = multi-touch
INFO         | 	hw.mainKeys = false
INFO         | 	hw.touchpad0 = false
INFO         | 	hw.touchpad0.width = 600
INFO         | 	hw.touchpad0.height = 400
INFO         | 	hw.trackBall = false
INFO         | 	hw.keyboard = false
INFO         | 	hw.keyboard.lid = true
INFO         | 	hw.keyboard.charmap = qwerty2
INFO         | 	hw.dPad = false
INFO         | 	hw.rotaryInput = false
INFO         | 	hw.gsmModem = true
INFO         | 	hw.gps = true
INFO         | 	hw.battery = true
INFO         | 	hw.accelerometer = true
INFO         | 	hw.accelerometer_uncalibrated = true
INFO         | 	hw.gyroscope = true
INFO         | 	hw.audioInput = true
INFO         | 	hw.audioOutput = true
INFO         | 	hw.sdCard = true
INFO         | 	disk.cachePartition = true
INFO         | 	disk.cachePartition.path = /Users/yoonhb/.android/avd/../avd/spinon_api37_2.avd/cache.img
INFO         | 	disk.cachePartition.size = 66m
INFO         | 	test.quitAfterBootTimeOut = -1
INFO         | 	test.delayAdbTillBootComplete = 0
INFO         | 	test.monitorAdb = 0
INFO         | 	hw.lcd.width = 1080
INFO         | 	hw.lcd.height = 1920
INFO         | 	hw.lcd.depth = 32
INFO         | 	hw.lcd.circular = false
INFO         | 	hw.lcd.density = 420
INFO         | 	hw.lcd.transparent = false
INFO         | 	hw.lcd.backlight = true
INFO         | 	hw.lcd.vsync = 60
INFO         | 	hw.gltransport = pipe
INFO         | 	hw.gltransport.asg.writeBufferSize = 1048576
INFO         | 	hw.gltransport.asg.writeStepSize = 4096
INFO         | 	hw.gltransport.asg.dataRingSize = 32768
INFO         | 	hw.gltransport.drawFlushInterval = 800
INFO         | 	hw.displayRegion.0.1.xOffset = -1
INFO         | 	hw.displayRegion.0.1.yOffset = -1
INFO         | 	hw.displayRegion.0.1.width = 0
INFO         | 	hw.displayRegion.0.1.height = 0
INFO         | 	hw.displayRegion.0.2.xOffset = -1
INFO         | 	hw.displayRegion.0.2.yOffset = -1
INFO         | 	hw.displayRegion.0.2.width = 0
INFO         | 	hw.displayRegion.0.2.height = 0
INFO         | 	hw.displayRegion.0.3.xOffset = -1
INFO         | 	hw.displayRegion.0.3.yOffset = -1
INFO         | 	hw.displayRegion.0.3.width = 0
INFO         | 	hw.displayRegion.0.3.height = 0
INFO         | 	hw.display1.width = 0
INFO         | 	hw.display1.height = 0
INFO         | 	hw.display1.density = 0
INFO         | 	hw.display1.xOffset = -1
INFO         | 	hw.display1.yOffset = -1
INFO         | 	hw.display1.flag = 0
INFO         | 	hw.display2.width = 0
INFO         | 	hw.display2.height = 0
INFO         | 	hw.display2.density = 0
INFO         | 	hw.display2.xOffset = -1
INFO         | 	hw.display2.yOffset = -1
INFO         | 	hw.display2.flag = 0
INFO         | 	hw.display3.width = 0
INFO         | 	hw.display3.height = 0
INFO         | 	hw.display3.density = 0
INFO         | 	hw.display3.xOffset = -1
INFO         | 	hw.display3.yOffset = -1
INFO         | 	hw.display3.flag = 0
INFO         | 	hw.multi_display_window = false
INFO         | 	hw.hotplug_multi_display = false
INFO         | 	hw.gpu.enabled = true
INFO         | 	hw.gpu.mode = lavapipe
INFO         | 	hw.initialOrientation = portrait
INFO         | 	hw.camera.back = emulated
INFO         | 	hw.camera.back.orientation = 90
INFO         | 	hw.camera.front = none
INFO         | 	hw.camera.front.orientation = 90
INFO         | 	vm.heapSize = 576
INFO         | 	hw.sensors.light = true
INFO         | 	hw.sensors.pressure = true
INFO         | 	hw.sensors.humidity = true
INFO         | 	hw.sensors.proximity = true
INFO         | 	hw.sensors.magnetic_field = true
INFO         | 	hw.sensors.magnetic_field_uncalibrated = true
INFO         | 	hw.sensors.gyroscope_uncalibrated = true
INFO         | 	hw.sensors.orientation = true
INFO         | 	hw.sensors.temperature = true
INFO         | 	hw.sensors.rgbclight = false
INFO         | 	hw.sensor.hinge = false
INFO         | 	hw.sensor.hinge.count = 0
INFO         | 	hw.sensor.hinge.type = 0
INFO         | 	hw.sensor.hinge.sub_type = 0
INFO         | 	hw.sensor.hinge.resizable.config = 1
INFO         | 	hw.sensor.hinge.fold_to_displayRegion.0.1_at_posture = 1
INFO         | 	hw.sensor.roll = false
INFO         | 	hw.sensor.roll.count = 0
INFO         | 	hw.sensor.roll.resize_to_displayRegion.0.1_at_posture = 6
INFO         | 	hw.sensor.roll.resize_to_displayRegion.0.2_at_posture = 6
INFO         | 	hw.sensor.roll.resize_to_displayRegion.0.3_at_posture = 6
INFO         | 	hw.sensors.heart_rate = false
INFO         | 	hw.sensors.wrist_tilt = false
INFO         | 	hw.sensors.heading = false
INFO         | 	hw.useext4 = true
INFO         | 	hw.device.name = pixel
INFO         | 	kernel.path = /Users/yoonhb/Library/Android/sdk/system-images/android-37.2/google_apis_ps16k/arm64-v8a//kernel-ranchu
INFO         | 	kernel.newDeviceNaming = yes
INFO         | 	kernel.supportsYaffs2 = no
INFO         | 	disk.ramdisk.path = /Users/yoonhb/Library/Android/sdk/system-images/android-37.2/google_apis_ps16k/arm64-v8a//ramdisk.img
INFO         | 	disk.systemPartition.initPath = /Users/yoonhb/Library/Android/sdk/system-images/android-37.2/google_apis_ps16k/arm64-v8a//system.img
INFO         | 	disk.systemPartition.size = 8203m
INFO         | 	disk.vendorPartition.initPath = /Users/yoonhb/Library/Android/sdk/system-images/android-37.2/google_apis_ps16k/arm64-v8a//vendor.img
INFO         | 	disk.vendorPartition.size = 800m
INFO         | 	disk.dataPartition.path = /Users/yoonhb/.android/avd/../avd/spinon_api37_2.avd/userdata-qemu.img
INFO         | 	disk.dataPartition.size = 10g
INFO         | 	disk.encryptionKeyPartition.path = /Users/yoonhb/.android/avd/../avd/spinon_api37_2.avd/encryptionkey.img
INFO         | 	PlayStore.enabled = false
INFO         | 	avd.name = spinon_api37_2
INFO         | 	avd.id = spinon_api37_2
INFO         | 	fastboot.forceColdBoot = false
INFO         | 	userdata.useQcow2 = true
INFO         | 	firstboot.bootFromDownloadableSnapshot = true
INFO         | 	firstboot.bootFromLocalSnapshot = true
INFO         | 	firstboot.saveToLocalSnapshot = true
INFO         | 	android.sdk.root = /Users/yoonhb/Library/Android/sdk
INFO         | 	android.avd.home = /Users/yoonhb/.android/avd
INFO         | 	environment.width = 0
INFO         | 	environment.height = 0
INFO         | .
INFO         | QEMU options list:
INFO         | 	 argv[00] = "/Users/yoonhb/Library/Android/sdk/emulator/qemu/darwin-aarch64/qemu-system-aarch64"
INFO         | 	 argv[01] = "-dns-server"
INFO         | 	 argv[02] = "100.100.100.100,fd7a:115c:a1e0::53"
INFO         | 	 argv[03] = "-serial"
INFO         | 	 argv[04] = "null"
INFO         | 	 argv[05] = "-android-ports"
INFO         | 	 argv[06] = "5562,5563"
INFO         | 	 argv[07] = "-cpu"
INFO         | 	 argv[08] = "cortex-a53"
INFO         | 	 argv[09] = "-machine"
INFO         | 	 argv[10] = "type=virt"
INFO         | 	 argv[11] = "-enable-hvf"
INFO         | 	 argv[12] = "-smp"
INFO         | 	 argv[13] = "cores=4"
INFO         | 	 argv[14] = "-m"
INFO         | 	 argv[15] = "4096"
INFO         | 	 argv[16] = "-lcd-density"
INFO         | 	 argv[17] = "420"
INFO         | 	 argv[18] = "-nodefaults"
INFO         | 	 argv[19] = "-kernel"
INFO         | 	 argv[20] = "/Users/yoonhb/Library/Android/sdk/system-images/android-37.2/google_apis_ps16k/arm64-v8a//kernel-ranchu"
INFO         | 	 argv[21] = "-initrd"
INFO         | 	 argv[22] = "/Users/yoonhb/.android/avd/../avd/spinon_api37_2.avd/initrd"
INFO         | 	 argv[23] = "-drive"
INFO         | 	 argv[24] = "index=0,id=vendor,if=none,file=/Users/yoonhb/Library/Android/sdk/system-images/android-37.2/google_apis_ps16k/arm64-v8a//vendor.img,read-only"
INFO         | 	 argv[25] = "-device"
INFO         | 	 argv[26] = "virtio-blk-device,drive=vendor"
INFO         | 	 argv[27] = "-drive"
INFO         | 	 argv[28] = "index=1,id=encrypt,if=none,file=/Users/yoonhb/.android/avd/../avd/spinon_api37_2.avd/encryptionkey.img.qcow2,overlap-check=none,cache=unsafe,l2-cache-size=1048576"
INFO         | 	 argv[29] = "-device"
INFO         | 	 argv[30] = "virtio-blk-device,drive=encrypt"
INFO         | 	 argv[31] = "-drive"
INFO         | 	 argv[32] = "index=2,id=userdata,if=none,file=/Users/yoonhb/.android/avd/../avd/spinon_api37_2.avd/userdata-qemu.img.qcow2,overlap-check=none,cache=unsafe,l2-cache-size=1048576"
INFO         | 	 argv[33] = "-device"
INFO         | 	 argv[34] = "virtio-blk-device,drive=userdata"
INFO         | 	 argv[35] = "-drive"
INFO         | 	 argv[36] = "index=3,id=cache,if=none,file=/Users/yoonhb/.android/avd/../avd/spinon_api37_2.avd/cache.img.qcow2,overlap-check=none,cache=unsafe,l2-cache-size=1048576"
INFO         | 	 argv[37] = "-device"
INFO         | 	 argv[38] = "virtio-blk-device,drive=cache"
INFO         | 	 argv[39] = "-drive"
INFO         | 	 argv[40] = "index=4,id=system,if=none,file=/Users/yoonhb/Library/Android/sdk/system-images/android-37.2/google_apis_ps16k/arm64-v8a//system.img,read-only"
INFO         | 	 argv[41] = "-device"
INFO         | 	 argv[42] = "virtio-blk-device,drive=system"
INFO         | 	 argv[43] = "-netdev"
INFO         | 	 argv[44] = "user,id=mynet"
INFO         | 	 argv[45] = "-device"
INFO         | 	 argv[46] = "virtio-net-device,netdev=mynet"
INFO         | 	 argv[47] = "-chardev"
INFO         | 	 argv[48] = "null,id=forhvc0"
INFO         | 	 argv[49] = "-chardev"
INFO         | 	 argv[50] = "null,id=forhvc1"
INFO         | 	 argv[51] = "-device"
INFO         | 	 argv[52] = "virtio-serial-pci,ioeventfd=off"
INFO         | 	 argv[53] = "-device"
INFO         | 	 argv[54] = "virtconsole,chardev=forhvc0"
INFO         | 	 argv[55] = "-device"
INFO         | 	 argv[56] = "virtconsole,chardev=forhvc1"
INFO         | 	 argv[57] = "-chardev"
INFO         | 	 argv[58] = "netsim,id=uwb"
INFO         | 	 argv[59] = "-device"
INFO         | 	 argv[60] = "virtconsole,chardev=uwb,name=uwb"
INFO         | 	 argv[61] = "-chardev"
INFO         | 	 argv[62] = "netsim,id=bluetooth"
INFO         | 	 argv[63] = "-device"
INFO         | 	 argv[64] = "virtserialport,chardev=bluetooth,name=bluetooth"
INFO         | 	 argv[65] = "-device"
INFO         | 	 argv[66] = "virtio-serial,ioeventfd=off"
INFO         | 	 argv[67] = "-chardev"
INFO         | 	 argv[68] = "socket,port=59627,host=::1,nowait,nodelay,reconnect=10,ipv6,id=modem"
INFO         | 	 argv[69] = "-device"
INFO         | 	 argv[70] = "virtserialport,chardev=modem,name=modem"
INFO         | 	 argv[71] = "-device"
INFO         | 	 argv[72] = "virtio-rng-device"
INFO         | 	 argv[73] = "-show-cursor"
INFO         | 	 argv[74] = "-device"
INFO         | 	 argv[75] = "virtio_input_multi_touch_pci_1"
INFO         | 	 argv[76] = "-device"
INFO         | 	 argv[77] = "virtio_input_multi_touch_pci_2"
INFO         | 	 argv[78] = "-device"
INFO         | 	 argv[79] = "virtio_input_multi_touch_pci_3"
INFO         | 	 argv[80] = "-device"
INFO         | 	 argv[81] = "virtio_input_multi_touch_pci_4"
INFO         | 	 argv[82] = "-device"
INFO         | 	 argv[83] = "virtio_input_multi_touch_pci_5"
INFO         | 	 argv[84] = "-device"
INFO         | 	 argv[85] = "virtio_input_multi_touch_pci_6"
INFO         | 	 argv[86] = "-device"
INFO         | 	 argv[87] = "virtio_input_multi_touch_pci_7"
INFO         | 	 argv[88] = "-device"
INFO         | 	 argv[89] = "virtio_input_multi_touch_pci_8"
INFO         | 	 argv[90] = "-device"
INFO         | 	 argv[91] = "virtio_input_multi_touch_pci_9"
INFO         | 	 argv[92] = "-device"
INFO         | 	 argv[93] = "virtio_input_multi_touch_pci_10"
INFO         | 	 argv[94] = "-device"
INFO         | 	 argv[95] = "virtio_input_multi_touch_pci_11"
INFO         | 	 argv[96] = "-netdev"
INFO         | 	 argv[97] = "user,id=virtio-wifi,dhcpstart=10.0.2.16"
INFO         | 	 argv[98] = "-device"
INFO         | 	 argv[99] = "virtio-wifi-pci,netdev=virtio-wifi"
INFO         | 	 argv[100] = "-device"
INFO         | 	 argv[101] = "virtio-vsock-pci,guest-cid=77"
INFO         | 	 argv[102] = "-L"
INFO         | 	 argv[103] = "/Users/yoonhb/Library/Android/sdk/emulator/lib/pc-bios"
INFO         | 	 argv[104] = "-soundhw"
INFO         | 	 argv[105] = "virtio-snd-pci"
INFO         | 	 argv[106] = "-append"
INFO         | 	 argv[107] = "8250.nr_uarts=1 no_timer_check keep_bootcon earlyprintk=ttyAMA0 console=0 ndns=2 loop.max_part=7 printk.devkmsg=on bootconfig"
INFO         | 	 argv[108] = "-android-hw"
INFO         | 	 argv[109] = "/Users/yoonhb/.android/avd/../avd/spinon_api37_2.avd/hardware-qemu.ini"
INFO         | Concatenated QEMU options: /Users/yoonhb/Library/Android/sdk/emulator/qemu/darwin-aarch64/qemu-system-aarch64 -dns-server 100.100.100.100,fd7a:115c:a1e0::53 -serial null -android-ports 5562,5563 -cpu cortex-a53 -machine type=virt -enable-hvf -smp cores=4 -m 4096 -lcd-density 420 -nodefaults -kernel /Users/yoonhb/Library/Android/sdk/system-images/android-37.2/google_apis_ps16k/arm64-v8a//kernel-ranchu -initrd /Users/yoonhb/.android/avd/../avd/spinon_api37_2.avd/initrd -drive index=0,id=vendor,if=none,file=/Users/yoonhb/Library/Android/sdk/system-images/android-37.2/google_apis_ps16k/arm64-v8a//vendor.img,read-only -device virtio-blk-device,drive=vendor -drive index=1,id=encrypt,if=none,file=/Users/yoonhb/.android/avd/../avd/spinon_api37_2.avd/encryptionkey.img.qcow2,overlap-check=none,cache=unsafe,l2-cache-size=1048576 -device virtio-blk-device,drive=encrypt -drive index=2,id=userdata,if=none,file=/Users/yoonhb/.android/avd/../avd/spinon_api37_2.avd/userdata-qemu.img.qcow2,overlap-check=none,cache=unsafe,l2-cache-size=1048576 -device virtio-blk-device,drive=userdata -drive index=3,id=cache,if=none,file=/Users/yoonhb/.android/avd/../avd/spinon_api37_2.avd/cache.img.qcow2,overlap-check=none,cache=unsafe,l2-cache-size=1048576 -device virtio-blk-device,drive=cache -drive index=4,id=system,if=none,file=/Users/yoonhb/Library/Android/sdk/system-images/android-37.2/google_apis_ps16k/arm64-v8a//system.img,read-only -device virtio-blk-device,drive=system -netdev user,id=mynet -device virtio-net-device,netdev=mynet -chardev null,id=forhvc0 -chardev null,id=forhvc1 -device virtio-serial-pci,ioeventfd=off -device virtconsole,chardev=forhvc0 -device virtconsole,chardev=forhvc1 -chardev netsim,id=uwb -device virtconsole,chardev=uwb,name=uwb -chardev netsim,id=bluetooth -device virtserialport,chardev=bluetooth,name=bluetooth -device virtio-serial,ioeventfd=off -chardev socket,port=59627,host=::1,nowait,nodelay,reconnect=10,ipv6,id=modem -device virtserialport,chardev=modem,name=modem -device virtio-rng-device -show-cursor -device virtio_input_multi_touch_pci_1 -device virtio_input_multi_touch_pci_2 -device virtio_input_multi_touch_pci_3 -device virtio_input_multi_touch_pci_4 -device virtio_input_multi_touch_pci_5 -device virtio_input_multi_touch_pci_6 -device virtio_input_multi_touch_pci_7 -device virtio_input_multi_touch_pci_8 -device virtio_input_multi_touch_pci_9 -device virtio_input_multi_touch_pci_10 -device virtio_input_multi_touch_pci_11 -netdev user,id=virtio-wifi,dhcpstart=10.0.2.16 -device virtio-wifi-pci,netdev=virtio-wifi -device virtio-vsock-pci,guest-cid=77 -L /Users/yoonhb/Library/Android/sdk/emulator/lib/pc-bios -soundhw virtio-snd-pci -append '8250.nr_uarts=1 no_timer_check keep_bootcon earlyprintk=ttyAMA0 console=0 ndns=2 loop.max_part=7 printk.devkmsg=on bootconfig' -android-hw /Users/yoonhb/.android/avd/../avd/spinon_api37_2.avd/hardware-qemu.ini
DEBUG   | Android qemu version 37.2.12.0 (build_id 16428233) (CL:N/A)
DEBUG   | Starting QEMU main loop
DEBUG   | registered 'boot-properties' qemud service
DEBUG   | Adding boot property: 'ro.opengles.version' = '196609'
DEBUG   | Adding boot property: 'qemu.sf.fake_camera' = 'back'
DEBUG   | Adding boot property: 'dalvik.vm.heapsize' = '576m'
DEBUG   | Adding boot property: 'qemu.hw.mainkeys' = '0'
DEBUG   | Adding boot property: 'qemu.sf.lcd_density' = '420'
DEBUG   | goldfish_events.have-dpad: false
DEBUG   | goldfish_events.have-trackball: false
DEBUG   | goldfish_events.have-camera: true
DEBUG   | goldfish_events.have-keyboard: false
DEBUG   | goldfish_events.have-lidswitch: true
DEBUG   | goldfish_events.have-tabletmode: false
DEBUG   | goldfish_events.have-touch: false
DEBUG   | goldfish_events.have-multitouch: false
DEBUG   | Adding boot property: 'net.wifi_mac_prefix' = '5562'
INFO         | Monitoring duration of emulator setup.
DEBUG   | Adding boot property: 'qemu.timezone' = 'Asia/Seoul'
DEBUG   | android_hw_fingerprint_init: fingerprint qemud listen service initialized
INFO         | Activated packet streamer for uwb emulation
INFO         | Successfully initialized netsim WiFi
INFO         | Activated packet streamer for bluetooth emulation
DEBUG   | emulator_window_fb_rotate
DEBUG   | CMD_SET_DISPLAY_CONFIGS
INFO         | Setting display: 0 configuration to: 1080x1920, dpi: 420x420 
DEBUG   | CMD_SET_DISPLAY_ACTIVE_CONFIG
DEBUG   | setDisplayPose 0 x 0 y 0 w 1080 h 1920 dpi 0
INFO         | setDisplayActiveConfig: id:0, 1080x1920
DEBUG   | Adjusting window size by 0.38x for hw_lcd_density
DEBUG   | adisplay_init: Creating skin display surface 1080x1920
DEBUG   | Path:/Users/yoonhb/Library/Android/sdk/platform-tools/adb protocol version: 41
DEBUG   | Path:/Users/yoonhb/Library/Android/sdk/platform-tools/adb protocol version: 41
DEBUG   | Path:/opt/homebrew/bin/adb protocol version: 41
DEBUG   | Found: 3 adb executables
DEBUG   | Adb: /Users/yoonhb/Library/Android/sdk/platform-tools/adb
DEBUG   | Adb: /Users/yoonhb/Library/Android/sdk/platform-tools/adb
DEBUG   | Adb: /opt/homebrew/bin/adb
DEBUG   | Path:/Users/yoonhb/Library/Android/sdk/platform-tools/adb protocol version: 41
DEBUG   | Path:/Users/yoonhb/Library/Android/sdk/platform-tools/adb protocol version: 41
DEBUG   | Path:/opt/homebrew/bin/adb protocol version: 41
INFO         | Checking system compatibility:
INFO         |   Checking: hasSufficientDiskSpace
INFO         |      Ok: Disk space requirements to run avd: `spinon_api37_2` are met
INFO         |   Checking: hasSufficientHwGpu
INFO         |      Ok: Hardware GPU compatibility checks are not required
INFO         |   Checking: hasSufficientSystem
INFO         |      Ok: System requirements to run avd: `spinon_api37_2` are met
DEBUG   | Sending CMD_REPAINT to reposting thread
DEBUG   | Sending CMD_REPAINT to reposting thread
DEBUG   | Reposting thread dequeueing a CMD_REPAINT
DEBUG   | Sending CMD_REPAINT to reposting thread
DEBUG   | Reposting framebuffer.
DEBUG   | No repost: no last posted color buffer
DEBUG   | Reposting thread dequeueing a CMD_REPAINT
DEBUG   | Reposting framebuffer.
DEBUG   | No repost: no last posted color buffer
DEBUG   | Reposting thread dequeueing a CMD_REPAINT
DEBUG   | Reposting framebuffer.
DEBUG   | No repost: no last posted color buffer
DEBUG   | parsePostersFile: Loaded poster wall at (-0.807000, 0.320000, 5.316000)
DEBUG   | parsePostersFile: Loaded poster table at (-2.205000, -0.077000, 3.949000)
DEBUG   | config multidisplay with config.ini 0x0 0x0 0x0
DEBUG   | ver_initialize: Setting search paths with 2 entries
INFO         | emulatorSetupEnvironment: Environment scene is not required
DEBUG   | Begin setupSubWindow
DEBUG   | Exit setupSubWindow (successful setup)
DEBUG   | Begin setupSubWindow
DEBUG   | Exit setupSubWindow (nothing to do)
INFO         | Warning: QMetaObject::connectSlotsByName: No matching signal for on_rgbcSensorValueWidget_valueChanged() (:0, )
INFO         | Warning: QMetaObject::connectSlotsByName: No matching signal for on_posture_valueChanged(int) (:0, )
INFO         | TouchpadHolder: registering via hw_xr_led agent for instance=0xca9d8b380
INFO         | Warning: QObject::connect: Cannot queue arguments of type 'std::vector<android::emulation::control::SnapshotInfo>'
(Make sure 'std::vector<android::emulation::control::SnapshotInfo>' is registered using qRegisterMetaType().) (:0, )
INFO         | AVD supportsNativeGLES=1, supportsGuestAngle=1
INFO         | Guest Angle is still unstable for API > 35.
INFO         | Created extended window in 53.536ms
DEBUG   | added one RIL client
DEBUG   | Crash info: sessionId=
DEBUG   | Crash info: ro.build.fingerprint=google/generic_system_google/generic:17/CP41.260831.007/16416850:userdebug/dev-keys
DEBUG   | Crash info: avd_space=65804115968
DEBUG   | Crash info: free_ram=34236
DEBUG   | Crash info: hw.gpu.enabled=no
DEBUG   | Crash info: cpu_cores=16
DEBUG   | Crash info: PlayStore.enabled=no
DEBUG   | Crash info: hw.ramSize=4096M
DEBUG   | Crash info: hw.lcd.width=1080
DEBUG   | Crash info: hw.sensor.hinge=no
DEBUG   | Crash info: hw.cpu.ncore=4
DEBUG   | Crash info: hw.gpu.mode=auto
DEBUG   | Crash info: hw.lcd.height=1920
DEBUG   | Crash info: disk.dataPartition.size=10G
USER_INFO    | Emulator is performing a full startup. This may take upto two minutes, or more.
DEBUG   | Begin setupSubWindow
DEBUG   | Exit setupSubWindow (successful setup)
DEBUG   | Begin setupSubWindow
DEBUG   | Exit setupSubWindow (successful setup)
DEBUG   | Begin setupSubWindow
DEBUG   | Exit setupSubWindow (successful setup)
DEBUG   | Begin setupSubWindow
DEBUG   | Exit setupSubWindow (successful setup)
DEBUG   | Begin setupSubWindow
DEBUG   | Exit setupSubWindow (successful setup)
DEBUG   | Begin setupSubWindow
DEBUG   | Exit setupSubWindow (nothing to do)
DEBUG   | Begin setupSubWindow
DEBUG   | Sending CMD_REPAINT to reposting thread
DEBUG   | Reposting thread dequeueing a CMD_REPAINT
DEBUG   | Reposting framebuffer.
DEBUG   | No repost: no last posted color buffer
DEBUG   | Exit setupSubWindow (successful setup)
DEBUG   | Begin setupSubWindow
DEBUG   | Exit setupSubWindow (nothing to do)
DEBUG   | Begin setupSubWindow
DEBUG   | Exit setupSubWindow (successful setup)
DEBUG   | Begin setupSubWindow
DEBUG   | Exit setupSubWindow (nothing to do)
DEBUG   | Begin setupSubWindow
DEBUG   | Exit setupSubWindow (nothing to do)
DEBUG   | Sending CMD_REPAINT to reposting thread
DEBUG   | Reposting thread dequeueing a CMD_REPAINT
DEBUG   | Reposting framebuffer.
DEBUG   | No repost: no last posted color buffer
DEBUG   | Begin setupSubWindow
DEBUG   | Exit setupSubWindow (nothing to do)
DEBUG   | Begin setupSubWindow
DEBUG   | Exit setupSubWindow (successful setup)
DEBUG   | Begin setupSubWindow
DEBUG   | Exit setupSubWindow (nothing to do)
DEBUG   | Begin setupSubWindow
DEBUG   | Exit setupSubWindow (nothing to do)
VERBOSE | Created RenderThread. Active RenderThreads: 2
VERBOSE | Destroyed RenderThread. Active RenderThreads: 1
DEBUG   | Started new RenderThread (total 1) @0xca93b8a00
VERBOSE | Created RenderThread. Active RenderThreads: 2
DEBUG   | Started new RenderThread (total 2) @0xca93b8c00
DEBUG   | ColorBuffer 3, 1x1, VK_FORMAT_R8G8B8A8_UNORM, Memory [size: 64, type: 0, props: 15 / 1]
VERBOSE | Created RenderThread. Active RenderThreads: 3
DEBUG   | Started new RenderThread (total 3) @0xca93b8e00
VERBOSE | Created RenderThread. Active RenderThreads: 4
DEBUG   | Started new RenderThread (total 4) @0xca93b9000
DEBUG   | setDisplayPose 0 x -1 y -1 w 1080 h 1920 dpi 420
DEBUG   | ColorBuffer 4, 1080x1920, VK_FORMAT_R8G8B8A8_UNORM, Memory [size: 8294400, type: 0, props: 15 / 1]
DEBUG   | ColorBuffer 5, 1080x1920, VK_FORMAT_R8G8B8A8_UNORM, Memory [size: 8294400, type: 0, props: 15 / 1]
DEBUG   | ColorBuffer 6, 1080x1920, VK_FORMAT_R8G8B8A8_UNORM, Memory [size: 8294400, type: 0, props: 15 / 1]
VERBOSE | Created RenderThread. Active RenderThreads: 5
DEBUG   | Started new RenderThread (total 5) @0xca93b9200
DEBUG   | ColorBuffer 7, 1080x1920, VK_FORMAT_R8G8B8A8_UNORM, Memory [size: 8294400, type: 0, props: 15 / 1]
DEBUG   | ColorBuffer 8, 1080x1920, VK_FORMAT_R8G8B8A8_UNORM, Memory [size: 8294400, type: 0, props: 15 / 1]
DEBUG   | ColorBuffer 9, 384x384, VK_FORMAT_R8G8B8A8_UNORM, Memory [size: 589824, type: 0, props: 15 / 1]
DEBUG   | ColorBuffer 10, 384x384, VK_FORMAT_R8G8B8A8_UNORM, Memory [size: 589824, type: 0, props: 15 / 1]
VERBOSE | Created RenderThread. Active RenderThreads: 6
DEBUG   | Started new RenderThread (total 6) @0xca93baa00
DEBUG   | ColorBuffer 11, 384x384, VK_FORMAT_R8G8B8A8_UNORM, Memory [size: 589824, type: 0, props: 15 / 1]
DEBUG   | ColorBuffer 12, 384x384, VK_FORMAT_R16G16B16A16_SFLOAT, Memory [size: 1179648, type: 0, props: 15 / 1]
DEBUG   | _hwFingerprint_connect: connect finger print listen is called
DEBUG   | got message from guest system fingerprint HAL
VERBOSE | Created RenderThread. Active RenderThreads: 7
DEBUG   | Started new RenderThread (total 7) @0xca93bb200
DEBUG   | ColorBuffer 15, 1x1, VK_FORMAT_R8G8B8A8_UNORM, Memory [size: 64, type: 0, props: 15 / 1]
VERBOSE | Created RenderThread. Active RenderThreads: 8
DEBUG   | Started new RenderThread (total 8) @0xca93ba400
VERBOSE | Created RenderThread. Active RenderThreads: 9
DEBUG   | Started new RenderThread (total 9) @0xca93bba00
DEBUG   | ColorBuffer 18, 1x1, VK_FORMAT_R8G8B8A8_UNORM, Memory [size: 64, type: 0, props: 15 / 1]
DEBUG   | ColorBuffer 19, 922x1024, VK_FORMAT_R8G8B8A8_UNORM, Memory [size: 3784704, type: 0, props: 15 / 1]
DEBUG   | ColorBuffer 21, 922x1024, VK_FORMAT_R8G8B8A8_UNORM, Memory [size: 3784704, type: 0, props: 15 / 1]
VERBOSE | Created RenderThread. Active RenderThreads: 10
DEBUG   | Started new RenderThread (total 10) @0xca8838200
VERBOSE | Created RenderThread. Active RenderThreads: 11
DEBUG   | Started new RenderThread (total 11) @0xca8838c00
DEBUG   | ColorBuffer 24, 1x1, VK_FORMAT_R8G8B8A8_UNORM, Memory [size: 64, type: 0, props: 15 / 1]
DEBUG   | ColorBuffer 25, 173x173, VK_FORMAT_R8G8B8A8_UNORM, Memory [size: 123904, type: 0, props: 15 / 1]
DEBUG   | ColorBuffer 27, 173x173, VK_FORMAT_R8G8B8A8_UNORM, Memory [size: 123904, type: 0, props: 15 / 1]
DEBUG   | ColorBuffer 28, 1080x1920, VK_FORMAT_R8G8B8A8_UNORM, Memory [size: 8294400, type: 0, props: 15 / 1]
DEBUG   | ColorBuffer 30, 1080x1920, VK_FORMAT_R8G8B8A8_UNORM, Memory [size: 8294400, type: 0, props: 15 / 1]
DEBUG   | ColorBuffer 31, 1080x1920, VK_FORMAT_R8G8B8A8_UNORM, Memory [size: 8294400, type: 0, props: 15 / 1]
DEBUG   | ColorBuffer 32, 1080x1920, VK_FORMAT_R8G8B8A8_UNORM, Memory [size: 8294400, type: 0, props: 15 / 1]
DEBUG   | ColorBuffer 34, 1080x1920, VK_FORMAT_R8G8B8A8_UNORM, Memory [size: 8294400, type: 0, props: 15 / 1]
DEBUG   | ColorBuffer 35, 1080x1920, VK_FORMAT_R8G8B8A8_UNORM, Memory [size: 8294400, type: 0, props: 15 / 1]
DEBUG   | Waiting for exit signal RenderThread @0xca93bb200
DEBUG   | ColorBuffer 36, 1080x1920, VK_FORMAT_R8G8B8A8_UNORM, Memory [size: 8294400, type: 0, props: 15 / 1]
DEBUG   | ColorBuffer 38, 1080x1920, VK_FORMAT_R8G8B8A8_UNORM, Memory [size: 8294400, type: 0, props: 15 / 1]
DEBUG   | ColorBuffer 39, 1080x1920, VK_FORMAT_R8G8B8A8_UNORM, Memory [size: 8294400, type: 0, props: 15 / 1]
DEBUG   | ColorBuffer 40, 1080x1920, VK_FORMAT_R8G8B8A8_UNORM, Memory [size: 8294400, type: 0, props: 15 / 1]
VERBOSE | GL error while resizing: 0x506 (ignored)

DEBUG   | ColorBuffer 41, 1080x1920, VK_FORMAT_R8G8B8A8_UNORM, Memory [size: 8294400, type: 0, props: 15 / 1]
VERBOSE | GL error while resizing: 0x506 (ignored)

VERBOSE | GL error while resizing: 0x506 (ignored)

VERBOSE | GL error while resizing: 0x506 (ignored)

DEBUG   | ColorBuffer 42, 1080x63, VK_FORMAT_R8G8B8A8_UNORM, Memory [size: 276480, type: 0, props: 15 / 1]
DEBUG   | ColorBuffer 44, 1080x63, VK_FORMAT_R8G8B8A8_UNORM, Memory [size: 276480, type: 0, props: 15 / 1]
DEBUG   | ColorBuffer 45, 1080x63, VK_FORMAT_R8G8B8A8_UNORM, Memory [size: 276480, type: 0, props: 15 / 1]
DEBUG   | ColorBuffer 46, 284x10, VK_FORMAT_R8G8B8A8_UNORM, Memory [size: 13632, type: 0, props: 15 / 1]
VERBOSE | GL error while resizing: 0x506 (ignored)

VERBOSE | glReadPixels seems OK for tex(internal:0x8058 fmt:0x1908 type:0x1401) read(fmt:0x1908 type:0x1401).
VERBOSE | GL error while resizing: 0x506 (ignored)

VERBOSE | GL error while resizing: 0x506 (ignored)

VERBOSE | GL error while resizing: 0x506 (ignored)

VERBOSE | GL error while resizing: 0x506 (ignored)

VERBOSE | GL error while resizing: 0x506 (ignored)

VERBOSE | GL error while resizing: 0x506 (ignored)

VERBOSE | GL error while resizing: 0x506 (ignored)

VERBOSE | GL error while resizing: 0x506 (ignored)

VERBOSE | GL error while resizing: 0x506 (ignored)

VERBOSE | GL error while resizing: 0x506 (ignored)

INFO         | Boot completed in 12485 ms
INFO         | Increasing screen off timeout, logcat buffer size to 2M.
VERBOSE | GL error while resizing: 0x506 (ignored)

VERBOSE | GL error while resizing: 0x506 (ignored)

DEBUG   | ColorBuffer 49, 1080x1920, VK_FORMAT_R8G8B8A8_UNORM, Memory [size: 8294400, type: 0, props: 15 / 1]
DEBUG   | ColorBuffer 50, 1080x1920, VK_FORMAT_R8G8B8A8_UNORM, Memory [size: 8294400, type: 0, props: 15 / 1]
DEBUG   | ColorBuffer 52, 1080x1920, VK_FORMAT_R8G8B8A8_UNORM, Memory [size: 8294400, type: 0, props: 15 / 1]
VERBOSE | Created RenderThread. Active RenderThreads: 12
DEBUG   | Exited a RenderThread @0xca93bb200
VERBOSE | Destroyed RenderThread. Active RenderThreads: 11
DEBUG   | Started new RenderThread (total 11) @0xca93bbe00
DEBUG   | ColorBuffer 53, 1080x1920, VK_FORMAT_R8G8B8A8_UNORM, Memory [size: 8294400, type: 0, props: 15 / 1]
DEBUG   | ColorBuffer 54, 1080x1920, VK_FORMAT_R8G8B8A8_UNORM, Memory [size: 8294400, type: 0, props: 15 / 1]
VERBOSE | GL error while resizing: 0x506 (ignored)

DEBUG   | ColorBuffer 56, 1080x1920, VK_FORMAT_R8G8B8A8_UNORM, Memory [size: 8294400, type: 0, props: 15 / 1]
DEBUG   | ColorBuffer 57, 1080x1920, VK_FORMAT_R8G8B8A8_UNORM, Memory [size: 8294400, type: 0, props: 15 / 1]
VERBOSE | GL error while resizing: 0x506 (ignored)

VERBOSE | GL error while resizing: 0x506 (ignored)

VERBOSE | GL error while resizing: 0x506 (ignored)

VERBOSE | GL error while resizing: 0x506 (ignored)

VERBOSE | GL error while resizing: 0x506 (ignored)

VERBOSE | GL error while resizing: 0x506 (ignored)

VERBOSE | GL error while resizing: 0x506 (ignored)

VERBOSE | GL error while resizing: 0x506 (ignored)

DEBUG   | ColorBuffer 58, 173x173, VK_FORMAT_R8G8B8A8_UNORM, Memory [size: 123904, type: 0, props: 15 / 1]
DEBUG   | ColorBuffer 60, 173x173, VK_FORMAT_R8G8B8A8_UNORM, Memory [size: 123904, type: 0, props: 15 / 1]
VERBOSE | GL error while resizing: 0x506 (ignored)

VERBOSE | GL error while resizing: 0x506 (ignored)

VERBOSE | GL error while resizing: 0x506 (ignored)

VERBOSE | GL error while resizing: 0x506 (ignored)

VERBOSE | GL error while resizing: 0x506 (ignored)

VERBOSE | GL error while resizing: 0x506 (ignored)

VERBOSE | GL error while resizing: 0x506 (ignored)

VERBOSE | GL error while resizing: 0x506 (ignored)

VERBOSE | GL error while resizing: 0x506 (ignored)

VERBOSE | GL error while resizing: 0x506 (ignored)

VERBOSE | GL error while resizing: 0x506 (ignored)

VERBOSE | GL error while resizing: 0x506 (ignored)

VERBOSE | GL error while resizing: 0x506 (ignored)

VERBOSE | GL error while resizing: 0x506 (ignored)

VERBOSE | GL error while resizing: 0x506 (ignored)

VERBOSE | GL error while resizing: 0x506 (ignored)

VERBOSE | Created RenderThread. Active RenderThreads: 12
DEBUG   | Started new RenderThread (total 12) @0xca93bac00
VERBOSE | GL error while resizing: 0x506 (ignored)

DEBUG   | ColorBuffer 63, 1x1, VK_FORMAT_R8G8B8A8_UNORM, Memory [size: 64, type: 0, props: 15 / 1]
VERBOSE | GL error while resizing: 0x506 (ignored)

VERBOSE | GL error while resizing: 0x506 (ignored)

DEBUG   | ColorBuffer 64, 1080x1920, VK_FORMAT_R8G8B8A8_UNORM, Memory [size: 8294400, type: 0, props: 15 / 1]
VERBOSE | GL error while resizing: 0x506 (ignored)

VERBOSE | GL error while resizing: 0x506 (ignored)

VERBOSE | GL error while resizing: 0x506 (ignored)

VERBOSE | GL error while resizing: 0x506 (ignored)

VERBOSE | GL error while resizing: 0x506 (ignored)

VERBOSE | GL error while resizing: 0x506 (ignored)

VERBOSE | GL error while resizing: 0x506 (ignored)

VERBOSE | GL error while resizing: 0x506 (ignored)

VERBOSE | GL error while resizing: 0x506 (ignored)

DEBUG   | ColorBuffer 65, 1080x1920, VK_FORMAT_R8G8B8A8_UNORM, Memory [size: 8294400, type: 0, props: 15 / 1]
VERBOSE | GL error while resizing: 0x506 (ignored)

DEBUG   | ColorBuffer 67, 1080x1920, VK_FORMAT_R8G8B8A8_UNORM, Memory [size: 8294400, type: 0, props: 15 / 1]
VERBOSE | GL error while resizing: 0x506 (ignored)

VERBOSE | GL error while resizing: 0x506 (ignored)

DEBUG   | ColorBuffer 68, 1080x1920, VK_FORMAT_R8G8B8A8_UNORM, Memory [size: 8294400, type: 0, props: 15 / 1]
VERBOSE | GL error while resizing: 0x506 (ignored)

DEBUG   | ColorBuffer 69, 1080x63, VK_FORMAT_R8G8B8A8_UNORM, Memory [size: 276480, type: 0, props: 15 / 1]
VERBOSE | GL error while resizing: 0x506 (ignored)

DEBUG   | ColorBuffer 71, 1080x63, VK_FORMAT_R8G8B8A8_UNORM, Memory [size: 276480, type: 0, props: 15 / 1]
DEBUG   | ColorBuffer 72, 1080x63, VK_FORMAT_R8G8B8A8_UNORM, Memory [size: 276480, type: 0, props: 15 / 1]
VERBOSE | GL error while resizing: 0x506 (ignored)

VERBOSE | GL error while resizing: 0x506 (ignored)

VERBOSE | GL error while resizing: 0x506 (ignored)

DEBUG   | ColorBuffer 73, 173x173, VK_FORMAT_R8G8B8A8_UNORM, Memory [size: 123904, type: 0, props: 15 / 1]
VERBOSE | GL error while resizing: 0x506 (ignored)

VERBOSE | GL error while resizing: 0x506 (ignored)

VERBOSE | GL error while resizing: 0x506 (ignored)

VERBOSE | GL error while resizing: 0x506 (ignored)

VERBOSE | Created RenderThread. Active RenderThreads: 13
DEBUG   | Started new RenderThread (total 13) @0xca93b9a00
DEBUG   | ColorBuffer 75, 173x173, VK_FORMAT_R8G8B8A8_UNORM, Memory [size: 123904, type: 0, props: 15 / 1]
VERBOSE | GL error while resizing: 0x506 (ignored)

DEBUG   | ColorBuffer 78, 1x1, VK_FORMAT_R8G8B8A8_UNORM, Memory [size: 64, type: 0, props: 15 / 1]
VERBOSE | GL error while resizing: 0x506 (ignored)

VERBOSE | GL error while resizing: 0x506 (ignored)

VERBOSE | GL error while resizing: 0x506 (ignored)

DEBUG   | ColorBuffer 81, 1x1, VK_FORMAT_R8G8B8A8_UNORM, Memory [size: 64, type: 0, props: 15 / 1]
VERBOSE | GL error while resizing: 0x506 (ignored)

VERBOSE | GL error while resizing: 0x506 (ignored)

VERBOSE | GL error while resizing: 0x506 (ignored)

VERBOSE | GL error while resizing: 0x506 (ignored)

VERBOSE | GL error while resizing: 0x506 (ignored)

VERBOSE | GL error while resizing: 0x506 (ignored)

VERBOSE | GL error while resizing: 0x506 (ignored)

VERBOSE | GL error while resizing: 0x506 (ignored)

DEBUG   | ColorBuffer 82, 173x173, VK_FORMAT_R8G8B8A8_UNORM, Memory [size: 123904, type: 0, props: 15 / 1]
DEBUG   | ColorBuffer 84, 173x173, VK_FORMAT_R8G8B8A8_UNORM, Memory [size: 123904, type: 0, props: 15 / 1]
VERBOSE | GL error while resizing: 0x506 (ignored)

VERBOSE | GL error while resizing: 0x506 (ignored)

VERBOSE | GL error while resizing: 0x506 (ignored)

VERBOSE | GL error while resizing: 0x506 (ignored)

VERBOSE | GL error while resizing: 0x506 (ignored)

VERBOSE | GL error while resizing: 0x506 (ignored)

VERBOSE | GL error while resizing: 0x506 (ignored)

VERBOSE | GL error while resizing: 0x506 (ignored)

VERBOSE | Created RenderThread. Active RenderThreads: 14
DEBUG   | Started new RenderThread (total 14) @0xca8839c00
VERBOSE | GL error while resizing: 0x506 (ignored)

VERBOSE | GL error while resizing: 0x506 (ignored)

VERBOSE | GL error while resizing: 0x506 (ignored)

VERBOSE | GL error while resizing: 0x506 (ignored)

VERBOSE | GL error while resizing: 0x506 (ignored)

VERBOSE | GL error while resizing: 0x506 (ignored)

VERBOSE | GL error while resizing: 0x506 (ignored)

VERBOSE | GL error while resizing: 0x506 (ignored)

VERBOSE | GL error while resizing: 0x506 (ignored)

VERBOSE | GL error while resizing: 0x506 (ignored)

VERBOSE | GL error while resizing: 0x506 (ignored)

VERBOSE | GL error while resizing: 0x506 (ignored)

VERBOSE | GL error while resizing: 0x506 (ignored)

VERBOSE | GL error while resizing: 0x506 (ignored)

VERBOSE | GL error while resizing: 0x506 (ignored)

VERBOSE | GL error while resizing: 0x506 (ignored)

VERBOSE | GL error while resizing: 0x506 (ignored)

VERBOSE | GL error while resizing: 0x506 (ignored)

VERBOSE | GL error while resizing: 0x506 (ignored)

VERBOSE | GL error while resizing: 0x506 (ignored)

VERBOSE | GL error while resizing: 0x506 (ignored)

VERBOSE | GL error while resizing: 0x506 (ignored)

DEBUG   | ColorBuffer 85, 173x173, VK_FORMAT_R8G8B8A8_UNORM, Memory [size: 123904, type: 0, props: 15 / 1]
DEBUG   | ColorBuffer 87, 173x173, VK_FORMAT_R8G8B8A8_UNORM, Memory [size: 123904, type: 0, props: 15 / 1]
VERBOSE | GL error while resizing: 0x506 (ignored)

VERBOSE | GL error while resizing: 0x506 (ignored)

VERBOSE | GL error while resizing: 0x506 (ignored)

VERBOSE | GL error while resizing: 0x506 (ignored)

DEBUG   | ColorBuffer 88, 173x173, VK_FORMAT_R8G8B8A8_UNORM, Memory [size: 123904, type: 0, props: 15 / 1]
VERBOSE | GL error while resizing: 0x506 (ignored)

DEBUG   | ColorBuffer 90, 173x173, VK_FORMAT_R8G8B8A8_UNORM, Memory [size: 123904, type: 0, props: 15 / 1]
VERBOSE | GL error while resizing: 0x506 (ignored)

VERBOSE | GL error while resizing: 0x506 (ignored)

DEBUG   | ColorBuffer 91, 173x173, VK_FORMAT_R8G8B8A8_UNORM, Memory [size: 123904, type: 0, props: 15 / 1]
DEBUG   | ColorBuffer 93, 173x173, VK_FORMAT_R8G8B8A8_UNORM, Memory [size: 123904, type: 0, props: 15 / 1]
VERBOSE | GL error while resizing: 0x506 (ignored)

VERBOSE | GL error while resizing: 0x506 (ignored)

VERBOSE | GL error while resizing: 0x506 (ignored)

VERBOSE | GL error while resizing: 0x506 (ignored)

VERBOSE | GL error while resizing: 0x506 (ignored)

DEBUG   | ColorBuffer 94, 173x173, VK_FORMAT_R8G8B8A8_UNORM, Memory [size: 123904, type: 0, props: 15 / 1]
VERBOSE | GL error while resizing: 0x506 (ignored)

VERBOSE | GL error while resizing: 0x506 (ignored)

DEBUG   | ColorBuffer 96, 173x173, VK_FORMAT_R8G8B8A8_UNORM, Memory [size: 123904, type: 0, props: 15 / 1]
DEBUG   | Registering pipe service multidisplay
DEBUG   | MultiDisplayPipe created 0xca8e04000
DEBUG   | MultiDisplayPipe recevied QUERY
DEBUG   | MultiDisplayPipe send add id 0 width 1080 height 1920 dpi 420 flag 0
VERBOSE | GL error while resizing: 0x506 (ignored)

VERBOSE | GL error while resizing: 0x506 (ignored)

VERBOSE | GL error while resizing: 0x506 (ignored)

DEBUG   | ColorBuffer 97, 173x173, VK_FORMAT_R8G8B8A8_UNORM, Memory [size: 123904, type: 0, props: 15 / 1]
DEBUG   | ColorBuffer 99, 173x173, VK_FORMAT_R8G8B8A8_UNORM, Memory [size: 123904, type: 0, props: 15 / 1]
VERBOSE | GL error while resizing: 0x506 (ignored)

VERBOSE | GL error while resizing: 0x506 (ignored)

VERBOSE | GL error while resizing: 0x506 (ignored)

VERBOSE | GL error while resizing: 0x506 (ignored)

VERBOSE | GL error while resizing: 0x506 (ignored)

VERBOSE | GL error while resizing: 0x506 (ignored)

VERBOSE | GL error while resizing: 0x506 (ignored)

VERBOSE | GL error while resizing: 0x506 (ignored)

DEBUG   | ColorBuffer 100, 173x173, VK_FORMAT_R8G8B8A8_UNORM, Memory [size: 123904, type: 0, props: 15 / 1]
DEBUG   | ColorBuffer 102, 173x173, VK_FORMAT_R8G8B8A8_UNORM, Memory [size: 123904, type: 0, props: 15 / 1]
VERBOSE | GL error while resizing: 0x506 (ignored)

VERBOSE | GL error while resizing: 0x506 (ignored)

VERBOSE | GL error while resizing: 0x506 (ignored)

VERBOSE | GL error while resizing: 0x506 (ignored)

VERBOSE | GL error while resizing: 0x506 (ignored)

VERBOSE | GL error while resizing: 0x506 (ignored)

VERBOSE | GL error while resizing: 0x506 (ignored)

VERBOSE | GL error while resizing: 0x506 (ignored)

VERBOSE | GL error while resizing: 0x506 (ignored)

VERBOSE | GL error while resizing: 0x506 (ignored)

VERBOSE | GL error while resizing: 0x506 (ignored)

VERBOSE | GL error while resizing: 0x506 (ignored)

VERBOSE | GL error while resizing: 0x506 (ignored)

VERBOSE | GL error while resizing: 0x506 (ignored)

VERBOSE | GL error while resizing: 0x506 (ignored)

VERBOSE | GL error while resizing: 0x506 (ignored)

VERBOSE | GL error while resizing: 0x506 (ignored)

VERBOSE | GL error while resizing: 0x506 (ignored)

VERBOSE | GL error while resizing: 0x506 (ignored)

VERBOSE | GL error while resizing: 0x506 (ignored)

DEBUG   | ColorBuffer 103, 1080x1920, VK_FORMAT_R8G8B8A8_UNORM, Memory [size: 8294400, type: 0, props: 15 / 1]
DEBUG   | ColorBuffer 105, 1080x1920, VK_FORMAT_R8G8B8A8_UNORM, Memory [size: 8294400, type: 0, props: 15 / 1]
DEBUG   | ColorBuffer 106, 1080x1920, VK_FORMAT_R8G8B8A8_UNORM, Memory [size: 8294400, type: 0, props: 15 / 1]
VERBOSE | GL error while resizing: 0x506 (ignored)

DEBUG   | ColorBuffer 107, 1080x1920, VK_FORMAT_R8G8B8A8_UNORM, Memory [size: 8294400, type: 0, props: 15 / 1]
VERBOSE | GL error while resizing: 0x506 (ignored)

DEBUG   | ColorBuffer 109, 1080x1920, VK_FORMAT_R8G8B8A8_UNORM, Memory [size: 8294400, type: 0, props: 15 / 1]
DEBUG   | ColorBuffer 110, 1080x1920, VK_FORMAT_R8G8B8A8_UNORM, Memory [size: 8294400, type: 0, props: 15 / 1]
VERBOSE | GL error while resizing: 0x506 (ignored)

VERBOSE | GL error while resizing: 0x506 (ignored)

VERBOSE | GL error while resizing: 0x506 (ignored)

VERBOSE | GL error while resizing: 0x506 (ignored)

VERBOSE | GL error while resizing: 0x506 (ignored)

VERBOSE | GL error while resizing: 0x506 (ignored)

DEBUG   | ColorBuffer 111, 173x173, VK_FORMAT_R8G8B8A8_UNORM, Memory [size: 123904, type: 0, props: 15 / 1]
DEBUG   | ColorBuffer 113, 173x173, VK_FORMAT_R8G8B8A8_UNORM, Memory [size: 123904, type: 0, props: 15 / 1]
VERBOSE | GL error while resizing: 0x506 (ignored)

VERBOSE | GL error while resizing: 0x506 (ignored)

VERBOSE | GL error while resizing: 0x506 (ignored)

VERBOSE | GL error while resizing: 0x506 (ignored)

VERBOSE | GL error while resizing: 0x506 (ignored)

VERBOSE | GL error while resizing: 0x506 (ignored)

VERBOSE | GL error while resizing: 0x506 (ignored)

VERBOSE | GL error while resizing: 0x506 (ignored)

VERBOSE | GL error while resizing: 0x506 (ignored)

VERBOSE | GL error while resizing: 0x506 (ignored)

VERBOSE | GL error while resizing: 0x506 (ignored)

VERBOSE | GL error while resizing: 0x506 (ignored)

VERBOSE | GL error while resizing: 0x506 (ignored)

DEBUG   | ColorBuffer 114, 173x173, VK_FORMAT_R8G8B8A8_UNORM, Memory [size: 123904, type: 0, props: 15 / 1]
VERBOSE | GL error while resizing: 0x506 (ignored)

VERBOSE | Created RenderThread. Active RenderThreads: 15
DEBUG   | Started new RenderThread (total 15) @0xca883a000
VERBOSE | GL error while resizing: 0x506 (ignored)

DEBUG   | ColorBuffer 117, 1x1, VK_FORMAT_R8G8B8A8_UNORM, Memory [size: 64, type: 0, props: 15 / 1]
VERBOSE | Created RenderThread. Active RenderThreads: 16
DEBUG   | Started new RenderThread (total 16) @0xca883be00
VERBOSE | Created RenderThread. Active RenderThreads: 17
DEBUG   | Started new RenderThread (total 17) @0xca883a800
VERBOSE | GL error while resizing: 0x506 (ignored)

VERBOSE | GL error while resizing: 0x506 (ignored)

DEBUG   | ColorBuffer 122, 1x1, VK_FORMAT_R8G8B8A8_UNORM, Memory [size: 64, type: 0, props: 15 / 1]
VERBOSE | GL error while resizing: 0x506 (ignored)

VERBOSE | GL error while resizing: 0x506 (ignored)

VERBOSE | GL error while resizing: 0x506 (ignored)

VERBOSE | GL error while resizing: 0x506 (ignored)

VERBOSE | GL error while resizing: 0x506 (ignored)

VERBOSE | GL error while resizing: 0x506 (ignored)

VERBOSE | GL error while resizing: 0x506 (ignored)

DEBUG   | ColorBuffer 123, 173x173, VK_FORMAT_R8G8B8A8_UNORM, Memory [size: 123904, type: 0, props: 15 / 1]
VERBOSE | GL error while resizing: 0x506 (ignored)

VERBOSE | GL error while resizing: 0x506 (ignored)

VERBOSE | GL error while resizing: 0x506 (ignored)

VERBOSE | GL error while resizing: 0x506 (ignored)

VERBOSE | GL error while resizing: 0x506 (ignored)

VERBOSE | GL error while resizing: 0x506 (ignored)

VERBOSE | GL error while resizing: 0x506 (ignored)

VERBOSE | GL error while resizing: 0x506 (ignored)

VERBOSE | GL error while resizing: 0x506 (ignored)

VERBOSE | GL error while resizing: 0x506 (ignored)

VERBOSE | GL error while resizing: 0x506 (ignored)

VERBOSE | GL error while resizing: 0x506 (ignored)

VERBOSE | GL error while resizing: 0x506 (ignored)

VERBOSE | GL error while resizing: 0x506 (ignored)

DEBUG   | ColorBuffer 124, 173x173, VK_FORMAT_R8G8B8A8_UNORM, Memory [size: 123904, type: 0, props: 15 / 1]
VERBOSE | GL error while resizing: 0x506 (ignored)

DEBUG   | ColorBuffer 126, 173x173, VK_FORMAT_R8G8B8A8_UNORM, Memory [size: 123904, type: 0, props: 15 / 1]
VERBOSE | GL error while resizing: 0x506 (ignored)

VERBOSE | GL error while resizing: 0x506 (ignored)

VERBOSE | GL error while resizing: 0x506 (ignored)

VERBOSE | GL error while resizing: 0x506 (ignored)

VERBOSE | GL error while resizing: 0x506 (ignored)

VERBOSE | GL error while resizing: 0x506 (ignored)

VERBOSE | GL error while resizing: 0x506 (ignored)

VERBOSE | GL error while resizing: 0x506 (ignored)

VERBOSE | GL error while resizing: 0x506 (ignored)

VERBOSE | GL error while resizing: 0x506 (ignored)

VERBOSE | GL error while resizing: 0x506 (ignored)

VERBOSE | GL error while resizing: 0x506 (ignored)

VERBOSE | GL error while resizing: 0x506 (ignored)

VERBOSE | GL error while resizing: 0x506 (ignored)

VERBOSE | Created RenderThread. Active RenderThreads: 18
DEBUG   | Started new RenderThread (total 18) @0xca93b9e00
DEBUG   | ColorBuffer 129, 2x2, VK_FORMAT_R8G8B8A8_UNORM, Memory [size: 64, type: 0, props: 15 / 1]
VERBOSE | GL error while resizing: 0x506 (ignored)

VERBOSE | GL error while resizing: 0x506 (ignored)

VERBOSE | GL error while resizing: 0x506 (ignored)

VERBOSE | GL error while resizing: 0x506 (ignored)

DEBUG   | ColorBuffer 130, 1080x63, VK_FORMAT_R8G8B8A8_UNORM, Memory [size: 276480, type: 0, props: 15 / 1]
DEBUG   | ColorBuffer 132, 1080x63, VK_FORMAT_R8G8B8A8_UNORM, Memory [size: 276480, type: 0, props: 15 / 1]
DEBUG   | ColorBuffer 133, 1080x63, VK_FORMAT_R8G8B8A8_UNORM, Memory [size: 276480, type: 0, props: 15 / 1]
VERBOSE | GL error while resizing: 0x506 (ignored)

VERBOSE | GL error while resizing: 0x506 (ignored)

VERBOSE | GL error while resizing: 0x506 (ignored)

VERBOSE | GL error while resizing: 0x506 (ignored)

VERBOSE | GL error while resizing: 0x506 (ignored)

VERBOSE | GL error while resizing: 0x506 (ignored)

VERBOSE | GL error while resizing: 0x506 (ignored)

VERBOSE | GL error while resizing: 0x506 (ignored)

VERBOSE | GL error while resizing: 0x506 (ignored)

VERBOSE | GL error while resizing: 0x506 (ignored)

VERBOSE | GL error while resizing: 0x506 (ignored)

VERBOSE | GL error while resizing: 0x506 (ignored)

VERBOSE | GL error while resizing: 0x506 (ignored)

VERBOSE | GL error while resizing: 0x506 (ignored)

DEBUG   | ColorBuffer 134, 173x173, VK_FORMAT_R8G8B8A8_UNORM, Memory [size: 123904, type: 0, props: 15 / 1]
DEBUG   | ColorBuffer 136, 173x173, VK_FORMAT_R8G8B8A8_UNORM, Memory [size: 123904, type: 0, props: 15 / 1]
VERBOSE | GL error while resizing: 0x506 (ignored)

VERBOSE | GL error while resizing: 0x506 (ignored)

VERBOSE | GL error while resizing: 0x506 (ignored)

DEBUG   | ColorBuffer 137, 173x173, VK_FORMAT_R8G8B8A8_UNORM, Memory [size: 123904, type: 0, props: 15 / 1]
DEBUG   | ColorBuffer 139, 173x173, VK_FORMAT_R8G8B8A8_UNORM, Memory [size: 123904, type: 0, props: 15 / 1]
VERBOSE | GL error while resizing: 0x506 (ignored)

VERBOSE | GL error while resizing: 0x506 (ignored)

VERBOSE | GL error while resizing: 0x506 (ignored)

VERBOSE | GL error while resizing: 0x506 (ignored)

DEBUG   | ColorBuffer 140, 173x173, VK_FORMAT_R8G8B8A8_UNORM, Memory [size: 123904, type: 0, props: 15 / 1]
DEBUG   | ColorBuffer 142, 173x173, VK_FORMAT_R8G8B8A8_UNORM, Memory [size: 123904, type: 0, props: 15 / 1]
VERBOSE | GL error while resizing: 0x506 (ignored)

VERBOSE | GL error while resizing: 0x506 (ignored)

DEBUG   | ColorBuffer 143, 173x173, VK_FORMAT_R8G8B8A8_UNORM, Memory [size: 123904, type: 0, props: 15 / 1]
DEBUG   | ColorBuffer 145, 173x173, VK_FORMAT_R8G8B8A8_UNORM, Memory [size: 123904, type: 0, props: 15 / 1]
DEBUG   | ColorBuffer 146, 173x173, VK_FORMAT_R8G8B8A8_UNORM, Memory [size: 123904, type: 0, props: 15 / 1]
VERBOSE | GL error while resizing: 0x506 (ignored)

DEBUG   | ColorBuffer 147, 173x173, VK_FORMAT_R8G8B8A8_UNORM, Memory [size: 123904, type: 0, props: 15 / 1]
DEBUG   | ColorBuffer 149, 173x173, VK_FORMAT_R8G8B8A8_UNORM, Memory [size: 123904, type: 0, props: 15 / 1]
DEBUG   | ColorBuffer 150, 173x173, VK_FORMAT_R8G8B8A8_UNORM, Memory [size: 123904, type: 0, props: 15 / 1]
DEBUG   | ColorBuffer 152, 173x173, VK_FORMAT_R8G8B8A8_UNORM, Memory [size: 123904, type: 0, props: 15 / 1]
DEBUG   | ColorBuffer 153, 173x173, VK_FORMAT_R8G8B8A8_UNORM, Memory [size: 123904, type: 0, props: 15 / 1]
VERBOSE | GL error while resizing: 0x506 (ignored)

VERBOSE | GL error while resizing: 0x506 (ignored)

VERBOSE | GL error while resizing: 0x506 (ignored)

VERBOSE | GL error while resizing: 0x506 (ignored)

VERBOSE | GL error while resizing: 0x506 (ignored)

VERBOSE | GL error while resizing: 0x506 (ignored)

VERBOSE | GL error while resizing: 0x506 (ignored)

VERBOSE | GL error while resizing: 0x506 (ignored)

VERBOSE | GL error while resizing: 0x506 (ignored)

VERBOSE | GL error while resizing: 0x506 (ignored)

VERBOSE | GL error while resizing: 0x506 (ignored)

VERBOSE | GL error while resizing: 0x506 (ignored)

VERBOSE | GL error while resizing: 0x506 (ignored)

VERBOSE | GL error while resizing: 0x506 (ignored)

VERBOSE | GL error while resizing: 0x506 (ignored)

VERBOSE | GL error while resizing: 0x506 (ignored)

VERBOSE | GL error while resizing: 0x506 (ignored)

VERBOSE | GL error while resizing: 0x506 (ignored)

VERBOSE | GL error while resizing: 0x506 (ignored)

VERBOSE | GL error while resizing: 0x506 (ignored)

VERBOSE | GL error while resizing: 0x506 (ignored)

VERBOSE | GL error while resizing: 0x506 (ignored)

VERBOSE | GL error while resizing: 0x506 (ignored)

VERBOSE | GL error while resizing: 0x506 (ignored)

VERBOSE | GL error while resizing: 0x506 (ignored)

VERBOSE | GL error while resizing: 0x506 (ignored)

VERBOSE | GL error while resizing: 0x506 (ignored)

VERBOSE | GL error while resizing: 0x506 (ignored)

VERBOSE | GL error while resizing: 0x506 (ignored)

VERBOSE | GL error while resizing: 0x506 (ignored)

VERBOSE | GL error while resizing: 0x506 (ignored)

VERBOSE | GL error while resizing: 0x506 (ignored)

VERBOSE | GL error while resizing: 0x506 (ignored)

VERBOSE | GL error while resizing: 0x506 (ignored)

VERBOSE | GL error while resizing: 0x506 (ignored)

VERBOSE | GL error while resizing: 0x506 (ignored)

DEBUG   | ColorBuffer 154, 173x173, VK_FORMAT_R8G8B8A8_UNORM, Memory [size: 123904, type: 0, props: 15 / 1]
DEBUG   | ColorBuffer 155, 173x173, VK_FORMAT_R8G8B8A8_UNORM, Memory [size: 123904, type: 0, props: 15 / 1]
VERBOSE | GL error while resizing: 0x506 (ignored)

DEBUG   | ColorBuffer 156, 173x173, VK_FORMAT_R8G8B8A8_UNORM, Memory [size: 123904, type: 0, props: 15 / 1]
DEBUG   | ColorBuffer 157, 173x173, VK_FORMAT_R8G8B8A8_UNORM, Memory [size: 123904, type: 0, props: 15 / 1]
VERBOSE | GL error while resizing: 0x506 (ignored)

VERBOSE | GL error while resizing: 0x506 (ignored)

VERBOSE | GL error while resizing: 0x506 (ignored)

VERBOSE | GL error while resizing: 0x506 (ignored)

VERBOSE | GL error while resizing: 0x506 (ignored)

VERBOSE | GL error while resizing: 0x506 (ignored)

VERBOSE | GL error while resizing: 0x506 (ignored)

VERBOSE | GL error while resizing: 0x506 (ignored)

VERBOSE | GL error while resizing: 0x506 (ignored)

VERBOSE | GL error while resizing: 0x506 (ignored)

VERBOSE | GL error while resizing: 0x506 (ignored)

VERBOSE | GL error while resizing: 0x506 (ignored)

VERBOSE | GL error while resizing: 0x506 (ignored)

VERBOSE | GL error while resizing: 0x506 (ignored)

VERBOSE | GL error while resizing: 0x506 (ignored)

VERBOSE | GL error while resizing: 0x506 (ignored)

VERBOSE | GL error while resizing: 0x506 (ignored)

VERBOSE | GL error while resizing: 0x506 (ignored)

VERBOSE | GL error while resizing: 0x506 (ignored)

VERBOSE | GL error while resizing: 0x506 (ignored)

VERBOSE | GL error while resizing: 0x506 (ignored)

VERBOSE | GL error while resizing: 0x506 (ignored)

VERBOSE | GL error while resizing: 0x506 (ignored)

VERBOSE | GL error while resizing: 0x506 (ignored)

VERBOSE | GL error while resizing: 0x506 (ignored)

DEBUG   | ColorBuffer 158, 173x173, VK_FORMAT_R8G8B8A8_UNORM, Memory [size: 123904, type: 0, props: 15 / 1]
VERBOSE | GL error while resizing: 0x506 (ignored)

VERBOSE | GL error while resizing: 0x506 (ignored)

DEBUG   | ColorBuffer 159, 173x173, VK_FORMAT_R8G8B8A8_UNORM, Memory [size: 123904, type: 0, props: 15 / 1]
VERBOSE | GL error while resizing: 0x506 (ignored)

VERBOSE | GL error while resizing: 0x506 (ignored)

VERBOSE | GL error while resizing: 0x506 (ignored)

VERBOSE | GL error while resizing: 0x506 (ignored)

VERBOSE | GL error while resizing: 0x506 (ignored)

VERBOSE | GL error while resizing: 0x506 (ignored)

VERBOSE | GL error while resizing: 0x506 (ignored)

VERBOSE | GL error while resizing: 0x506 (ignored)

VERBOSE | GL error while resizing: 0x506 (ignored)

VERBOSE | GL error while resizing: 0x506 (ignored)

VERBOSE | GL error while resizing: 0x506 (ignored)

VERBOSE | GL error while resizing: 0x506 (ignored)

VERBOSE | GL error while resizing: 0x506 (ignored)

VERBOSE | GL error while resizing: 0x506 (ignored)

VERBOSE | GL error while resizing: 0x506 (ignored)

VERBOSE | GL error while resizing: 0x506 (ignored)

VERBOSE | GL error while resizing: 0x506 (ignored)

VERBOSE | GL error while resizing: 0x506 (ignored)

VERBOSE | GL error while resizing: 0x506 (ignored)

VERBOSE | GL error while resizing: 0x506 (ignored)

DEBUG   | ColorBuffer 160, 173x173, VK_FORMAT_R8G8B8A8_UNORM, Memory [size: 123904, type: 0, props: 15 / 1]
DEBUG   | ColorBuffer 161, 173x173, VK_FORMAT_R8G8B8A8_UNORM, Memory [size: 123904, type: 0, props: 15 / 1]
VERBOSE | GL error while resizing: 0x506 (ignored)

DEBUG   | ColorBuffer 162, 173x173, VK_FORMAT_R8G8B8A8_UNORM, Memory [size: 123904, type: 0, props: 15 / 1]
DEBUG   | ColorBuffer 164, 173x173, VK_FORMAT_R8G8B8A8_UNORM, Memory [size: 123904, type: 0, props: 15 / 1]
DEBUG   | ColorBuffer 165, 173x173, VK_FORMAT_R8G8B8A8_UNORM, Memory [size: 123904, type: 0, props: 15 / 1]
DEBUG   | ColorBuffer 167, 173x173, VK_FORMAT_R8G8B8A8_UNORM, Memory [size: 123904, type: 0, props: 15 / 1]
DEBUG   | ColorBuffer 168, 173x173, VK_FORMAT_R8G8B8A8_UNORM, Memory [size: 123904, type: 0, props: 15 / 1]
DEBUG   | ColorBuffer 170, 173x173, VK_FORMAT_R8G8B8A8_UNORM, Memory [size: 123904, type: 0, props: 15 / 1]
VERBOSE | GL error while resizing: 0x506 (ignored)

VERBOSE | GL error while resizing: 0x506 (ignored)

DEBUG   | ColorBuffer 171, 173x173, VK_FORMAT_R8G8B8A8_UNORM, Memory [size: 123904, type: 0, props: 15 / 1]
DEBUG   | ColorBuffer 173, 173x173, VK_FORMAT_R8G8B8A8_UNORM, Memory [size: 123904, type: 0, props: 15 / 1]
VERBOSE | GL error while resizing: 0x506 (ignored)

DEBUG   | ColorBuffer 174, 173x173, VK_FORMAT_R8G8B8A8_UNORM, Memory [size: 123904, type: 0, props: 15 / 1]
DEBUG   | ColorBuffer 176, 173x173, VK_FORMAT_R8G8B8A8_UNORM, Memory [size: 123904, type: 0, props: 15 / 1]
DEBUG   | ColorBuffer 177, 173x173, VK_FORMAT_R8G8B8A8_UNORM, Memory [size: 123904, type: 0, props: 15 / 1]
DEBUG   | ColorBuffer 179, 173x173, VK_FORMAT_R8G8B8A8_UNORM, Memory [size: 123904, type: 0, props: 15 / 1]
VERBOSE | GL error while resizing: 0x506 (ignored)

DEBUG   | ColorBuffer 180, 173x173, VK_FORMAT_R8G8B8A8_UNORM, Memory [size: 123904, type: 0, props: 15 / 1]
DEBUG   | ColorBuffer 182, 173x173, VK_FORMAT_R8G8B8A8_UNORM, Memory [size: 123904, type: 0, props: 15 / 1]
VERBOSE | GL error while resizing: 0x506 (ignored)

VERBOSE | GL error while resizing: 0x506 (ignored)

VERBOSE | GL error while resizing: 0x506 (ignored)

VERBOSE | GL error while resizing: 0x506 (ignored)

VERBOSE | GL error while resizing: 0x506 (ignored)

VERBOSE | GL error while resizing: 0x506 (ignored)

VERBOSE | GL error while resizing: 0x506 (ignored)

VERBOSE | GL error while resizing: 0x506 (ignored)

VERBOSE | GL error while resizing: 0x506 (ignored)

VERBOSE | GL error while resizing: 0x506 (ignored)

VERBOSE | GL error while resizing: 0x506 (ignored)

VERBOSE | GL error while resizing: 0x506 (ignored)

VERBOSE | GL error while resizing: 0x506 (ignored)

VERBOSE | GL error while resizing: 0x506 (ignored)

VERBOSE | GL error while resizing: 0x506 (ignored)

VERBOSE | GL error while resizing: 0x506 (ignored)

VERBOSE | GL error while resizing: 0x506 (ignored)

VERBOSE | GL error while resizing: 0x506 (ignored)

VERBOSE | GL error while resizing: 0x506 (ignored)

VERBOSE | GL error while resizing: 0x506 (ignored)

VERBOSE | GL error while resizing: 0x506 (ignored)

VERBOSE | GL error while resizing: 0x506 (ignored)

VERBOSE | GL error while resizing: 0x506 (ignored)

VERBOSE | GL error while resizing: 0x506 (ignored)

VERBOSE | GL error while resizing: 0x506 (ignored)

VERBOSE | GL error while resizing: 0x506 (ignored)

VERBOSE | GL error while resizing: 0x506 (ignored)

VERBOSE | GL error while resizing: 0x506 (ignored)

VERBOSE | GL error while resizing: 0x506 (ignored)

VERBOSE | GL error while resizing: 0x506 (ignored)

VERBOSE | GL error while resizing: 0x506 (ignored)

VERBOSE | GL error while resizing: 0x506 (ignored)

VERBOSE | GL error while resizing: 0x506 (ignored)

VERBOSE | GL error while resizing: 0x506 (ignored)

VERBOSE | GL error while resizing: 0x506 (ignored)

VERBOSE | GL error while resizing: 0x506 (ignored)

VERBOSE | GL error while resizing: 0x506 (ignored)

VERBOSE | GL error while resizing: 0x506 (ignored)

VERBOSE | GL error while resizing: 0x506 (ignored)

VERBOSE | GL error while resizing: 0x506 (ignored)

VERBOSE | GL error while resizing: 0x506 (ignored)

VERBOSE | GL error while resizing: 0x506 (ignored)

VERBOSE | GL error while resizing: 0x506 (ignored)

VERBOSE | GL error while resizing: 0x506 (ignored)

VERBOSE | GL error while resizing: 0x506 (ignored)

DEBUG   | ColorBuffer 183, 173x173, VK_FORMAT_R8G8B8A8_UNORM, Memory [size: 123904, type: 0, props: 15 / 1]
DEBUG   | ColorBuffer 185, 173x173, VK_FORMAT_R8G8B8A8_UNORM, Memory [size: 123904, type: 0, props: 15 / 1]
VERBOSE | GL error while resizing: 0x506 (ignored)

VERBOSE | Created RenderThread. Active RenderThreads: 19
DEBUG   | Started new RenderThread (total 19) @0xca8839800
DEBUG   | ColorBuffer 188, 2x2, VK_FORMAT_R8G8B8A8_UNORM, Memory [size: 64, type: 0, props: 15 / 1]
VERBOSE | Created RenderThread. Active RenderThreads: 20
DEBUG   | Started new RenderThread (total 20) @0xca8838400
DEBUG   | ColorBuffer 191, 2x2, VK_FORMAT_R8G8B8A8_UNORM, Memory [size: 64, type: 0, props: 15 / 1]
VERBOSE | GL error while resizing: 0x506 (ignored)

VERBOSE | GL error while resizing: 0x506 (ignored)

VERBOSE | Created RenderThread. Active RenderThreads: 21
DEBUG   | Started new RenderThread (total 21) @0xca883b200
DEBUG   | ColorBuffer 194, 2x2, VK_FORMAT_R8G8B8A8_UNORM, Memory [size: 64, type: 0, props: 15 / 1]
VERBOSE | Created RenderThread. Active RenderThreads: 22
DEBUG   | Started new RenderThread (total 22) @0xca8839400
DEBUG   | ColorBuffer 197, 2x2, VK_FORMAT_R8G8B8A8_UNORM, Memory [size: 64, type: 0, props: 15 / 1]
VERBOSE | GL error while resizing: 0x506 (ignored)

VERBOSE | GL error while resizing: 0x506 (ignored)

VERBOSE | GL error while resizing: 0x506 (ignored)

VERBOSE | GL error while resizing: 0x506 (ignored)

VERBOSE | GL error while resizing: 0x506 (ignored)

VERBOSE | GL error while resizing: 0x506 (ignored)

VERBOSE | GL error while resizing: 0x506 (ignored)

VERBOSE | GL error while resizing: 0x506 (ignored)

VERBOSE | GL error while resizing: 0x506 (ignored)

VERBOSE | GL error while resizing: 0x506 (ignored)

VERBOSE | GL error while resizing: 0x506 (ignored)

VERBOSE | GL error while resizing: 0x506 (ignored)

VERBOSE | GL error while resizing: 0x506 (ignored)

VERBOSE | GL error while resizing: 0x506 (ignored)

VERBOSE | GL error while resizing: 0x506 (ignored)

VERBOSE | GL error while resizing: 0x506 (ignored)

VERBOSE | GL error while resizing: 0x506 (ignored)

VERBOSE | GL error while resizing: 0x506 (ignored)

VERBOSE | GL error while resizing: 0x506 (ignored)

VERBOSE | GL error while resizing: 0x506 (ignored)

VERBOSE | GL error while resizing: 0x506 (ignored)

VERBOSE | GL error while resizing: 0x506 (ignored)

VERBOSE | GL error while resizing: 0x506 (ignored)

VERBOSE | GL error while resizing: 0x506 (ignored)

VERBOSE | GL error while resizing: 0x506 (ignored)

VERBOSE | GL error while resizing: 0x506 (ignored)

VERBOSE | GL error while resizing: 0x506 (ignored)

VERBOSE | GL error while resizing: 0x506 (ignored)

VERBOSE | GL error while resizing: 0x506 (ignored)

VERBOSE | GL error while resizing: 0x506 (ignored)

VERBOSE | GL error while resizing: 0x506 (ignored)

VERBOSE | GL error while resizing: 0x506 (ignored)

VERBOSE | GL error while resizing: 0x506 (ignored)

VERBOSE | GL error while resizing: 0x506 (ignored)

VERBOSE | GL error while resizing: 0x506 (ignored)

VERBOSE | GL error while resizing: 0x506 (ignored)

VERBOSE | GL error while resizing: 0x506 (ignored)

VERBOSE | GL error while resizing: 0x506 (ignored)

VERBOSE | GL error while resizing: 0x506 (ignored)

VERBOSE | GL error while resizing: 0x506 (ignored)

VERBOSE | GL error while resizing: 0x506 (ignored)

VERBOSE | GL error while resizing: 0x506 (ignored)

VERBOSE | GL error while resizing: 0x506 (ignored)

VERBOSE | GL error while resizing: 0x506 (ignored)

VERBOSE | GL error while resizing: 0x506 (ignored)

VERBOSE | GL error while resizing: 0x506 (ignored)

VERBOSE | GL error while resizing: 0x506 (ignored)

VERBOSE | GL error while resizing: 0x506 (ignored)

VERBOSE | GL error while resizing: 0x506 (ignored)

VERBOSE | GL error while resizing: 0x506 (ignored)

VERBOSE | GL error while resizing: 0x506 (ignored)

VERBOSE | GL error while resizing: 0x506 (ignored)

VERBOSE | GL error while resizing: 0x506 (ignored)

VERBOSE | GL error while resizing: 0x506 (ignored)

VERBOSE | GL error while resizing: 0x506 (ignored)

VERBOSE | GL error while resizing: 0x506 (ignored)

VERBOSE | GL error while resizing: 0x506 (ignored)

VERBOSE | GL error while resizing: 0x506 (ignored)

VERBOSE | GL error while resizing: 0x506 (ignored)

VERBOSE | GL error while resizing: 0x506 (ignored)

VERBOSE | GL error while resizing: 0x506 (ignored)

VERBOSE | GL error while resizing: 0x506 (ignored)

VERBOSE | GL error while resizing: 0x506 (ignored)

VERBOSE | GL error while resizing: 0x506 (ignored)

VERBOSE | GL error while resizing: 0x506 (ignored)

VERBOSE | GL error while resizing: 0x506 (ignored)

VERBOSE | GL error while resizing: 0x506 (ignored)

VERBOSE | GL error while resizing: 0x506 (ignored)

VERBOSE | GL error while resizing: 0x506 (ignored)

VERBOSE | GL error while resizing: 0x506 (ignored)

VERBOSE | GL error while resizing: 0x506 (ignored)

VERBOSE | GL error while resizing: 0x506 (ignored)

VERBOSE | GL error while resizing: 0x506 (ignored)

VERBOSE | GL error while resizing: 0x506 (ignored)

VERBOSE | GL error while resizing: 0x506 (ignored)

VERBOSE | GL error while resizing: 0x506 (ignored)

VERBOSE | GL error while resizing: 0x506 (ignored)

VERBOSE | GL error while resizing: 0x506 (ignored)

VERBOSE | GL error while resizing: 0x506 (ignored)

VERBOSE | Created RenderThread. Active RenderThreads: 23
DEBUG   | Started new RenderThread (total 23) @0xca883a400
VERBOSE | GL error while resizing: 0x506 (ignored)

DEBUG   | ColorBuffer 200, 32x32, VK_FORMAT_R8G8B8A8_UNORM, Memory [size: 4096, type: 0, props: 15 / 1]
VERBOSE | GL error while resizing: 0x506 (ignored)

VERBOSE | GL error while resizing: 0x506 (ignored)

VERBOSE | GL error while resizing: 0x506 (ignored)

VERBOSE | Created RenderThread. Active RenderThreads: 24
DEBUG   | Started new RenderThread (total 24) @0xca93ba200
DEBUG   | ColorBuffer 203, 32x32, VK_FORMAT_R8G8B8A8_UNORM, Memory [size: 4096, type: 0, props: 15 / 1]
VERBOSE | GL error while resizing: 0x506 (ignored)

VERBOSE | GL error while resizing: 0x506 (ignored)

VERBOSE | GL error while resizing: 0x506 (ignored)

VERBOSE | GL error while resizing: 0x506 (ignored)

VERBOSE | GL error while resizing: 0x506 (ignored)

VERBOSE | GL error while resizing: 0x506 (ignored)

VERBOSE | GL error while resizing: 0x506 (ignored)

VERBOSE | GL error while resizing: 0x506 (ignored)

VERBOSE | GL error while resizing: 0x506 (ignored)

VERBOSE | GL error while resizing: 0x506 (ignored)

VERBOSE | GL error while resizing: 0x506 (ignored)

VERBOSE | GL error while resizing: 0x506 (ignored)

VERBOSE | GL error while resizing: 0x506 (ignored)

VERBOSE | GL error while resizing: 0x506 (ignored)

VERBOSE | GL error while resizing: 0x506 (ignored)

VERBOSE | GL error while resizing: 0x506 (ignored)

VERBOSE | GL error while resizing: 0x506 (ignored)

VERBOSE | GL error while resizing: 0x506 (ignored)

VERBOSE | GL error while resizing: 0x506 (ignored)

VERBOSE | GL error while resizing: 0x506 (ignored)

VERBOSE | GL error while resizing: 0x506 (ignored)

VERBOSE | GL error while resizing: 0x506 (ignored)

VERBOSE | GL error while resizing: 0x506 (ignored)

VERBOSE | GL error while resizing: 0x506 (ignored)

VERBOSE | GL error while resizing: 0x506 (ignored)

VERBOSE | GL error while resizing: 0x506 (ignored)

VERBOSE | GL error while resizing: 0x506 (ignored)

VERBOSE | GL error while resizing: 0x506 (ignored)

VERBOSE | GL error while resizing: 0x506 (ignored)

VERBOSE | GL error while resizing: 0x506 (ignored)

VERBOSE | GL error while resizing: 0x506 (ignored)

VERBOSE | GL error while resizing: 0x506 (ignored)

VERBOSE | GL error while resizing: 0x506 (ignored)

VERBOSE | Created RenderThread. Active RenderThreads: 25
DEBUG   | Started new RenderThread (total 25) @0xca93b8000
DEBUG   | ColorBuffer 206, 32x32, VK_FORMAT_R8G8B8A8_UNORM, Memory [size: 4096, type: 0, props: 15 / 1]
VERBOSE | GL error while resizing: 0x506 (ignored)

VERBOSE | GL error while resizing: 0x506 (ignored)

VERBOSE | GL error while resizing: 0x506 (ignored)

VERBOSE | GL error while resizing: 0x506 (ignored)

VERBOSE | GL error while resizing: 0x506 (ignored)

VERBOSE | GL error while resizing: 0x506 (ignored)

VERBOSE | GL error while resizing: 0x506 (ignored)

VERBOSE | GL error while resizing: 0x506 (ignored)

VERBOSE | GL error while resizing: 0x506 (ignored)

VERBOSE | GL error while resizing: 0x506 (ignored)

VERBOSE | GL error while resizing: 0x506 (ignored)

VERBOSE | GL error while resizing: 0x506 (ignored)

VERBOSE | GL error while resizing: 0x506 (ignored)

VERBOSE | GL error while resizing: 0x506 (ignored)

VERBOSE | GL error while resizing: 0x506 (ignored)

VERBOSE | GL error while resizing: 0x506 (ignored)

VERBOSE | GL error while resizing: 0x506 (ignored)

VERBOSE | GL error while resizing: 0x506 (ignored)

VERBOSE | GL error while resizing: 0x506 (ignored)

VERBOSE | GL error while resizing: 0x506 (ignored)

VERBOSE | GL error while resizing: 0x506 (ignored)

VERBOSE | GL error while resizing: 0x506 (ignored)

DEBUG   | ColorBuffer 207, 173x173, VK_FORMAT_R8G8B8A8_UNORM, Memory [size: 123904, type: 0, props: 15 / 1]
DEBUG   | ColorBuffer 208, 173x173, VK_FORMAT_R8G8B8A8_UNORM, Memory [size: 123904, type: 0, props: 15 / 1]
VERBOSE | GL error while resizing: 0x506 (ignored)

VERBOSE | GL error while resizing: 0x506 (ignored)

DEBUG   | ColorBuffer 209, 173x173, VK_FORMAT_R8G8B8A8_UNORM, Memory [size: 123904, type: 0, props: 15 / 1]
VERBOSE | GL error while resizing: 0x506 (ignored)

VERBOSE | GL error while resizing: 0x506 (ignored)

VERBOSE | GL error while resizing: 0x506 (ignored)

VERBOSE | GL error while resizing: 0x506 (ignored)

DEBUG   | ColorBuffer 210, 173x173, VK_FORMAT_R8G8B8A8_UNORM, Memory [size: 123904, type: 0, props: 15 / 1]
VERBOSE | GL error while resizing: 0x506 (ignored)

VERBOSE | GL error while resizing: 0x506 (ignored)

DEBUG   | ColorBuffer 211, 173x173, VK_FORMAT_R8G8B8A8_UNORM, Memory [size: 123904, type: 0, props: 15 / 1]
DEBUG   | ColorBuffer 212, 173x173, VK_FORMAT_R8G8B8A8_UNORM, Memory [size: 123904, type: 0, props: 15 / 1]
VERBOSE | GL error while resizing: 0x506 (ignored)

VERBOSE | GL error while resizing: 0x506 (ignored)

DEBUG   | ColorBuffer 213, 173x173, VK_FORMAT_R8G8B8A8_UNORM, Memory [size: 123904, type: 0, props: 15 / 1]
VERBOSE | GL error while resizing: 0x506 (ignored)

DEBUG   | ColorBuffer 214, 173x173, VK_FORMAT_R8G8B8A8_UNORM, Memory [size: 123904, type: 0, props: 15 / 1]
VERBOSE | GL error while resizing: 0x506 (ignored)

VERBOSE | GL error while resizing: 0x506 (ignored)

VERBOSE | GL error while resizing: 0x506 (ignored)

VERBOSE | GL error while resizing: 0x506 (ignored)

DEBUG   | ColorBuffer 215, 173x173, VK_FORMAT_R8G8B8A8_UNORM, Memory [size: 123904, type: 0, props: 15 / 1]
DEBUG   | ColorBuffer 216, 173x173, VK_FORMAT_R8G8B8A8_UNORM, Memory [size: 123904, type: 0, props: 15 / 1]
VERBOSE | GL error while resizing: 0x506 (ignored)

VERBOSE | GL error while resizing: 0x506 (ignored)

DEBUG   | Waiting for exit signal RenderThread @0xca93b9e00
DEBUG   | Waiting for exit signal RenderThread @0xca8838400
DEBUG   | Waiting for exit signal RenderThread @0xca8839400
DEBUG   | Waiting for exit signal RenderThread @0xca93b9a00
DEBUG   | Waiting for exit signal RenderThread @0xca883b200
DEBUG   | Waiting for exit signal RenderThread @0xca8839800
VERBOSE | GL error while resizing: 0x506 (ignored)

VERBOSE | GL error while resizing: 0x506 (ignored)

DEBUG   | ColorBuffer 217, 1080x1920, VK_FORMAT_R8G8B8A8_UNORM, Memory [size: 8294400, type: 0, props: 15 / 1]
DEBUG   | ColorBuffer 219, 1080x1920, VK_FORMAT_R8G8B8A8_UNORM, Memory [size: 8294400, type: 0, props: 15 / 1]
DEBUG   | ColorBuffer 220, 1080x1920, VK_FORMAT_R8G8B8A8_UNORM, Memory [size: 8294400, type: 0, props: 15 / 1]
VERBOSE | GL error while resizing: 0x506 (ignored)

VERBOSE | GL error while resizing: 0x506 (ignored)

VERBOSE | GL error while resizing: 0x506 (ignored)

VERBOSE | GL error while resizing: 0x506 (ignored)

VERBOSE | GL error while resizing: 0x506 (ignored)

VERBOSE | GL error while resizing: 0x506 (ignored)

VERBOSE | GL error while resizing: 0x506 (ignored)

VERBOSE | GL error while resizing: 0x506 (ignored)

VERBOSE | GL error while resizing: 0x506 (ignored)

VERBOSE | Created RenderThread. Active RenderThreads: 26
DEBUG   | Exited a RenderThread @0xca93b9a00
VERBOSE | Destroyed RenderThread. Active RenderThreads: 25
DEBUG   | Exited a RenderThread @0xca93b9e00
VERBOSE | Destroyed RenderThread. Active RenderThreads: 24
DEBUG   | Exited a RenderThread @0xca8839800
VERBOSE | Destroyed RenderThread. Active RenderThreads: 23
DEBUG   | Exited a RenderThread @0xca8839400
VERBOSE | Destroyed RenderThread. Active RenderThreads: 22
DEBUG   | Exited a RenderThread @0xca883b200
VERBOSE | Destroyed RenderThread. Active RenderThreads: 21
DEBUG   | Exited a RenderThread @0xca8838400
VERBOSE | Destroyed RenderThread. Active RenderThreads: 20
DEBUG   | Started new RenderThread (total 20) @0xca93bbc00
DEBUG   | ColorBuffer 223, 1x1, VK_FORMAT_R8G8B8A8_UNORM, Memory [size: 64, type: 0, props: 15 / 1]
VERBOSE | GL error while resizing: 0x506 (ignored)

VERBOSE | GL error while resizing: 0x506 (ignored)

VERBOSE | GL error while resizing: 0x506 (ignored)

VERBOSE | GL error while resizing: 0x506 (ignored)

VERBOSE | GL error while resizing: 0x506 (ignored)

VERBOSE | Created RenderThread. Active RenderThreads: 21
DEBUG   | Started new RenderThread (total 21) @0xca93b9e00
VERBOSE | GL error while resizing: 0x506 (ignored)

VERBOSE | GL error while resizing: 0x506 (ignored)

DEBUG   | ColorBuffer 224, 1080x1920, VK_FORMAT_R8G8B8A8_UNORM, Memory [size: 8294400, type: 0, props: 15 / 1]
VERBOSE | GL error while resizing: 0x506 (ignored)

VERBOSE | Created RenderThread. Active RenderThreads: 22
DEBUG   | Started new RenderThread (total 22) @0xca93b9c00
VERBOSE | GL error while resizing: 0x506 (ignored)

VERBOSE | Not enabling VVL for wgpu wgpu-hal
INFO         | Created VkInstance:0xca871d800 for application:'wgpu' engine:'wgpu-hal'.
DEBUG   | Registering VkInstance 0xca871d800 name dev.spinon.bootstrap, total is 1
VERBOSE | GL error while resizing: 0x506 (ignored)

VERBOSE | GL error while resizing: 0x506 (ignored)

INFO         | Created VkDevice:0xcaaf0a000 for application:'wgpu' instance:0xca871d800. ASTC emulation:on CPU decoding:off. Protected memory:off
VERBOSE | GL error while resizing: 0x506 (ignored)

DEBUG   | ColorBuffer 226, 1080x1920, VK_FORMAT_R8G8B8A8_UNORM, Memory [size: 8294400, type: 0, props: 15 / 1]
VERBOSE | GL error while resizing: 0x506 (ignored)

DEBUG   | Create a new command buffer for queue transfer for a total of 1 transfer command buffers
DEBUG   | ColorBuffer 227, 1080x1920, VK_FORMAT_R8G8B8A8_UNORM, Memory [size: 8294400, type: 0, props: 15 / 1]
DEBUG   | ColorBuffer 228, 1080x1920, VK_FORMAT_R8G8B8A8_UNORM, Memory [size: 8294400, type: 0, props: 15 / 1]
VERBOSE | GL error while resizing: 0x506 (ignored)

VERBOSE | GL error while resizing: 0x506 (ignored)

DEBUG   | ColorBuffer 229, 1080x1920, VK_FORMAT_R8G8B8A8_UNORM, Memory [size: 8294400, type: 0, props: 15 / 1]
VERBOSE | GL error while resizing: 0x506 (ignored)

VERBOSE | GL error while resizing: 0x506 (ignored)

VERBOSE | GL error while resizing: 0x506 (ignored)

VERBOSE | GL error while resizing: 0x506 (ignored)

VERBOSE | GL error while resizing: 0x506 (ignored)

VERBOSE | GL error while resizing: 0x506 (ignored)

VERBOSE | GL error while resizing: 0x506 (ignored)

VERBOSE | GL error while resizing: 0x506 (ignored)

VERBOSE | GL error while resizing: 0x506 (ignored)

VERBOSE | GL error while resizing: 0x506 (ignored)

VERBOSE | GL error while resizing: 0x506 (ignored)

VERBOSE | GL error while resizing: 0x506 (ignored)

VERBOSE | GL error while resizing: 0x506 (ignored)

VERBOSE | GL error while resizing: 0x506 (ignored)

VERBOSE | GL error while resizing: 0x506 (ignored)

VERBOSE | GL error while resizing: 0x506 (ignored)

VERBOSE | GL error while resizing: 0x506 (ignored)

VERBOSE | GL error while resizing: 0x506 (ignored)

VERBOSE | GL error while resizing: 0x506 (ignored)

VERBOSE | GL error while resizing: 0x506 (ignored)

VERBOSE | GL error while resizing: 0x506 (ignored)

VERBOSE | GL error while resizing: 0x506 (ignored)

VERBOSE | GL error while resizing: 0x506 (ignored)

VERBOSE | GL error while resizing: 0x506 (ignored)

VERBOSE | GL error while resizing: 0x506 (ignored)

VERBOSE | GL error while resizing: 0x506 (ignored)

VERBOSE | GL error while resizing: 0x506 (ignored)

VERBOSE | GL error while resizing: 0x506 (ignored)

VERBOSE | GL error while resizing: 0x506 (ignored)

VERBOSE | GL error while resizing: 0x506 (ignored)

VERBOSE | GL error while resizing: 0x506 (ignored)

VERBOSE | GL error while resizing: 0x506 (ignored)

VERBOSE | GL error while resizing: 0x506 (ignored)

VERBOSE | GL error while resizing: 0x506 (ignored)

VERBOSE | GL error while resizing: 0x506 (ignored)

VERBOSE | GL error while resizing: 0x506 (ignored)

VERBOSE | GL error while resizing: 0x506 (ignored)

VERBOSE | GL error while resizing: 0x506 (ignored)

VERBOSE | GL error while resizing: 0x506 (ignored)

VERBOSE | GL error while resizing: 0x506 (ignored)

VERBOSE | GL error while resizing: 0x506 (ignored)

VERBOSE | GL error while resizing: 0x506 (ignored)

VERBOSE | GL error while resizing: 0x506 (ignored)

DEBUG   | Waiting for exit signal RenderThread @0xca883a800
VERBOSE | GL error while resizing: 0x506 (ignored)

DEBUG   | ColorBuffer 230, 1080x1920, VK_FORMAT_R8G8B8A8_UNORM, Memory [size: 8294400, type: 0, props: 15 / 1]
VERBOSE | GL error while resizing: 0x506 (ignored)

VERBOSE | GL error while resizing: 0x506 (ignored)

VERBOSE | GL error while resizing: 0x506 (ignored)

VERBOSE | GL error while resizing: 0x506 (ignored)

VERBOSE | GL error while resizing: 0x506 (ignored)

VERBOSE | GL error while resizing: 0x506 (ignored)

VERBOSE | GL error while resizing: 0x506 (ignored)

VERBOSE | GL error while resizing: 0x506 (ignored)

VERBOSE | GL error while resizing: 0x506 (ignored)

VERBOSE | GL error while resizing: 0x506 (ignored)

VERBOSE | GL error while resizing: 0x506 (ignored)

VERBOSE | GL error while resizing: 0x506 (ignored)

VERBOSE | GL error while resizing: 0x506 (ignored)

VERBOSE | GL error while resizing: 0x506 (ignored)

VERBOSE | GL error while resizing: 0x506 (ignored)

VERBOSE | GL error while resizing: 0x506 (ignored)

VERBOSE | GL error while resizing: 0x506 (ignored)

VERBOSE | GL error while resizing: 0x506 (ignored)

VERBOSE | GL error while resizing: 0x506 (ignored)

VERBOSE | GL error while resizing: 0x506 (ignored)

VERBOSE | GL error while resizing: 0x506 (ignored)

VERBOSE | GL error while resizing: 0x506 (ignored)

VERBOSE | GL error while resizing: 0x506 (ignored)

VERBOSE | GL error while resizing: 0x506 (ignored)

VERBOSE | GL error while resizing: 0x506 (ignored)

VERBOSE | GL error while resizing: 0x506 (ignored)

VERBOSE | GL error while resizing: 0x506 (ignored)

VERBOSE | GL error while resizing: 0x506 (ignored)

VERBOSE | GL error while resizing: 0x506 (ignored)

VERBOSE | GL error while resizing: 0x506 (ignored)

VERBOSE | GL error while resizing: 0x506 (ignored)

VERBOSE | GL error while resizing: 0x506 (ignored)

VERBOSE | GL error while resizing: 0x506 (ignored)

VERBOSE | GL error while resizing: 0x506 (ignored)

VERBOSE | GL error while resizing: 0x506 (ignored)

VERBOSE | GL error while resizing: 0x506 (ignored)

VERBOSE | GL error while resizing: 0x506 (ignored)

VERBOSE | GL error while resizing: 0x506 (ignored)

VERBOSE | GL error while resizing: 0x506 (ignored)

VERBOSE | GL error while resizing: 0x506 (ignored)

VERBOSE | GL error while resizing: 0x506 (ignored)

VERBOSE | GL error while resizing: 0x506 (ignored)

VERBOSE | GL error while resizing: 0x506 (ignored)

VERBOSE | GL error while resizing: 0x506 (ignored)

VERBOSE | GL error while resizing: 0x506 (ignored)

VERBOSE | GL error while resizing: 0x506 (ignored)

VERBOSE | GL error while resizing: 0x506 (ignored)

VERBOSE | GL error while resizing: 0x506 (ignored)

VERBOSE | GL error while resizing: 0x506 (ignored)

VERBOSE | GL error while resizing: 0x506 (ignored)

VERBOSE | GL error while resizing: 0x506 (ignored)

VERBOSE | GL error while resizing: 0x506 (ignored)

VERBOSE | GL error while resizing: 0x506 (ignored)

VERBOSE | GL error while resizing: 0x506 (ignored)

VERBOSE | GL error while resizing: 0x506 (ignored)

VERBOSE | GL error while resizing: 0x506 (ignored)

VERBOSE | GL error while resizing: 0x506 (ignored)

VERBOSE | GL error while resizing: 0x506 (ignored)

VERBOSE | GL error while resizing: 0x506 (ignored)

VERBOSE | GL error while resizing: 0x506 (ignored)

VERBOSE | GL error while resizing: 0x506 (ignored)

VERBOSE | GL error while resizing: 0x506 (ignored)

VERBOSE | GL error while resizing: 0x506 (ignored)

DEBUG   | ColorBuffer 231, 1080x1920, VK_FORMAT_R8G8B8A8_UNORM, Memory [size: 8294400, type: 0, props: 15 / 1]
VERBOSE | Created RenderThread. Active RenderThreads: 23
DEBUG   | Exited a RenderThread @0xca883a800
VERBOSE | Destroyed RenderThread. Active RenderThreads: 22
DEBUG   | Started new RenderThread (total 22) @0xca883a600
DEBUG   | Waiting for exit signal RenderThread @0xca883a600
VERBOSE | GL error while resizing: 0x506 (ignored)

VERBOSE | GL error while resizing: 0x506 (ignored)

VERBOSE | GL error while resizing: 0x506 (ignored)

VERBOSE | GL error while resizing: 0x506 (ignored)

DEBUG   | ColorBuffer 232, 1080x1920, VK_FORMAT_R8G8B8A8_UNORM, Memory [size: 8294400, type: 0, props: 15 / 1]
VERBOSE | GL error while resizing: 0x506 (ignored)

VERBOSE | GL error while resizing: 0x506 (ignored)

INFO         | Destroyed VkDevice:0xcaaf0a000
INFO         | Destroyed VkInstance:0xca871d800 for application:'wgpu' engine:'wgpu-hal'.
DEBUG   | Unregistering VkInstance 0xca871d800, total is 0
VERBOSE | destroyInstanceObjects: Global boxed handles count = 113
VERBOSE | GL error while resizing: 0x506 (ignored)

VERBOSE | GL error while resizing: 0x506 (ignored)

DEBUG   | ColorBuffer 233, 1920x63, VK_FORMAT_R8G8B8A8_UNORM, Memory [size: 491520, type: 0, props: 15 / 1]
VERBOSE | GL error while resizing: 0x506 (ignored)

DEBUG   | ColorBuffer 235, 1920x1080, VK_FORMAT_R8G8B8A8_UNORM, Memory [size: 8294400, type: 0, props: 15 / 1]
VERBOSE | Not enabling VVL for wgpu wgpu-hal
INFO         | Created VkInstance:0xca871d800 for application:'wgpu' engine:'wgpu-hal'.
DEBUG   | Registering VkInstance 0xca871d800 name dev.spinon.bootstrap, total is 1
DEBUG   | ColorBuffer 237, 1920x63, VK_FORMAT_R8G8B8A8_UNORM, Memory [size: 491520, type: 0, props: 15 / 1]
VERBOSE | GL error while resizing: 0x506 (ignored)

DEBUG   | ColorBuffer 239, 1920x63, VK_FORMAT_R8G8B8A8_UNORM, Memory [size: 491520, type: 0, props: 15 / 1]
VERBOSE | GL error while resizing: 0x506 (ignored)

DEBUG   | ColorBuffer 240, 1920x63, VK_FORMAT_R8G8B8A8_UNORM, Memory [size: 491520, type: 0, props: 15 / 1]
INFO         | Created VkDevice:0xcaaf0a000 for application:'wgpu' instance:0xca871d800. ASTC emulation:on CPU decoding:off. Protected memory:off
VERBOSE | GL error while resizing: 0x506 (ignored)

VERBOSE | GL error while resizing: 0x506 (ignored)

DEBUG   | ColorBuffer 241, 1920x63, VK_FORMAT_R8G8B8A8_UNORM, Memory [size: 491520, type: 0, props: 15 / 1]
VERBOSE | GL error while resizing: 0x506 (ignored)

DEBUG   | ColorBuffer 242, 1920x1080, VK_FORMAT_R8G8B8A8_UNORM, Memory [size: 8294400, type: 0, props: 15 / 1]
DEBUG   | ColorBuffer 243, 1920x1080, VK_FORMAT_R8G8B8A8_UNORM, Memory [size: 8294400, type: 0, props: 15 / 1]
DEBUG   | ColorBuffer 244, 1920x1080, VK_FORMAT_R8G8B8A8_UNORM, Memory [size: 8294400, type: 0, props: 15 / 1]
VERBOSE | GL error while resizing: 0x506 (ignored)

DEBUG   | ColorBuffer 245, 1920x1080, VK_FORMAT_R8G8B8A8_UNORM, Memory [size: 8294400, type: 0, props: 15 / 1]
VERBOSE | GL error while resizing: 0x506 (ignored)

VERBOSE | GL error while resizing: 0x506 (ignored)

VERBOSE | GL error while resizing: 0x506 (ignored)

VERBOSE | GL error while resizing: 0x506 (ignored)

VERBOSE | GL error while resizing: 0x506 (ignored)

VERBOSE | GL error while resizing: 0x506 (ignored)

VERBOSE | GL error while resizing: 0x506 (ignored)

VERBOSE | GL error while resizing: 0x506 (ignored)

DEBUG   | ColorBuffer 246, 1920x63, VK_FORMAT_R8G8B8A8_UNORM, Memory [size: 491520, type: 0, props: 15 / 1]
VERBOSE | GL error while resizing: 0x506 (ignored)

VERBOSE | GL error while resizing: 0x506 (ignored)

VERBOSE | GL error while resizing: 0x506 (ignored)

VERBOSE | GL error while resizing: 0x506 (ignored)

VERBOSE | GL error while resizing: 0x506 (ignored)

VERBOSE | GL error while resizing: 0x506 (ignored)

VERBOSE | GL error while resizing: 0x506 (ignored)

VERBOSE | GL error while resizing: 0x506 (ignored)

VERBOSE | GL error while resizing: 0x506 (ignored)

VERBOSE | GL error while resizing: 0x506 (ignored)

VERBOSE | GL error while resizing: 0x506 (ignored)

VERBOSE | GL error while resizing: 0x506 (ignored)

VERBOSE | GL error while resizing: 0x506 (ignored)

VERBOSE | GL error while resizing: 0x506 (ignored)

VERBOSE | GL error while resizing: 0x506 (ignored)

VERBOSE | GL error while resizing: 0x506 (ignored)

VERBOSE | GL error while resizing: 0x506 (ignored)

DEBUG   | Waiting for exit signal RenderThread @0xca883a000
VERBOSE | GL error while resizing: 0x506 (ignored)

VERBOSE | GL error while resizing: 0x506 (ignored)

VERBOSE | GL error while resizing: 0x506 (ignored)

DEBUG   | Waiting for exit signal RenderThread @0xca93b9c00
DEBUG   | Waiting for exit signal RenderThread @0xca93bbc00
DEBUG   | Waiting for exit signal RenderThread @0xca93b9e00
VERBOSE | GL error while resizing: 0x506 (ignored)

INFO         | Destroyed VkDevice:0xcaaf0a000
VERBOSE | GL error while resizing: 0x506 (ignored)

INFO         | Destroyed VkInstance:0xca871d800 for application:'wgpu' engine:'wgpu-hal'.
DEBUG   | Unregistering VkInstance 0xca871d800, total is 0
VERBOSE | destroyInstanceObjects: Global boxed handles count = 134
DEBUG   | ColorBuffer 247, 1920x1080, VK_FORMAT_R8G8B8A8_UNORM, Memory [size: 8294400, type: 0, props: 15 / 1]
DEBUG   | ColorBuffer 249, 1920x1080, VK_FORMAT_R8G8B8A8_UNORM, Memory [size: 8294400, type: 0, props: 15 / 1]
DEBUG   | ColorBuffer 250, 1920x1080, VK_FORMAT_R8G8B8A8_UNORM, Memory [size: 8294400, type: 0, props: 15 / 1]
VERBOSE | GL error while resizing: 0x506 (ignored)

VERBOSE | GL error while resizing: 0x506 (ignored)

VERBOSE | GL error while resizing: 0x506 (ignored)

VERBOSE | GL error while resizing: 0x506 (ignored)

VERBOSE | GL error while resizing: 0x506 (ignored)

DEBUG   | ColorBuffer 251, 1152x648, VK_FORMAT_R8G8B8A8_UNORM, Memory [size: 2985984, type: 0, props: 15 / 1]
VERBOSE | GL error while resizing: 0x506 (ignored)

VERBOSE | GL error while resizing: 0x506 (ignored)

VERBOSE | GL error while resizing: 0x506 (ignored)

VERBOSE | GL error while resizing: 0x506 (ignored)

VERBOSE | GL error while resizing: 0x506 (ignored)

VERBOSE | GL error while resizing: 0x506 (ignored)

VERBOSE | GL error while resizing: 0x506 (ignored)

VERBOSE | GL error while resizing: 0x506 (ignored)

VERBOSE | GL error while resizing: 0x506 (ignored)

VERBOSE | GL error while resizing: 0x506 (ignored)

VERBOSE | GL error while resizing: 0x506 (ignored)

VERBOSE | Created RenderThread. Active RenderThreads: 23
DEBUG   | Exited a RenderThread @0xca883a000
VERBOSE | Destroyed RenderThread. Active RenderThreads: 22
DEBUG   | Exited a RenderThread @0xca883a600
VERBOSE | Destroyed RenderThread. Active RenderThreads: 21
DEBUG   | Exited a RenderThread @0xca93b9c00
VERBOSE | Destroyed RenderThread. Active RenderThreads: 20
DEBUG   | Exited a RenderThread @0xca93b9e00
VERBOSE | Destroyed RenderThread. Active RenderThreads: 19
DEBUG   | Exited a RenderThread @0xca93bbc00
VERBOSE | Destroyed RenderThread. Active RenderThreads: 18
DEBUG   | Started new RenderThread (total 18) @0xca93b9a00
DEBUG   | ColorBuffer 254, 1x1, VK_FORMAT_R8G8B8A8_UNORM, Memory [size: 64, type: 0, props: 15 / 1]
VERBOSE | GL error while resizing: 0x506 (ignored)

VERBOSE | Created RenderThread. Active RenderThreads: 19
DEBUG   | Started new RenderThread (total 19) @0xca93bbc00
VERBOSE | GL error while resizing: 0x506 (ignored)

VERBOSE | GL error while resizing: 0x506 (ignored)

DEBUG   | ColorBuffer 255, 1920x1080, VK_FORMAT_R8G8B8A8_UNORM, Memory [size: 8294400, type: 0, props: 15 / 1]
VERBOSE | GL error while resizing: 0x506 (ignored)

DEBUG   | ColorBuffer 257, 1920x1080, VK_FORMAT_R8G8B8A8_UNORM, Memory [size: 8294400, type: 0, props: 15 / 1]
DEBUG   | ColorBuffer 258, 1920x1080, VK_FORMAT_R8G8B8A8_UNORM, Memory [size: 8294400, type: 0, props: 15 / 1]
VERBOSE | GL error while resizing: 0x506 (ignored)

VERBOSE | GL error while resizing: 0x506 (ignored)

VERBOSE | GL error while resizing: 0x506 (ignored)

VERBOSE | GL error while resizing: 0x506 (ignored)

VERBOSE | GL error while resizing: 0x506 (ignored)

VERBOSE | GL error while resizing: 0x506 (ignored)

VERBOSE | GL error while resizing: 0x506 (ignored)

VERBOSE | GL error while resizing: 0x506 (ignored)

VERBOSE | GL error while resizing: 0x506 (ignored)

VERBOSE | GL error while resizing: 0x506 (ignored)

VERBOSE | GL error while resizing: 0x506 (ignored)

VERBOSE | GL error while resizing: 0x506 (ignored)

VERBOSE | GL error while resizing: 0x506 (ignored)

VERBOSE | GL error while resizing: 0x506 (ignored)

VERBOSE | GL error while resizing: 0x506 (ignored)

VERBOSE | GL error while resizing: 0x506 (ignored)

VERBOSE | GL error while resizing: 0x506 (ignored)

VERBOSE | GL error while resizing: 0x506 (ignored)

VERBOSE | GL error while resizing: 0x506 (ignored)

VERBOSE | GL error while resizing: 0x506 (ignored)

VERBOSE | GL error while resizing: 0x506 (ignored)

DEBUG   | Waiting for exit signal RenderThread @0xca93bbc00
DEBUG   | Waiting for exit signal RenderThread @0xca93b9a00
VERBOSE | GL error while resizing: 0x506 (ignored)

DEBUG   | ColorBuffer 259, 1080x1920, VK_FORMAT_R8G8B8A8_UNORM, Memory [size: 8294400, type: 0, props: 15 / 1]
DEBUG   | ColorBuffer 261, 1080x1920, VK_FORMAT_R8G8B8A8_UNORM, Memory [size: 8294400, type: 0, props: 15 / 1]
DEBUG   | ColorBuffer 262, 1080x1920, VK_FORMAT_R8G8B8A8_UNORM, Memory [size: 8294400, type: 0, props: 15 / 1]
VERBOSE | GL error while resizing: 0x506 (ignored)

DEBUG   | ColorBuffer 263, 1536x864, VK_FORMAT_R8G8B8A8_UNORM, Memory [size: 5308416, type: 0, props: 15 / 1]
VERBOSE | GL error while resizing: 0x506 (ignored)

VERBOSE | GL error while resizing: 0x506 (ignored)

VERBOSE | GL error while resizing: 0x506 (ignored)

VERBOSE | GL error while resizing: 0x506 (ignored)

VERBOSE | GL error while resizing: 0x506 (ignored)

VERBOSE | GL error while resizing: 0x506 (ignored)

VERBOSE | GL error while resizing: 0x506 (ignored)

VERBOSE | GL error while resizing: 0x506 (ignored)

VERBOSE | GL error while resizing: 0x506 (ignored)

VERBOSE | GL error while resizing: 0x506 (ignored)

VERBOSE | GL error while resizing: 0x506 (ignored)

VERBOSE | GL error while resizing: 0x506 (ignored)

VERBOSE | GL error while resizing: 0x506 (ignored)

VERBOSE | GL error while resizing: 0x506 (ignored)

VERBOSE | GL error while resizing: 0x506 (ignored)

VERBOSE | GL error while resizing: 0x506 (ignored)

VERBOSE | GL error while resizing: 0x506 (ignored)

VERBOSE | GL error while resizing: 0x506 (ignored)

VERBOSE | GL error while resizing: 0x506 (ignored)

VERBOSE | GL error while resizing: 0x506 (ignored)

VERBOSE | GL error while resizing: 0x506 (ignored)

VERBOSE | GL error while resizing: 0x506 (ignored)

VERBOSE | GL error while resizing: 0x506 (ignored)

VERBOSE | GL error while resizing: 0x506 (ignored)

VERBOSE | GL error while resizing: 0x506 (ignored)

VERBOSE | GL error while resizing: 0x506 (ignored)

VERBOSE | GL error while resizing: 0x506 (ignored)

VERBOSE | GL error while resizing: 0x506 (ignored)

VERBOSE | GL error while resizing: 0x506 (ignored)

VERBOSE | GL error while resizing: 0x506 (ignored)

VERBOSE | GL error while resizing: 0x506 (ignored)

VERBOSE | GL error while resizing: 0x506 (ignored)

VERBOSE | GL error while resizing: 0x506 (ignored)

VERBOSE | GL error while resizing: 0x506 (ignored)

VERBOSE | GL error while resizing: 0x506 (ignored)

VERBOSE | GL error while resizing: 0x506 (ignored)

VERBOSE | GL error while resizing: 0x506 (ignored)

VERBOSE | GL error while resizing: 0x506 (ignored)

VERBOSE | GL error while resizing: 0x506 (ignored)

VERBOSE | GL error while resizing: 0x506 (ignored)

VERBOSE | GL error while resizing: 0x506 (ignored)

VERBOSE | GL error while resizing: 0x506 (ignored)

VERBOSE | GL error while resizing: 0x506 (ignored)

VERBOSE | GL error while resizing: 0x506 (ignored)

VERBOSE | GL error while resizing: 0x506 (ignored)

VERBOSE | GL error while resizing: 0x506 (ignored)

VERBOSE | GL error while resizing: 0x506 (ignored)

VERBOSE | GL error while resizing: 0x506 (ignored)

VERBOSE | GL error while resizing: 0x506 (ignored)

VERBOSE | GL error while resizing: 0x506 (ignored)

VERBOSE | GL error while resizing: 0x506 (ignored)

VERBOSE | GL error while resizing: 0x506 (ignored)

VERBOSE | GL error while resizing: 0x506 (ignored)

VERBOSE | GL error while resizing: 0x506 (ignored)

VERBOSE | GL error while resizing: 0x506 (ignored)

VERBOSE | GL error while resizing: 0x506 (ignored)

VERBOSE | GL error while resizing: 0x506 (ignored)

VERBOSE | GL error while resizing: 0x506 (ignored)

VERBOSE | GL error while resizing: 0x506 (ignored)

VERBOSE | GL error while resizing: 0x506 (ignored)

VERBOSE | GL error while resizing: 0x506 (ignored)

DEBUG   | ColorBuffer 264, 960x540, VK_FORMAT_R8G8B8A8_UNORM, Memory [size: 2073600, type: 0, props: 15 / 1]
VERBOSE | Created RenderThread. Active RenderThreads: 20
DEBUG   | Exited a RenderThread @0xca93bbc00
VERBOSE | Destroyed RenderThread. Active RenderThreads: 19
DEBUG   | Exited a RenderThread @0xca93b9a00
VERBOSE | Destroyed RenderThread. Active RenderThreads: 18
DEBUG   | Started new RenderThread (total 18) @0xca93bb600
VERBOSE | GL error while resizing: 0x506 (ignored)

DEBUG   | ColorBuffer 267, 1x1, VK_FORMAT_R8G8B8A8_UNORM, Memory [size: 64, type: 0, props: 15 / 1]
VERBOSE | GL error while resizing: 0x506 (ignored)

DEBUG   | ColorBuffer 268, 1080x63, VK_FORMAT_R8G8B8A8_UNORM, Memory [size: 276480, type: 0, props: 15 / 1]
VERBOSE | Created RenderThread. Active RenderThreads: 19
DEBUG   | Started new RenderThread (total 19) @0xca93b9400
VERBOSE | GL error while resizing: 0x506 (ignored)

VERBOSE | GL error while resizing: 0x506 (ignored)

DEBUG   | ColorBuffer 270, 1080x63, VK_FORMAT_R8G8B8A8_UNORM, Memory [size: 276480, type: 0, props: 15 / 1]
VERBOSE | GL error while resizing: 0x506 (ignored)

DEBUG   | ColorBuffer 273, 1080x63, VK_FORMAT_R8G8B8A8_UNORM, Memory [size: 276480, type: 0, props: 15 / 1]
VERBOSE | GL error while resizing: 0x506 (ignored)

VERBOSE | GL error while resizing: 0x506 (ignored)

VERBOSE | GL error while resizing: 0x506 (ignored)

DEBUG   | ColorBuffer 274, 1080x63, VK_FORMAT_R8G8B8A8_UNORM, Memory [size: 276480, type: 0, props: 15 / 1]
VERBOSE | GL error while resizing: 0x506 (ignored)

VERBOSE | GL error while resizing: 0x506 (ignored)

DEBUG   | ColorBuffer 276, 1080x63, VK_FORMAT_R8G8B8A8_UNORM, Memory [size: 276480, type: 0, props: 15 / 1]
VERBOSE | GL error while resizing: 0x506 (ignored)

DEBUG   | ColorBuffer 277, 1080x63, VK_FORMAT_R8G8B8A8_UNORM, Memory [size: 276480, type: 0, props: 15 / 1]
VERBOSE | GL error while resizing: 0x506 (ignored)

VERBOSE | GL error while resizing: 0x506 (ignored)

VERBOSE | GL error while resizing: 0x506 (ignored)

VERBOSE | GL error while resizing: 0x506 (ignored)

VERBOSE | GL error while resizing: 0x506 (ignored)

VERBOSE | GL error while resizing: 0x506 (ignored)

VERBOSE | GL error while resizing: 0x506 (ignored)

VERBOSE | GL error while resizing: 0x506 (ignored)

VERBOSE | GL error while resizing: 0x506 (ignored)

VERBOSE | GL error while resizing: 0x506 (ignored)

VERBOSE | GL error while resizing: 0x506 (ignored)

VERBOSE | GL error while resizing: 0x506 (ignored)

VERBOSE | GL error while resizing: 0x506 (ignored)

VERBOSE | GL error while resizing: 0x506 (ignored)

VERBOSE | GL error while resizing: 0x506 (ignored)

VERBOSE | GL error while resizing: 0x506 (ignored)

VERBOSE | GL error while resizing: 0x506 (ignored)

VERBOSE | GL error while resizing: 0x506 (ignored)

VERBOSE | GL error while resizing: 0x506 (ignored)

VERBOSE | GL error while resizing: 0x506 (ignored)

VERBOSE | GL error while resizing: 0x506 (ignored)

VERBOSE | GL error while resizing: 0x506 (ignored)

VERBOSE | GL error while resizing: 0x506 (ignored)

VERBOSE | GL error while resizing: 0x506 (ignored)

VERBOSE | GL error while resizing: 0x506 (ignored)

DEBUG   | ColorBuffer 278, 1080x1920, VK_FORMAT_R8G8B8A8_UNORM, Memory [size: 8294400, type: 0, props: 15 / 1]
DEBUG   | ColorBuffer 280, 1080x1920, VK_FORMAT_R8G8B8A8_UNORM, Memory [size: 8294400, type: 0, props: 15 / 1]
DEBUG   | ColorBuffer 281, 1080x1920, VK_FORMAT_R8G8B8A8_UNORM, Memory [size: 8294400, type: 0, props: 15 / 1]
VERBOSE | GL error while resizing: 0x506 (ignored)

VERBOSE | GL error while resizing: 0x506 (ignored)

DEBUG   | ColorBuffer 282, 1080x1920, VK_FORMAT_R8G8B8A8_UNORM, Memory [size: 8294400, type: 0, props: 15 / 1]
VERBOSE | GL error while resizing: 0x506 (ignored)

VERBOSE | GL error while resizing: 0x506 (ignored)

VERBOSE | GL error while resizing: 0x506 (ignored)

VERBOSE | GL error while resizing: 0x506 (ignored)

VERBOSE | GL error while resizing: 0x506 (ignored)

VERBOSE | GL error while resizing: 0x506 (ignored)

DEBUG   | ColorBuffer 283, 1920x1080, VK_FORMAT_R8G8B8A8_UNORM, Memory [size: 8294400, type: 0, props: 15 / 1]
DEBUG   | ColorBuffer 285, 1920x1080, VK_FORMAT_R8G8B8A8_UNORM, Memory [size: 8294400, type: 0, props: 15 / 1]
VERBOSE | GL error while resizing: 0x506 (ignored)

DEBUG   | ColorBuffer 286, 1920x1080, VK_FORMAT_R8G8B8A8_UNORM, Memory [size: 8294400, type: 0, props: 15 / 1]
VERBOSE | GL error while resizing: 0x506 (ignored)

VERBOSE | GL error while resizing: 0x506 (ignored)

DEBUG   | ColorBuffer 287, 1920x63, VK_FORMAT_R8G8B8A8_UNORM, Memory [size: 491520, type: 0, props: 15 / 1]
DEBUG   | ColorBuffer 289, 1920x63, VK_FORMAT_R8G8B8A8_UNORM, Memory [size: 491520, type: 0, props: 15 / 1]
VERBOSE | GL error while resizing: 0x506 (ignored)

DEBUG   | ColorBuffer 290, 1920x63, VK_FORMAT_R8G8B8A8_UNORM, Memory [size: 491520, type: 0, props: 15 / 1]
DEBUG   | ColorBuffer 292, 1920x63, VK_FORMAT_R8G8B8A8_UNORM, Memory [size: 491520, type: 0, props: 15 / 1]
VERBOSE | GL error while resizing: 0x506 (ignored)

VERBOSE | GL error while resizing: 0x506 (ignored)

DEBUG   | ColorBuffer 293, 1920x63, VK_FORMAT_R8G8B8A8_UNORM, Memory [size: 491520, type: 0, props: 15 / 1]
VERBOSE | GL error while resizing: 0x506 (ignored)

VERBOSE | Created RenderThread. Active RenderThreads: 20
DEBUG   | Started new RenderThread (total 20) @0xca93bbc00
DEBUG   | ColorBuffer 296, 1x1, VK_FORMAT_R8G8B8A8_UNORM, Memory [size: 64, type: 0, props: 15 / 1]
VERBOSE | GL error while resizing: 0x506 (ignored)

VERBOSE | GL error while resizing: 0x506 (ignored)

VERBOSE | GL error while resizing: 0x506 (ignored)

VERBOSE | GL error while resizing: 0x506 (ignored)

VERBOSE | GL error while resizing: 0x506 (ignored)

VERBOSE | Created RenderThread. Active RenderThreads: 21
DEBUG   | Started new RenderThread (total 21) @0xca93ba600
DEBUG   | ColorBuffer 297, 1920x63, VK_FORMAT_R8G8B8A8_UNORM, Memory [size: 491520, type: 0, props: 15 / 1]
VERBOSE | GL error while resizing: 0x506 (ignored)

DEBUG   | ColorBuffer 298, 1920x1080, VK_FORMAT_R8G8B8A8_UNORM, Memory [size: 8294400, type: 0, props: 15 / 1]
VERBOSE | Created RenderThread. Active RenderThreads: 22
DEBUG   | Started new RenderThread (total 22) @0xca93b9a00
VERBOSE | GL error while resizing: 0x506 (ignored)

VERBOSE | Not enabling VVL for wgpu wgpu-hal
INFO         | Created VkInstance:0xca8546000 for application:'wgpu' engine:'wgpu-hal'.
DEBUG   | Registering VkInstance 0xca8546000 name dev.spinon.bootstrap, total is 1
VERBOSE | GL error while resizing: 0x506 (ignored)

VERBOSE | GL error while resizing: 0x506 (ignored)

VERBOSE | GL error while resizing: 0x506 (ignored)

INFO         | Created VkDevice:0xcaaf0a000 for application:'wgpu' instance:0xca8546000. ASTC emulation:on CPU decoding:off. Protected memory:off
VERBOSE | GL error while resizing: 0x506 (ignored)

DEBUG   | ColorBuffer 300, 1920x1080, VK_FORMAT_R8G8B8A8_UNORM, Memory [size: 8294400, type: 0, props: 15 / 1]
DEBUG   | ColorBuffer 301, 1920x1080, VK_FORMAT_R8G8B8A8_UNORM, Memory [size: 8294400, type: 0, props: 15 / 1]
VERBOSE | GL error while resizing: 0x506 (ignored)

DEBUG   | ColorBuffer 302, 1920x1080, VK_FORMAT_R8G8B8A8_UNORM, Memory [size: 8294400, type: 0, props: 15 / 1]
VERBOSE | GL error while resizing: 0x506 (ignored)

VERBOSE | GL error while resizing: 0x506 (ignored)

DEBUG   | ColorBuffer 303, 1920x1080, VK_FORMAT_R8G8B8A8_UNORM, Memory [size: 8294400, type: 0, props: 15 / 1]
VERBOSE | GL error while resizing: 0x506 (ignored)

VERBOSE | GL error while resizing: 0x506 (ignored)

VERBOSE | GL error while resizing: 0x506 (ignored)

VERBOSE | GL error while resizing: 0x506 (ignored)

VERBOSE | GL error while resizing: 0x506 (ignored)

VERBOSE | GL error while resizing: 0x506 (ignored)

VERBOSE | GL error while resizing: 0x506 (ignored)

VERBOSE | GL error while resizing: 0x506 (ignored)

VERBOSE | GL error while resizing: 0x506 (ignored)

VERBOSE | GL error while resizing: 0x506 (ignored)

VERBOSE | GL error while resizing: 0x506 (ignored)

VERBOSE | GL error while resizing: 0x506 (ignored)

VERBOSE | GL error while resizing: 0x506 (ignored)

VERBOSE | GL error while resizing: 0x506 (ignored)

VERBOSE | GL error while resizing: 0x506 (ignored)

VERBOSE | GL error while resizing: 0x506 (ignored)

VERBOSE | GL error while resizing: 0x506 (ignored)

VERBOSE | GL error while resizing: 0x506 (ignored)

VERBOSE | GL error while resizing: 0x506 (ignored)

VERBOSE | GL error while resizing: 0x506 (ignored)

VERBOSE | GL error while resizing: 0x506 (ignored)

VERBOSE | GL error while resizing: 0x506 (ignored)

VERBOSE | GL error while resizing: 0x506 (ignored)

VERBOSE | GL error while resizing: 0x506 (ignored)

VERBOSE | GL error while resizing: 0x506 (ignored)

VERBOSE | GL error while resizing: 0x506 (ignored)

VERBOSE | GL error while resizing: 0x506 (ignored)

VERBOSE | GL error while resizing: 0x506 (ignored)

VERBOSE | GL error while resizing: 0x506 (ignored)

VERBOSE | GL error while resizing: 0x506 (ignored)

VERBOSE | GL error while resizing: 0x506 (ignored)

VERBOSE | GL error while resizing: 0x506 (ignored)

VERBOSE | GL error while resizing: 0x506 (ignored)

VERBOSE | GL error while resizing: 0x506 (ignored)

VERBOSE | GL error while resizing: 0x506 (ignored)

VERBOSE | GL error while resizing: 0x506 (ignored)

VERBOSE | GL error while resizing: 0x506 (ignored)

VERBOSE | GL error while resizing: 0x506 (ignored)

VERBOSE | GL error while resizing: 0x506 (ignored)

VERBOSE | GL error while resizing: 0x506 (ignored)

VERBOSE | GL error while resizing: 0x506 (ignored)

VERBOSE | GL error while resizing: 0x506 (ignored)

DEBUG   | ColorBuffer 304, 1920x1080, VK_FORMAT_R8G8B8A8_UNORM, Memory [size: 8294400, type: 0, props: 15 / 1]
VERBOSE | GL error while resizing: 0x506 (ignored)

DEBUG   | ColorBuffer 305, 1920x1080, VK_FORMAT_R8G8B8A8_UNORM, Memory [size: 8294400, type: 0, props: 15 / 1]
VERBOSE | GL error while resizing: 0x506 (ignored)

VERBOSE | GL error while resizing: 0x506 (ignored)

VERBOSE | GL error while resizing: 0x506 (ignored)

INFO         | Destroyed VkDevice:0xcaaf0a000
INFO         | Destroyed VkInstance:0xca8546000 for application:'wgpu' engine:'wgpu-hal'.
DEBUG   | Unregistering VkInstance 0xca8546000, total is 0
VERBOSE | destroyInstanceObjects: Global boxed handles count = 147
VERBOSE | GL error while resizing: 0x506 (ignored)

DEBUG   | ColorBuffer 306, 1080x1920, VK_FORMAT_R8G8B8A8_UNORM, Memory [size: 8294400, type: 0, props: 15 / 1]
VERBOSE | Not enabling VVL for wgpu wgpu-hal
DEBUG   | ColorBuffer 308, 1080x63, VK_FORMAT_R8G8B8A8_UNORM, Memory [size: 276480, type: 0, props: 15 / 1]
INFO         | Created VkInstance:0xca8546000 for application:'wgpu' engine:'wgpu-hal'.
DEBUG   | Registering VkInstance 0xca8546000 name dev.spinon.bootstrap, total is 1
VERBOSE | GL error while resizing: 0x506 (ignored)

VERBOSE | GL error while resizing: 0x506 (ignored)

INFO         | Created VkDevice:0xcaaf0a000 for application:'wgpu' instance:0xca8546000. ASTC emulation:on CPU decoding:off. Protected memory:off
DEBUG   | ColorBuffer 310, 1080x63, VK_FORMAT_R8G8B8A8_UNORM, Memory [size: 276480, type: 0, props: 15 / 1]
DEBUG   | ColorBuffer 312, 1080x1920, VK_FORMAT_R8G8B8A8_UNORM, Memory [size: 8294400, type: 0, props: 15 / 1]
DEBUG   | ColorBuffer 313, 1080x1920, VK_FORMAT_R8G8B8A8_UNORM, Memory [size: 8294400, type: 0, props: 15 / 1]
DEBUG   | ColorBuffer 314, 1080x1920, VK_FORMAT_R8G8B8A8_UNORM, Memory [size: 8294400, type: 0, props: 15 / 1]
DEBUG   | ColorBuffer 315, 1080x63, VK_FORMAT_R8G8B8A8_UNORM, Memory [size: 276480, type: 0, props: 15 / 1]
VERBOSE | GL error while resizing: 0x506 (ignored)

DEBUG   | ColorBuffer 316, 1080x63, VK_FORMAT_R8G8B8A8_UNORM, Memory [size: 276480, type: 0, props: 15 / 1]
DEBUG   | ColorBuffer 317, 1080x1920, VK_FORMAT_R8G8B8A8_UNORM, Memory [size: 8294400, type: 0, props: 15 / 1]
VERBOSE | GL error while resizing: 0x506 (ignored)

DEBUG   | ColorBuffer 318, 1080x63, VK_FORMAT_R8G8B8A8_UNORM, Memory [size: 276480, type: 0, props: 15 / 1]
VERBOSE | GL error while resizing: 0x506 (ignored)

VERBOSE | GL error while resizing: 0x506 (ignored)

VERBOSE | GL error while resizing: 0x506 (ignored)

VERBOSE | GL error while resizing: 0x506 (ignored)

VERBOSE | GL error while resizing: 0x506 (ignored)

VERBOSE | GL error while resizing: 0x506 (ignored)

VERBOSE | GL error while resizing: 0x506 (ignored)

VERBOSE | GL error while resizing: 0x506 (ignored)

VERBOSE | GL error while resizing: 0x506 (ignored)

VERBOSE | GL error while resizing: 0x506 (ignored)

VERBOSE | GL error while resizing: 0x506 (ignored)

VERBOSE | GL error while resizing: 0x506 (ignored)

VERBOSE | GL error while resizing: 0x506 (ignored)

VERBOSE | GL error while resizing: 0x506 (ignored)

VERBOSE | GL error while resizing: 0x506 (ignored)

VERBOSE | GL error while resizing: 0x506 (ignored)

VERBOSE | GL error while resizing: 0x506 (ignored)

VERBOSE | GL error while resizing: 0x506 (ignored)

VERBOSE | GL error while resizing: 0x506 (ignored)

VERBOSE | GL error while resizing: 0x506 (ignored)

VERBOSE | GL error while resizing: 0x506 (ignored)

VERBOSE | GL error while resizing: 0x506 (ignored)

VERBOSE | GL error while resizing: 0x506 (ignored)

DEBUG   | ColorBuffer 319, 1080x1920, VK_FORMAT_R8G8B8A8_UNORM, Memory [size: 8294400, type: 0, props: 15 / 1]
VERBOSE | GL error while resizing: 0x506 (ignored)

VERBOSE | GL error while resizing: 0x506 (ignored)

VERBOSE | GL error while resizing: 0x506 (ignored)

VERBOSE | GL error while resizing: 0x506 (ignored)

DEBUG   | Waiting for exit signal RenderThread @0xca93bb600
DEBUG   | ColorBuffer 320, 1080x1920, VK_FORMAT_R8G8B8A8_UNORM, Memory [size: 8294400, type: 0, props: 15 / 1]
VERBOSE | Created RenderThread. Active RenderThreads: 23
DEBUG   | Exited a RenderThread @0xca93bb600
VERBOSE | Destroyed RenderThread. Active RenderThreads: 22
DEBUG   | Started new RenderThread (total 22) @0xca883a200
DEBUG   | Waiting for exit signal RenderThread @0xca883a200
VERBOSE | GL error while resizing: 0x506 (ignored)

VERBOSE | GL error while resizing: 0x506 (ignored)

VERBOSE | GL error while resizing: 0x506 (ignored)

VERBOSE | GL error while resizing: 0x506 (ignored)

VERBOSE | GL error while resizing: 0x506 (ignored)

VERBOSE | GL error while resizing: 0x506 (ignored)

VERBOSE | GL error while resizing: 0x506 (ignored)

VERBOSE | GL error while resizing: 0x506 (ignored)

VERBOSE | GL error while resizing: 0x506 (ignored)

VERBOSE | GL error while resizing: 0x506 (ignored)

VERBOSE | GL error while resizing: 0x506 (ignored)

VERBOSE | GL error while resizing: 0x506 (ignored)

VERBOSE | GL error while resizing: 0x506 (ignored)

VERBOSE | GL error while resizing: 0x506 (ignored)

VERBOSE | GL error while resizing: 0x506 (ignored)

VERBOSE | GL error while resizing: 0x506 (ignored)

VERBOSE | GL error while resizing: 0x506 (ignored)

VERBOSE | GL error while resizing: 0x506 (ignored)

VERBOSE | GL error while resizing: 0x506 (ignored)

VERBOSE | GL error while resizing: 0x506 (ignored)

VERBOSE | GL error while resizing: 0x506 (ignored)

VERBOSE | GL error while resizing: 0x506 (ignored)

VERBOSE | GL error while resizing: 0x506 (ignored)

VERBOSE | GL error while resizing: 0x506 (ignored)

VERBOSE | GL error while resizing: 0x506 (ignored)

VERBOSE | GL error while resizing: 0x506 (ignored)

VERBOSE | GL error while resizing: 0x506 (ignored)

VERBOSE | GL error while resizing: 0x506 (ignored)

VERBOSE | GL error while resizing: 0x506 (ignored)

VERBOSE | GL error while resizing: 0x506 (ignored)

VERBOSE | GL error while resizing: 0x506 (ignored)

VERBOSE | GL error while resizing: 0x506 (ignored)

VERBOSE | GL error while resizing: 0x506 (ignored)

VERBOSE | GL error while resizing: 0x506 (ignored)

VERBOSE | GL error while resizing: 0x506 (ignored)

VERBOSE | GL error while resizing: 0x506 (ignored)

VERBOSE | GL error while resizing: 0x506 (ignored)

VERBOSE | GL error while resizing: 0x506 (ignored)

VERBOSE | GL error while resizing: 0x506 (ignored)

VERBOSE | GL error while resizing: 0x506 (ignored)

VERBOSE | GL error while resizing: 0x506 (ignored)

VERBOSE | GL error while resizing: 0x506 (ignored)

VERBOSE | GL error while resizing: 0x506 (ignored)

VERBOSE | GL error while resizing: 0x506 (ignored)

VERBOSE | GL error while resizing: 0x506 (ignored)

VERBOSE | GL error while resizing: 0x506 (ignored)

VERBOSE | GL error while resizing: 0x506 (ignored)

VERBOSE | GL error while resizing: 0x506 (ignored)

VERBOSE | GL error while resizing: 0x506 (ignored)

VERBOSE | GL error while resizing: 0x506 (ignored)

VERBOSE | GL error while resizing: 0x506 (ignored)

VERBOSE | GL error while resizing: 0x506 (ignored)

VERBOSE | GL error while resizing: 0x506 (ignored)

VERBOSE | GL error while resizing: 0x506 (ignored)

VERBOSE | GL error while resizing: 0x506 (ignored)

VERBOSE | GL error while resizing: 0x506 (ignored)

VERBOSE | GL error while resizing: 0x506 (ignored)

VERBOSE | GL error while resizing: 0x506 (ignored)

VERBOSE | GL error while resizing: 0x506 (ignored)

VERBOSE | GL error while resizing: 0x506 (ignored)

VERBOSE | GL error while resizing: 0x506 (ignored)

